1,2
2,3
3,4
4,5
5,6
6,7
7,8
8,9
9,10
10,11
11,12
12,13
13,14
14,15
15,16
16,17
17,18
18,19
19,20
20,21
21,22
22,23
23,24
24,25
25,26
26,27
27,28
28,29
29,30
30,31
31,32
32,33
33,34
34,35
35,36
36,37
37,38
38,39
39,40
40,41
41,42
42,43
43,44
44,45
45,46
46,47
47,48
48,49
49,50
50,51
51,52
52,53
53,54
54,55
55,56
56,57
57,58
58,59
59,60
60,61
61,62
62,63
63,64
64,65
65,66
66,67
67,68
68,69
69,70
70,71
71,72
72,73
73,74
74,75
75,76
76,77
77,78
78,79
79,80
80,81
81,82
82,83
83,84
84,85
85,86
86,87
87,88
88,89
89,90
90,91
91,92
92,93
93,94
94,95
95,96
96,97
97,98
98,99
99,100
100,101
101,102
102,103
103,104
104,105
105,106
106,107
107,108
108,109
109,110
110,111
111,112
112,113
113,114
114,115
115,116
116,117
117,118
118,119
119,120
120,121
121,122
122,123
123,124
124,125
125,126
126,127
127,128
128,129
129,130
130,131
131,132
132,133
133,134
134,135
135,136
136,137
137,138
138,139
139,140
140,141
141,142
142,143
143,144
144,145
145,146
146,147
147,148
148,149
149,150
150,151
151,152
152,153
153,154
154,155
155,156
156,157
157,158
158,159
159,160
160,161
161,162
162,163
163,164
164,165
165,166
166,167
167,168
168,169
169,170
170,171
171,172
172,173
173,174
174,175
175,176
176,177
177,178
178,179
179,180
180,181
181,182
182,183
183,184
184,185
185,186
186,187
187,188
188,189
189,190
190,191
191,192
192,193
193,194
194,195
195,196
196,197
197,198
198,199
199,200
200,201
201,202
202,203
203,204
204,205
205,206
206,207
207,208
208,209
209,210
210,211
211,212
212,213
213,214
214,215
215,216
216,217
217,218
218,219
219,220
220,221
221,222
222,223
223,224
224,225
225,226
226,227
227,228
228,229
229,230
230,231
231,232
232,233
233,234
234,235
235,236
236,237
237,238
238,239
239,240
240,241
241,242
242,243
243,244
244,245
245,246
246,247
247,248
248,249
249,250
250,251
251,252
252,253
253,254
254,255
255,256
256,257
257,258
258,259
259,260
260,261
261,262
262,263
263,264
264,265
265,266
266,267
267,268
268,269
269,270
270,271
271,272
272,273
273,274
274,275
275,276
276,277
277,278
278,279
279,280
280,281
281,282
282,283
283,284
284,285
285,286
286,287
287,288
288,289
289,290
290,291
291,292
292,293
293,294
294,295
295,296
296,297
297,298
298,299
299,300
300,301
301,302
302,303
303,304
304,305
305,306
306,307
307,308
308,309
309,310
310,311
311,312
312,313
313,314
314,315
315,316
316,317
317,318
318,319
319,320
320,321
321,322
322,323
323,324
324,325
325,326
326,327
327,328
328,329
329,330
330,331
331,332
332,333
333,334
334,335
335,336
336,337
337,338
338,339
339,340
340,341
341,342
342,343
343,344
344,345
345,346
346,347
347,348
348,349
349,350
350,351
351,352
352,353
353,354
354,355
355,356
356,357
357,358
358,359
359,360
360,361
361,362
362,363
363,364
364,365
365,366
366,367
367,368
368,369
369,370
370,371
371,372
372,373
373,374
374,375
375,376
376,377
377,378
378,379
379,380
380,381
381,382
382,383
383,384
384,385
385,386
386,387
387,388
388,389
389,390
390,391
391,392
392,393
393,394
394,395
395,396
396,397
397,398
398,399
399,400
400,401
401,402
402,403
403,404
404,405
405,406
406,407
407,408
408,409
409,410
410,411
411,412
412,413
413,414
414,415
415,416
416,417
417,418
418,419
419,420
420,421
421,422
422,423
423,424
424,425
425,426
426,427
427,428
428,429
429,430
430,431
431,432
432,433
433,434
434,435
435,436
436,437
437,438
438,439
439,440
440,441
441,442
442,443
443,444
444,445
445,446
446,447
447,448
448,449
449,450
450,451
451,452
452,453
453,454
454,455
455,456
456,457
457,458
458,459
459,460
460,461
461,462
462,463
463,464
464,465
465,466
466,467
467,468
468,469
469,470
470,471
471,472
472,473
473,474
474,475
475,476
476,477
477,478
478,479
479,480
480,481
481,482
482,483
483,484
484,485
485,486
486,487
487,488
488,489
489,490
490,491
491,492
492,493
493,494
494,495
495,496
496,497
497,498
498,499
499,500
500,501
501,502
502,503
503,504
504,505
505,506
506,507
507,508
508,509
509,510
510,511
511,512
512,513
513,514
514,515
515,516
516,517
517,518
518,519
519,520
520,521
521,522
522,523
523,524
524,525
525,526
526,527
527,528
528,529
529,530
530,531
531,532
532,533
533,534
534,535
535,536
536,537
537,538
538,539
539,540
540,541
541,542
542,543
543,544
544,545
545,546
546,547
547,548
548,549
549,550
550,551
551,552
552,553
553,554
554,555
555,556
556,557
557,558
558,559
559,560
560,561
561,562
562,563
563,564
564,565
565,566
566,567
567,568
568,569
569,570
570,571
571,572
572,573
573,574
574,575
575,576
576,577
577,578
578,579
579,580
580,581
581,582
582,583
583,584
584,585
585,586
586,587
587,588
588,589
589,590
590,591
591,592
592,593
593,594
594,595
595,596
596,597
597,598
598,599
599,600
600,601
601,602
602,603
603,604
604,605
605,606
606,607
607,608
608,609
609,610
610,611
611,612
612,613
613,614
614,615
615,616
616,617
617,618
618,619
619,620
620,621
621,622
622,623
623,624
624,625
625,626
626,627
627,628
628,629
629,630
630,631
631,632
632,633
633,634
634,635
635,636
636,637
637,638
638,639
639,640
640,641
641,642
642,643
643,644
644,645
645,646
646,647
647,648
648,649
649,650
650,651
651,652
652,653
653,654
654,655
655,656
656,657
657,658
658,659
659,660
660,661
661,662
662,663
663,664
664,665
665,666
666,667
667,668
668,669
669,670
670,671
671,672
672,673
673,674
674,675
675,676
676,677
677,678
678,679
679,680
680,681
681,682
682,683
683,684
684,685
685,686
686,687
687,688
688,689
689,690
690,691
691,692
692,693
693,694
694,695
695,696
696,697
697,698
698,699
699,700
700,701
701,702
702,703
703,704
704,705
705,706
706,707
707,708
708,709
709,710
710,711
711,712
712,713
713,714
714,715
715,716
716,717
717,718
718,719
719,720
720,721
721,722
722,723
723,724
724,725
725,726
726,727
727,728
728,729
729,730
730,731
731,732
732,733
733,734
734,735
735,736
736,737
737,738
738,739
739,740
740,741
741,742
742,743
743,744
744,745
745,746
746,747
747,748
748,749
749,750
750,751
751,752
752,753
753,754
754,755
755,756
756,757
757,758
758,759
759,760
760,761
761,762
762,763
763,764
764,765
765,766
766,767
767,768
768,769
769,770
770,771
771,772
772,773
773,774
774,775
775,776
776,777
777,778
778,779
779,780
780,781
781,782
782,783
783,784
784,785
785,786
786,787
787,788
788,789
789,790
790,791
791,792
792,793
793,794
794,795
795,796
796,797
797,798
798,799
799,800
800,801
801,802
802,803
803,804
804,805
805,806
806,807
807,808
808,809
809,810
810,811
811,812
812,813
813,814
814,815
815,816
816,817
817,818
818,819
819,820
820,821
821,822
822,823
823,824
824,825
825,826
826,827
827,828
828,829
829,830
830,831
831,832
832,833
833,834
834,835
835,836
836,837
837,838
838,839
839,840
840,841
841,842
842,843
843,844
844,845
845,846
846,847
847,848
848,849
849,850
850,851
851,852
852,853
853,854
854,855
855,856
856,857
857,858
858,859
859,860
860,861
861,862
862,863
863,864
864,865
865,866
866,867
867,868
868,869
869,870
870,871
871,872
872,873
873,874
874,875
875,876
876,877
877,878
878,879
879,880
880,881
881,882
882,883
883,884
884,885
885,886
886,887
887,888
888,889
889,890
890,891
891,892
892,893
893,894
894,895
895,896
896,897
897,898
898,899
899,900
900,901
901,902
902,903
903,904
904,905
905,906
906,907
907,908
908,909
909,910
910,911
911,912
912,913
913,914
914,915
915,916
916,917
917,918
918,919
919,920
920,921
921,922
922,923
923,924
924,925
925,926
926,927
927,928
928,929
929,930
930,931
931,932
932,933
933,934
934,935
935,936
936,937
937,938
938,939
939,940
940,941
941,942
942,943
943,944
944,945
945,946
946,947
947,948
948,949
949,950
950,951
951,952
952,953
953,954
954,955
955,956
956,957
957,958
958,959
959,960
960,961
961,962
962,963
963,964
964,965
965,966
966,967
967,968
968,969
969,970
970,971
971,972
972,973
973,974
974,975
975,976
976,977
977,978
978,979
979,980
980,981
981,982
982,983
983,984
984,985
985,986
986,987
987,988
988,989
989,990
990,991
991,992
992,993
993,994
994,995
995,996
996,997
997,998
998,999
999,1000
1000,1001
1001,1002
1002,1003
1003,1004
1004,1005
1005,1006
1006,1007
1007,1008
1008,1009
1009,1010
1010,1011
1011,1012
1012,1013
1013,1014
1014,1015
1015,1016
1016,1017
1017,1018
1018,1019
1019,1020
1020,1021
1021,1022
1022,1023
1023,1024
1024,1025
1025,1026
1026,1027
1027,1028
1028,1029
1029,1030
1030,1031
1031,1032
1032,1033
1033,1034
1034,1035
1035,1036
1036,1037
1037,1038
1038,1039
1039,1040
1040,1041
1041,1042
1042,1043
1043,1044
1044,1045
1045,1046
1046,1047
1047,1048
1048,1049
1049,1050
1050,1051
1051,1052
1052,1053
1053,1054
1054,1055
1055,1056
1056,1057
1057,1058
1058,1059
1059,1060
1060,1061
1061,1062
1062,1063
1063,1064
1064,1065
1065,1066
1066,1067
1067,1068
1068,1069
1069,1070
1070,1071
1071,1072
1072,1073
1073,1074
1074,1075
1075,1076
1076,1077
1077,1078
1078,1079
1079,1080
1080,1081
1081,1082
1082,1083
1083,1084
1084,1085
1085,1086
1086,1087
1087,1088
1088,1089
1089,1090
1090,1091
1091,1092
1092,1093
1093,1094
1094,1095
1095,1096
1096,1097
1097,1098
1098,1099
1099,1100
1100,1101
1101,1102
1102,1103
1103,1104
1104,1105
1105,1106
1106,1107
1107,1108
1108,1109
1109,1110
1110,1111
1111,1112
1112,1113
1113,1114
1114,1115
1115,1116
1116,1117
1117,1118
1118,1119
1119,1120
1120,1121
1121,1122
1122,1123
1123,1124
1124,1125
1125,1126
1126,1127
1127,1128
1128,1129
1129,1130
1130,1131
1131,1132
1132,1133
1133,1134
1134,1135
1135,1136
1136,1137
1137,1138
1138,1139
1139,1140
1140,1141
1141,1142
1142,1143
1143,1144
1144,1145
1145,1146
1146,1147
1147,1148
1148,1149
1149,1150
1150,1151
1151,1152
1152,1153
1153,1154
1154,1155
1155,1156
1156,1157
1157,1158
1158,1159
1159,1160
1160,1161
1161,1162
1162,1163
1163,1164
1164,1165
1165,1166
1166,1167
1167,1168
1168,1169
1169,1170
1170,1171
1171,1172
1172,1173
1173,1174
1174,1175
1175,1176
1176,1177
1177,1178
1178,1179
1179,1180
1180,1181
1181,1182
1182,1183
1183,1184
1184,1185
1185,1186
1186,1187
1187,1188
1188,1189
1189,1190
1190,1191
1191,1192
1192,1193
1193,1194
1194,1195
1195,1196
1196,1197
1197,1198
1198,1199
1199,1200
1200,1201
1201,1202
1202,1203
1203,1204
1204,1205
1205,1206
1206,1207
1207,1208
1208,1209
1209,1210
1210,1211
1211,1212
1212,1213
1213,1214
1214,1215
1215,1216
1216,1217
1217,1218
1218,1219
1219,1220
1220,1221
1221,1222
1222,1223
1223,1224
1224,1225
1225,1226
1226,1227
1227,1228
1228,1229
1229,1230
1230,1231
1231,1232
1232,1233
1233,1234
1234,1235
1235,1236
1236,1237
1237,1238
1238,1239
1239,1240
1240,1241
1241,1242
1242,1243
1243,1244
1244,1245
1245,1246
1246,1247
1247,1248
1248,1249
1249,1250
1250,1251
1251,1252
1252,1253
1253,1254
1254,1255
1255,1256
1256,1257
1257,1258
1258,1259
1259,1260
1260,1261
1261,1262
1262,1263
1263,1264
1264,1265
1265,1266
1266,1267
1267,1268
1268,1269
1269,1270
1270,1271
1271,1272
1272,1273
1273,1274
1274,1275
1275,1276
1276,1277
1277,1278
1278,1279
1279,1280
1280,1281
1281,1282
1282,1283
1283,1284
1284,1285
1285,1286
1286,1287
1287,1288
1288,1289
1289,1290
1290,1291
1291,1292
1292,1293
1293,1294
1294,1295
1295,1296
1296,1297
1297,1298
1298,1299
1299,1300
1300,1301
1301,1302
1302,1303
1303,1304
1304,1305
1305,1306
1306,1307
1307,1308
1308,1309
1309,1310
1310,1311
1311,1312
1312,1313
1313,1314
1314,1315
1315,1316
1316,1317
1317,1318
1318,1319
1319,1320
1320,1321
1321,1322
1322,1323
1323,1324
1324,1325
1325,1326
1326,1327
1327,1328
1328,1329
1329,1330
1330,1331
1331,1332
1332,1333
1333,1334
1334,1335
1335,1336
1336,1337
1337,1338
1338,1339
1339,1340
1340,1341
1341,1342
1342,1343
1343,1344
1344,1345
1345,1346
1346,1347
1347,1348
1348,1349
1349,1350
1350,1351
1351,1352
1352,1353
1353,1354
1354,1355
1355,1356
1356,1357
1357,1358
1358,1359
1359,1360
1360,1361
1361,1362
1362,1363
1363,1364
1364,1365
1365,1366
1366,1367
1367,1368
1368,1369
1369,1370
1370,1371
1371,1372
1372,1373
1373,1374
1374,1375
1375,1376
1376,1377
1377,1378
1378,1379
1379,1380
1380,1381
1381,1382
1382,1383
1383,1384
1384,1385
1385,1386
1386,1387
1387,1388
1388,1389
1389,1390
1390,1391
1391,1392
1392,1393
1393,1394
1394,1395
1395,1396
1396,1397
1397,1398
1398,1399
1399,1400
1400,1401
1401,1402
1402,1403
1403,1404
1404,1405
1405,1406
1406,1407
1407,1408
1408,1409
1409,1410
1410,1411
1411,1412
1412,1413
1413,1414
1414,1415
1415,1416
1416,1417
1417,1418
1418,1419
1419,1420
1420,1421
1421,1422
1422,1423
1423,1424
1424,1425
1425,1426
1426,1427
1427,1428
1428,1429
1429,1430
1430,1431
1431,1432
1432,1433
1433,1434
1434,1435
1435,1436
1436,1437
1437,1438
1438,1439
1439,1440
1440,1441
1441,1442
1442,1443
1443,1444
1444,1445
1445,1446
1446,1447
1447,1448
1448,1449
1449,1450
1450,1451
1451,1452
1452,1453
1453,1454
1454,1455
1455,1456
1456,1457
1457,1458
1458,1459
1459,1460
1460,1461
1461,1462
1462,1463
1463,1464
1464,1465
1465,1466
1466,1467
1467,1468
1468,1469
1469,1470
1470,1471
1471,1472
1472,1473
1473,1474
1474,1475
1475,1476
1476,1477
1477,1478
1478,1479
1479,1480
1480,1481
1481,1482
1482,1483
1483,1484
1484,1485
1485,1486
1486,1487
1487,1488
1488,1489
1489,1490
1490,1491
1491,1492
1492,1493
1493,1494
1494,1495
1495,1496
1496,1497
1497,1498
1498,1499
1499,1500
1500,1501
1501,1502
1502,1503
1503,1504
1504,1505
1505,1506
1506,1507
1507,1508
1508,1509
1509,1510
1510,1511
1511,1512
1512,1513
1513,1514
1514,1515
1515,1516
1516,1517
1517,1518
1518,1519
1519,1520
1520,1521
1521,1522
1522,1523
1523,1524
1524,1525
1525,1526
1526,1527
1527,1528
1528,1529
1529,1530
1530,1531
1531,1532
1532,1533
1533,1534
1534,1535
1535,1536
1536,1537
1537,1538
1538,1539
1539,1540
1540,1541
1541,1542
1542,1543
1543,1544
1544,1545
1545,1546
1546,1547
1547,1548
1548,1549
1549,1550
1550,1551
1551,1552
1552,1553
1553,1554
1554,1555
1555,1556
1556,1557
1557,1558
1558,1559
1559,1560
1560,1561
1561,1562
1562,1563
1563,1564
1564,1565
1565,1566
1566,1567
1567,1568
1568,1569
1569,1570
1570,1571
1571,1572
1572,1573
1573,1574
1574,1575
1575,1576
1576,1577
1577,1578
1578,1579
1579,1580
1580,1581
1581,1582
1582,1583
1583,1584
1584,1585
1585,1586
1586,1587
1587,1588
1588,1589
1589,1590
1590,1591
1591,1592
1592,1593
1593,1594
1594,1595
1595,1596
1596,1597
1597,1598
1598,1599
1599,1600
1600,1601
1601,1602
1602,1603
1603,1604
1604,1605
1605,1606
1606,1607
1607,1608
1608,1609
1609,1610
1610,1611
1611,1612
1612,1613
1613,1614
1614,1615
1615,1616
1616,1617
1617,1618
1618,1619
1619,1620
1620,1621
1621,1622
1622,1623
1623,1624
1624,1625
1625,1626
1626,1627
1627,1628
1628,1629
1629,1630
1630,1631
1631,1632
1632,1633
1633,1634
1634,1635
1635,1636
1636,1637
1637,1638
1638,1639
1639,1640
1640,1641
1641,1642
1642,1643
1643,1644
1644,1645
1645,1646
1646,1647
1647,1648
1648,1649
1649,1650
1650,1651
1651,1652
1652,1653
1653,1654
1654,1655
1655,1656
1656,1657
1657,1658
1658,1659
1659,1660
1660,1661
1661,1662
1662,1663
1663,1664
1664,1665
1665,1666
1666,1667
1667,1668
1668,1669
1669,1670
1670,1671
1671,1672
1672,1673
1673,1674
1674,1675
1675,1676
1676,1677
1677,1678
1678,1679
1679,1680
1680,1681
1681,1682
1682,1683
1683,1684
1684,1685
1685,1686
1686,1687
1687,1688
1688,1689
1689,1690
1690,1691
1691,1692
1692,1693
1693,1694
1694,1695
1695,1696
1696,1697
1697,1698
1698,1699
1699,1700
1700,1701
1701,1702
1702,1703
1703,1704
1704,1705
1705,1706
1706,1707
1707,1708
1708,1709
1709,1710
1710,1711
1711,1712
1712,1713
1713,1714
1714,1715
1715,1716
1716,1717
1717,1718
1718,1719
1719,1720
1720,1721
1721,1722
1722,1723
1723,1724
1724,1725
1725,1726
1726,1727
1727,1728
1728,1729
1729,1730
1730,1731
1731,1732
1732,1733
1733,1734
1734,1735
1735,1736
1736,1737
1737,1738
1738,1739
1739,1740
1740,1741
1741,1742
1742,1743
1743,1744
1744,1745
1745,1746
1746,1747
1747,1748
1748,1749
1749,1750
1750,1751
1751,1752
1752,1753
1753,1754
1754,1755
1755,1756
1756,1757
1757,1758
1758,1759
1759,1760
1760,1761
1761,1762
1762,1763
1763,1764
1764,1765
1765,1766
1766,1767
1767,1768
1768,1769
1769,1770
1770,1771
1771,1772
1772,1773
1773,1774
1774,1775
1775,1776
1776,1777
1777,1778
1778,1779
1779,1780
1780,1781
1781,1782
1782,1783
1783,1784
1784,1785
1785,1786
1786,1787
1787,1788
1788,1789
1789,1790
1790,1791
1791,1792
1792,1793
1793,1794
1794,1795
1795,1796
1796,1797
1797,1798
1798,1799
1799,1800
1800,1801
1801,1802
1802,1803
1803,1804
1804,1805
1805,1806
1806,1807
1807,1808
1808,1809
1809,1810
1810,1811
1811,1812
1812,1813
1813,1814
1814,1815
1815,1816
1816,1817
1817,1818
1818,1819
1819,1820
1820,1821
1821,1822
1822,1823
1823,1824
1824,1825
1825,1826
1826,1827
1827,1828
1828,1829
1829,1830
1830,1831
1831,1832
1832,1833
1833,1834
1834,1835
1835,1836
1836,1837
1837,1838
1838,1839
1839,1840
1840,1841
1841,1842
1842,1843
1843,1844
1844,1845
1845,1846
1846,1847
1847,1848
1848,1849
1849,1850
1850,1851
1851,1852
1852,1853
1853,1854
1854,1855
1855,1856
1856,1857
1857,1858
1858,1859
1859,1860
1860,1861
1861,1862
1862,1863
1863,1864
1864,1865
1865,1866
1866,1867
1867,1868
1868,1869
1869,1870
1870,1871
1871,1872
1872,1873
1873,1874
1874,1875
1875,1876
1876,1877
1877,1878
1878,1879
1879,1880
1880,1881
1881,1882
1882,1883
1883,1884
1884,1885
1885,1886
1886,1887
1887,1888
1888,1889
1889,1890
1890,1891
1891,1892
1892,1893
1893,1894
1894,1895
1895,1896
1896,1897
1897,1898
1898,1899
1899,1900
1900,1901
1901,1902
1902,1903
1903,1904
1904,1905
1905,1906
1906,1907
1907,1908
1908,1909
1909,1910
1910,1911
1911,1912
1912,1913
1913,1914
1914,1915
1915,1916
1916,1917
1917,1918
1918,1919
1919,1920
1920,1921
1921,1922
1922,1923
1923,1924
1924,1925
1925,1926
1926,1927
1927,1928
1928,1929
1929,1930
1930,1931
1931,1932
1932,1933
1933,1934
1934,1935
1935,1936
1936,1937
1937,1938
1938,1939
1939,1940
1940,1941
1941,1942
1942,1943
1943,1944
1944,1945
1945,1946
1946,1947
1947,1948
1948,1949
1949,1950
1950,1951
1951,1952
1952,1953
1953,1954
1954,1955
1955,1956
1956,1957
1957,1958
1958,1959
1959,1960
1960,1961
1961,1962
1962,1963
1963,1964
1964,1965
1965,1966
1966,1967
1967,1968
1968,1969
1969,1970
1970,1971
1971,1972
1972,1973
1973,1974
1974,1975
1975,1976
1976,1977
1977,1978
1978,1979
1979,1980
1980,1981
1981,1982
1982,1983
1983,1984
1984,1985
1985,1986
1986,1987
1987,1988
1988,1989
1989,1990
1990,1991
1991,1992
1992,1993
1993,1994
1994,1995
1995,1996
1996,1997
1997,1998
1998,1999
1999,2000
2000,2001
2001,2002
2002,2003
2003,2004
2004,2005
2005,2006
2006,2007
2007,2008
2008,2009
2009,2010
2010,2011
2011,2012
2012,2013
2013,2014
2014,2015
2015,2016
2016,2017
2017,2018
2018,2019
2019,2020
2020,2021
2021,2022
2022,2023
2023,2024
2024,2025
2025,2026
2026,2027
2027,2028
2028,2029
2029,2030
2030,2031
2031,2032
2032,2033
2033,2034
2034,2035
2035,2036
2036,2037
2037,2038
2038,2039
2039,2040
2040,2041
2041,2042
2042,2043
2043,2044
2044,2045
2045,2046
2046,2047
2047,2048
2048,2049
2049,2050
2050,2051
2051,2052
2052,2053
2053,2054
2054,2055
2055,2056
2056,2057
2057,2058
2058,2059
2059,2060
2060,2061
2061,2062
2062,2063
2063,2064
2064,2065
2065,2066
2066,2067
2067,2068
2068,2069
2069,2070
2070,2071
2071,2072
2072,2073
2073,2074
2074,2075
2075,2076
2076,2077
2077,2078
2078,2079
2079,2080
2080,2081
2081,2082
2082,2083
2083,2084
2084,2085
2085,2086
2086,2087
2087,2088
2088,2089
2089,2090
2090,2091
2091,2092
2092,2093
2093,2094
2094,2095
2095,2096
2096,2097
2097,2098
2098,2099
2099,2100
2100,2101
2101,2102
2102,2103
2103,2104
2104,2105
2105,2106
2106,2107
2107,2108
2108,2109
2109,2110
2110,2111
2111,2112
2112,2113
2113,2114
2114,2115
2115,2116
2116,2117
2117,2118
2118,2119
2119,2120
2120,2121
2121,2122
2122,2123
2123,2124
2124,2125
2125,2126
2126,2127
2127,2128
2128,2129
2129,2130
2130,2131
2131,2132
2132,2133
2133,2134
2134,2135
2135,2136
2136,2137
2137,2138
2138,2139
2139,2140
2140,2141
2141,2142
2142,2143
2143,2144
2144,2145
2145,2146
2146,2147
2147,2148
2148,2149
2149,2150
2150,2151
2151,2152
2152,2153
2153,2154
2154,2155
2155,2156
2156,2157
2157,2158
2158,2159
2159,2160
2160,2161
2161,2162
2162,2163
2163,2164
2164,2165
2165,2166
2166,2167
2167,2168
2168,2169
2169,2170
2170,2171
2171,2172
2172,2173
2173,2174
2174,2175
2175,2176
2176,2177
2177,2178
2178,2179
2179,2180
2180,2181
2181,2182
2182,2183
2183,2184
2184,2185
2185,2186
2186,2187
2187,2188
2188,2189
2189,2190
2190,2191
2191,2192
2192,2193
2193,2194
2194,2195
2195,2196
2196,2197
2197,2198
2198,2199
2199,2200
2200,2201
2201,2202
2202,2203
2203,2204
2204,2205
2205,2206
2206,2207
2207,2208
2208,2209
2209,2210
2210,2211
2211,2212
2212,2213
2213,2214
2214,2215
2215,2216
2216,2217
2217,2218
2218,2219
2219,2220
2220,2221
2221,2222
2222,2223
2223,2224
2224,2225
2225,2226
2226,2227
2227,2228
2228,2229
2229,2230
2230,2231
2231,2232
2232,2233
2233,2234
2234,2235
2235,2236
2236,2237
2237,2238
2238,2239
2239,2240
2240,2241
2241,2242
2242,2243
2243,2244
2244,2245
2245,2246
2246,2247
2247,2248
2248,2249
2249,2250
2250,2251
2251,2252
2252,2253
2253,2254
2254,2255
2255,2256
2256,2257
2257,2258
2258,2259
2259,2260
2260,2261
2261,2262
2262,2263
2263,2264
2264,2265
2265,2266
2266,2267
2267,2268
2268,2269
2269,2270
2270,2271
2271,2272
2272,2273
2273,2274
2274,2275
2275,2276
2276,2277
2277,2278
2278,2279
2279,2280
2280,2281
2281,2282
2282,2283
2283,2284
2284,2285
2285,2286
2286,2287
2287,2288
2288,2289
2289,2290
2290,2291
2291,2292
2292,2293
2293,2294
2294,2295
2295,2296
2296,2297
2297,2298
2298,2299
2299,2300
2300,2301
2301,2302
2302,2303
2303,2304
2304,2305
2305,2306
2306,2307
2307,2308
2308,2309
2309,2310
2310,2311
2311,2312
2312,2313
2313,2314
2314,2315
2315,2316
2316,2317
2317,2318
2318,2319
2319,2320
2320,2321
2321,2322
2322,2323
2323,2324
2324,2325
2325,2326
2326,2327
2327,2328
2328,2329
2329,2330
2330,2331
2331,2332
2332,2333
2333,2334
2334,2335
2335,2336
2336,2337
2337,2338
2338,2339
2339,2340
2340,2341
2341,2342
2342,2343
2343,2344
2344,2345
2345,2346
2346,2347
2347,2348
2348,2349
2349,2350
2350,2351
2351,2352
2352,2353
2353,2354
2354,2355
2355,2356
2356,2357
2357,2358
2358,2359
2359,2360
2360,2361
2361,2362
2362,2363
2363,2364
2364,2365
2365,2366
2366,2367
2367,2368
2368,2369
2369,2370
2370,2371
2371,2372
2372,2373
2373,2374
2374,2375
2375,2376
2376,2377
2377,2378
2378,2379
2379,2380
2380,2381
2381,2382
2382,2383
2383,2384
2384,2385
2385,2386
2386,2387
2387,2388
2388,2389
2389,2390
2390,2391
2391,2392
2392,2393
2393,2394
2394,2395
2395,2396
2396,2397
2397,2398
2398,2399
2399,2400
2400,2401
2401,2402
2402,2403
2403,2404
2404,2405
2405,2406
2406,2407
2407,2408
2408,2409
2409,2410
2410,2411
2411,2412
2412,2413
2413,2414
2414,2415
2415,2416
2416,2417
2417,2418
2418,2419
2419,2420
2420,2421
2421,2422
2422,2423
2423,2424
2424,2425
2425,2426
2426,2427
2427,2428
2428,2429
2429,2430
2430,2431
2431,2432
2432,2433
2433,2434
2434,2435
2435,2436
2436,2437
2437,2438
2438,2439
2439,2440
2440,2441
2441,2442
2442,2443
2443,2444
2444,2445
2445,2446
2446,2447
2447,2448
2448,2449
2449,2450
2450,2451
2451,2452
2452,2453
2453,2454
2454,2455
2455,2456
2456,2457
2457,2458
2458,2459
2459,2460
2460,2461
2461,2462
2462,2463
2463,2464
2464,2465
2465,2466
2466,2467
2467,2468
2468,2469
2469,2470
2470,2471
2471,2472
2472,2473
2473,2474
2474,2475
2475,2476
2476,2477
2477,2478
2478,2479
2479,2480
2480,2481
2481,2482
2482,2483
2483,2484
2484,2485
2485,2486
2486,2487
2487,2488
2488,2489
2489,2490
2490,2491
2491,2492
2492,2493
2493,2494
2494,2495
2495,2496
2496,2497
2497,2498
2498,2499
2499,2500
2500,2501
2501,2502
2502,2503
2503,2504
2504,2505
2505,2506
2506,2507
2507,2508
2508,2509
2509,2510
2510,2511
2511,2512
2512,2513
2513,2514
2514,2515
2515,2516
2516,2517
2517,2518
2518,2519
2519,2520
2520,2521
2521,2522
2522,2523
2523,2524
2524,2525
2525,2526
2526,2527
2527,2528
2528,2529
2529,2530
2530,2531
2531,2532
2532,2533
2533,2534
2534,2535
2535,2536
2536,2537
2537,2538
2538,2539
2539,2540
2540,2541
2541,2542
2542,2543
2543,2544
2544,2545
2545,2546
2546,2547
2547,2548
2548,2549
2549,2550
2550,2551
2551,2552
2552,2553
2553,2554
2554,2555
2555,2556
2556,2557
2557,2558
2558,2559
2559,2560
2560,2561
2561,2562
2562,2563
2563,2564
2564,2565
2565,2566
2566,2567
2567,2568
2568,2569
2569,2570
2570,2571
2571,2572
2572,2573
2573,2574
2574,2575
2575,2576
2576,2577
2577,2578
2578,2579
2579,2580
2580,2581
2581,2582
2582,2583
2583,2584
2584,2585
2585,2586
2586,2587
2587,2588
2588,2589
2589,2590
2590,2591
2591,2592
2592,2593
2593,2594
2594,2595
2595,2596
2596,2597
2597,2598
2598,2599
2599,2600
2600,2601
2601,2602
2602,2603
2603,2604
2604,2605
2605,2606
2606,2607
2607,2608
2608,2609
2609,2610
2610,2611
2611,2612
2612,2613
2613,2614
2614,2615
2615,2616
2616,2617
2617,2618
2618,2619
2619,2620
2620,2621
2621,2622
2622,2623
2623,2624
2624,2625
2625,2626
2626,2627
2627,2628
2628,2629
2629,2630
2630,2631
2631,2632
2632,2633
2633,2634
2634,2635
2635,2636
2636,2637
2637,2638
2638,2639
2639,2640
2640,2641
2641,2642
2642,2643
2643,2644
2644,2645
2645,2646
2646,2647
2647,2648
2648,2649
2649,2650
2650,2651
2651,2652
2652,2653
2653,2654
2654,2655
2655,2656
2656,2657
2657,2658
2658,2659
2659,2660
2660,2661
2661,2662
2662,2663
2663,2664
2664,2665
2665,2666
2666,2667
2667,2668
2668,2669
2669,2670
2670,2671
2671,2672
2672,2673
2673,2674
2674,2675
2675,2676
2676,2677
2677,2678
2678,2679
2679,2680
2680,2681
2681,2682
2682,2683
2683,2684
2684,2685
2685,2686
2686,2687
2687,2688
2688,2689
2689,2690
2690,2691
2691,2692
2692,2693
2693,2694
2694,2695
2695,2696
2696,2697
2697,2698
2698,2699
2699,2700
2700,2701
2701,2702
2702,2703
2703,2704
2704,2705
2705,2706
2706,2707
2707,2708
2708,2709
2709,2710
2710,2711
2711,2712
2712,2713
2713,2714
2714,2715
2715,2716
2716,2717
2717,2718
2718,2719
2719,2720
2720,2721
2721,2722
2722,2723
2723,2724
2724,2725
2725,2726
2726,2727
2727,2728
2728,2729
2729,2730
2730,2731
2731,2732
2732,2733
2733,2734
2734,2735
2735,2736
2736,2737
2737,2738
2738,2739
2739,2740
2740,2741
2741,2742
2742,2743
2743,2744
2744,2745
2745,2746
2746,2747
2747,2748
2748,2749
2749,2750
2750,2751
2751,2752
2752,2753
2753,2754
2754,2755
2755,2756
2756,2757
2757,2758
2758,2759
2759,2760
2760,2761
2761,2762
2762,2763
2763,2764
2764,2765
2765,2766
2766,2767
2767,2768
2768,2769
2769,2770
2770,2771
2771,2772
2772,2773
2773,2774
2774,2775
2775,2776
2776,2777
2777,2778
2778,2779
2779,2780
2780,2781
2781,2782
2782,2783
2783,2784
2784,2785
2785,2786
2786,2787
2787,2788
2788,2789
2789,2790
2790,2791
2791,2792
2792,2793
2793,2794
2794,2795
2795,2796
2796,2797
2797,2798
2798,2799
2799,2800
2800,2801
2801,2802
2802,2803
2803,2804
2804,2805
2805,2806
2806,2807
2807,2808
2808,2809
2809,2810
2810,2811
2811,2812
2812,2813
2813,2814
2814,2815
2815,2816
2816,2817
2817,2818
2818,2819
2819,2820
2820,2821
2821,2822
2822,2823
2823,2824
2824,2825
2825,2826
2826,2827
2827,2828
2828,2829
2829,2830
2830,2831
2831,2832
2832,2833
2833,2834
2834,2835
2835,2836
2836,2837
2837,2838
2838,2839
2839,2840
2840,2841
2841,2842
2842,2843
2843,2844
2844,2845
2845,2846
2846,2847
2847,2848
2848,2849
2849,2850
2850,2851
2851,2852
2852,2853
2853,2854
2854,2855
2855,2856
2856,2857
2857,2858
2858,2859
2859,2860
2860,2861
2861,2862
2862,2863
2863,2864
2864,2865
2865,2866
2866,2867
2867,2868
2868,2869
2869,2870
2870,2871
2871,2872
2872,2873
2873,2874
2874,2875
2875,2876
2876,2877
2877,2878
2878,2879
2879,2880
2880,2881
2881,2882
2882,2883
2883,2884
2884,2885
2885,2886
2886,2887
2887,2888
2888,2889
2889,2890
2890,2891
2891,2892
2892,2893
2893,2894
2894,2895
2895,2896
2896,2897
2897,2898
2898,2899
2899,2900
2900,2901
2901,2902
2902,2903
2903,2904
2904,2905
2905,2906
2906,2907
2907,2908
2908,2909
2909,2910
2910,2911
2911,2912
2912,2913
2913,2914
2914,2915
2915,2916
2916,2917
2917,2918
2918,2919
2919,2920
2920,2921
2921,2922
2922,2923
2923,2924
2924,2925
2925,2926
2926,2927
2927,2928
2928,2929
2929,2930
2930,2931
2931,2932
2932,2933
2933,2934
2934,2935
2935,2936
2936,2937
2937,2938
2938,2939
2939,2940
2940,2941
2941,2942
2942,2943
2943,2944
2944,2945
2945,2946
2946,2947
2947,2948
2948,2949
2949,2950
2950,2951
2951,2952
2952,2953
2953,2954
2954,2955
2955,2956
2956,2957
2957,2958
2958,2959
2959,2960
2960,2961
2961,2962
2962,2963
2963,2964
2964,2965
2965,2966
2966,2967
2967,2968
2968,2969
2969,2970
2970,2971
2971,2972
2972,2973
2973,2974
2974,2975
2975,2976
2976,2977
2977,2978
2978,2979
2979,2980
2980,2981
2981,2982
2982,2983
2983,2984
2984,2985
2985,2986
2986,2987
2987,2988
2988,2989
2989,2990
2990,2991
2991,2992
2992,2993
2993,2994
2994,2995
2995,2996
2996,2997
2997,2998
2998,2999
2999,3000
3000,3001
3001,3002
3002,3003
3003,3004
3004,3005
3005,3006
3006,3007
3007,3008
3008,3009
3009,3010
3010,3011
3011,3012
3012,3013
3013,3014
3014,3015
3015,3016
3016,3017
3017,3018
3018,3019
3019,3020
3020,3021
3021,3022
3022,3023
3023,3024
3024,3025
3025,3026
3026,3027
3027,3028
3028,3029
3029,3030
3030,3031
3031,3032
3032,3033
3033,3034
3034,3035
3035,3036
3036,3037
3037,3038
3038,3039
3039,3040
3040,3041
3041,3042
3042,3043
3043,3044
3044,3045
3045,3046
3046,3047
3047,3048
3048,3049
3049,3050
3050,3051
3051,3052
3052,3053
3053,3054
3054,3055
3055,3056
3056,3057
3057,3058
3058,3059
3059,3060
3060,3061
3061,3062
3062,3063
3063,3064
3064,3065
3065,3066
3066,3067
3067,3068
3068,3069
3069,3070
3070,3071
3071,3072
3072,3073
3073,3074
3074,3075
3075,3076
3076,3077
3077,3078
3078,3079
3079,3080
3080,3081
3081,3082
3082,3083
3083,3084
3084,3085
3085,3086
3086,3087
3087,3088
3088,3089
3089,3090
3090,3091
3091,3092
3092,3093
3093,3094
3094,3095
3095,3096
3096,3097
3097,3098
3098,3099
3099,3100
3100,3101
3101,3102
3102,3103
3103,3104
3104,3105
3105,3106
3106,3107
3107,3108
3108,3109
3109,3110
3110,3111
3111,3112
3112,3113
3113,3114
3114,3115
3115,3116
3116,3117
3117,3118
3118,3119
3119,3120
3120,3121
3121,3122
3122,3123
3123,3124
3124,3125
3125,3126
3126,3127
3127,3128
3128,3129
3129,3130
3130,3131
3131,3132
3132,3133
3133,3134
3134,3135
3135,3136
3136,3137
3137,3138
3138,3139
3139,3140
3140,3141
3141,3142
3142,3143
3143,3144
3144,3145
3145,3146
3146,3147
3147,3148
3148,3149
3149,3150
3150,3151
3151,3152
3152,3153
3153,3154
3154,3155
3155,3156
3156,3157
3157,3158
3158,3159
3159,3160
3160,3161
3161,3162
3162,3163
3163,3164
3164,3165
3165,3166
3166,3167
3167,3168
3168,3169
3169,3170
3170,3171
3171,3172
3172,3173
3173,3174
3174,3175
3175,3176
3176,3177
3177,3178
3178,3179
3179,3180
3180,3181
3181,3182
3182,3183
3183,3184
3184,3185
3185,3186
3186,3187
3187,3188
3188,3189
3189,3190
3190,3191
3191,3192
3192,3193
3193,3194
3194,3195
3195,3196
3196,3197
3197,3198
3198,3199
3199,3200
3200,3201
3201,3202
3202,3203
3203,3204
3204,3205
3205,3206
3206,3207
3207,3208
3208,3209
3209,3210
3210,3211
3211,3212
3212,3213
3213,3214
3214,3215
3215,3216
3216,3217
3217,3218
3218,3219
3219,3220
3220,3221
3221,3222
3222,3223
3223,3224
3224,3225
3225,3226
3226,3227
3227,3228
3228,3229
3229,3230
3230,3231
3231,3232
3232,3233
3233,3234
3234,3235
3235,3236
3236,3237
3237,3238
3238,3239
3239,3240
3240,3241
3241,3242
3242,3243
3243,3244
3244,3245
3245,3246
3246,3247
3247,3248
3248,3249
3249,3250
3250,3251
3251,3252
3252,3253
3253,3254
3254,3255
3255,3256
3256,3257
3257,3258
3258,3259
3259,3260
3260,3261
3261,3262
3262,3263
3263,3264
3264,3265
3265,3266
3266,3267
3267,3268
3268,3269
3269,3270
3270,3271
3271,3272
3272,3273
3273,3274
3274,3275
3275,3276
3276,3277
3277,3278
3278,3279
3279,3280
3280,3281
3281,3282
3282,3283
3283,3284
3284,3285
3285,3286
3286,3287
3287,3288
3288,3289
3289,3290
3290,3291
3291,3292
3292,3293
3293,3294
3294,3295
3295,3296
3296,3297
3297,3298
3298,3299
3299,3300
3300,3301
3301,3302
3302,3303
3303,3304
3304,3305
3305,3306
3306,3307
3307,3308
3308,3309
3309,3310
3310,3311
3311,3312
3312,3313
3313,3314
3314,3315
3315,3316
3316,3317
3317,3318
3318,3319
3319,3320
3320,3321
3321,3322
3322,3323
3323,3324
3324,3325
3325,3326
3326,3327
3327,3328
3328,3329
3329,3330
3330,3331
3331,3332
3332,3333
3333,3334
3334,3335
3335,3336
3336,3337
3337,3338
3338,3339
3339,3340
3340,3341
3341,3342
3342,3343
3343,3344
3344,3345
3345,3346
3346,3347
3347,3348
3348,3349
3349,3350
3350,3351
3351,3352
3352,3353
3353,3354
3354,3355
3355,3356
3356,3357
3357,3358
3358,3359
3359,3360
3360,3361
3361,3362
3362,3363
3363,3364
3364,3365
3365,3366
3366,3367
3367,3368
3368,3369
3369,3370
3370,3371
3371,3372
3372,3373
3373,3374
3374,3375
3375,3376
3376,3377
3377,3378
3378,3379
3379,3380
3380,3381
3381,3382
3382,3383
3383,3384
3384,3385
3385,3386
3386,3387
3387,3388
3388,3389
3389,3390
3390,3391
3391,3392
3392,3393
3393,3394
3394,3395
3395,3396
3396,3397
3397,3398
3398,3399
3399,3400
3400,3401
3401,3402
3402,3403
3403,3404
3404,3405
3405,3406
3406,3407
3407,3408
3408,3409
3409,3410
3410,3411
3411,3412
3412,3413
3413,3414
3414,3415
3415,3416
3416,3417
3417,3418
3418,3419
3419,3420
3420,3421
3421,3422
3422,3423
3423,3424
3424,3425
3425,3426
3426,3427
3427,3428
3428,3429
3429,3430
3430,3431
3431,3432
3432,3433
3433,3434
3434,3435
3435,3436
3436,3437
3437,3438
3438,3439
3439,3440
3440,3441
3441,3442
3442,3443
3443,3444
3444,3445
3445,3446
3446,3447
3447,3448
3448,3449
3449,3450
3450,3451
3451,3452
3452,3453
3453,3454
3454,3455
3455,3456
3456,3457
3457,3458
3458,3459
3459,3460
3460,3461
3461,3462
3462,3463
3463,3464
3464,3465
3465,3466
3466,3467
3467,3468
3468,3469
3469,3470
3470,3471
3471,3472
3472,3473
3473,3474
3474,3475
3475,3476
3476,3477
3477,3478
3478,3479
3479,3480
3480,3481
3481,3482
3482,3483
3483,3484
3484,3485
3485,3486
3486,3487
3487,3488
3488,3489
3489,3490
3490,3491
3491,3492
3492,3493
3493,3494
3494,3495
3495,3496
3496,3497
3497,3498
3498,3499
3499,3500
3500,3501
3501,3502
3502,3503
3503,3504
3504,3505
3505,3506
3506,3507
3507,3508
3508,3509
3509,3510
3510,3511
3511,3512
3512,3513
3513,3514
3514,3515
3515,3516
3516,3517
3517,3518
3518,3519
3519,3520
3520,3521
3521,3522
3522,3523
3523,3524
3524,3525
3525,3526
3526,3527
3527,3528
3528,3529
3529,3530
3530,3531
3531,3532
3532,3533
3533,3534
3534,3535
3535,3536
3536,3537
3537,3538
3538,3539
3539,3540
3540,3541
3541,3542
3542,3543
3543,3544
3544,3545
3545,3546
3546,3547
3547,3548
3548,3549
3549,3550
3550,3551
3551,3552
3552,3553
3553,3554
3554,3555
3555,3556
3556,3557
3557,3558
3558,3559
3559,3560
3560,3561
3561,3562
3562,3563
3563,3564
3564,3565
3565,3566
3566,3567
3567,3568
3568,3569
3569,3570
3570,3571
3571,3572
3572,3573
3573,3574
3574,3575
3575,3576
3576,3577
3577,3578
3578,3579
3579,3580
3580,3581
3581,3582
3582,3583
3583,3584
3584,3585
3585,3586
3586,3587
3587,3588
3588,3589
3589,3590
3590,3591
3591,3592
3592,3593
3593,3594
3594,3595
3595,3596
3596,3597
3597,3598
3598,3599
3599,3600
3600,3601
3601,3602
3602,3603
3603,3604
3604,3605
3605,3606
3606,3607
3607,3608
3608,3609
3609,3610
3610,3611
3611,3612
3612,3613
3613,3614
3614,3615
3615,3616
3616,3617
3617,3618
3618,3619
3619,3620
3620,3621
3621,3622
3622,3623
3623,3624
3624,3625
3625,3626
3626,3627
3627,3628
3628,3629
3629,3630
3630,3631
3631,3632
3632,3633
3633,3634
3634,3635
3635,3636
3636,3637
3637,3638
3638,3639
3639,3640
3640,3641
3641,3642
3642,3643
3643,3644
3644,3645
3645,3646
3646,3647
3647,3648
3648,3649
3649,3650
3650,3651
3651,3652
3652,3653
3653,3654
3654,3655
3655,3656
3656,3657
3657,3658
3658,3659
3659,3660
3660,3661
3661,3662
3662,3663
3663,3664
3664,3665
3665,3666
3666,3667
3667,3668
3668,3669
3669,3670
3670,3671
3671,3672
3672,3673
3673,3674
3674,3675
3675,3676
3676,3677
3677,3678
3678,3679
3679,3680
3680,3681
3681,3682
3682,3683
3683,3684
3684,3685
3685,3686
3686,3687
3687,3688
3688,3689
3689,3690
3690,3691
3691,3692
3692,3693
3693,3694
3694,3695
3695,3696
3696,3697
3697,3698
3698,3699
3699,3700
3700,3701
3701,3702
3702,3703
3703,3704
3704,3705
3705,3706
3706,3707
3707,3708
3708,3709
3709,3710
3710,3711
3711,3712
3712,3713
3713,3714
3714,3715
3715,3716
3716,3717
3717,3718
3718,3719
3719,3720
3720,3721
3721,3722
3722,3723
3723,3724
3724,3725
3725,3726
3726,3727
3727,3728
3728,3729
3729,3730
3730,3731
3731,3732
3732,3733
3733,3734
3734,3735
3735,3736
3736,3737
3737,3738
3738,3739
3739,3740
3740,3741
3741,3742
3742,3743
3743,3744
3744,3745
3745,3746
3746,3747
3747,3748
3748,3749
3749,3750
3750,3751
3751,3752
3752,3753
3753,3754
3754,3755
3755,3756
3756,3757
3757,3758
3758,3759
3759,3760
3760,3761
3761,3762
3762,3763
3763,3764
3764,3765
3765,3766
3766,3767
3767,3768
3768,3769
3769,3770
3770,3771
3771,3772
3772,3773
3773,3774
3774,3775
3775,3776
3776,3777
3777,3778
3778,3779
3779,3780
3780,3781
3781,3782
3782,3783
3783,3784
3784,3785
3785,3786
3786,3787
3787,3788
3788,3789
3789,3790
3790,3791
3791,3792
3792,3793
3793,3794
3794,3795
3795,3796
3796,3797
3797,3798
3798,3799
3799,3800
3800,3801
3801,3802
3802,3803
3803,3804
3804,3805
3805,3806
3806,3807
3807,3808
3808,3809
3809,3810
3810,3811
3811,3812
3812,3813
3813,3814
3814,3815
3815,3816
3816,3817
3817,3818
3818,3819
3819,3820
3820,3821
3821,3822
3822,3823
3823,3824
3824,3825
3825,3826
3826,3827
3827,3828
3828,3829
3829,3830
3830,3831
3831,3832
3832,3833
3833,3834
3834,3835
3835,3836
3836,3837
3837,3838
3838,3839
3839,3840
3840,3841
3841,3842
3842,3843
3843,3844
3844,3845
3845,3846
3846,3847
3847,3848
3848,3849
3849,3850
3850,3851
3851,3852
3852,3853
3853,3854
3854,3855
3855,3856
3856,3857
3857,3858
3858,3859
3859,3860
3860,3861
3861,3862
3862,3863
3863,3864
3864,3865
3865,3866
3866,3867
3867,3868
3868,3869
3869,3870
3870,3871
3871,3872
3872,3873
3873,3874
3874,3875
3875,3876
3876,3877
3877,3878
3878,3879
3879,3880
3880,3881
3881,3882
3882,3883
3883,3884
3884,3885
3885,3886
3886,3887
3887,3888
3888,3889
3889,3890
3890,3891
3891,3892
3892,3893
3893,3894
3894,3895
3895,3896
3896,3897
3897,3898
3898,3899
3899,3900
3900,3901
3901,3902
3902,3903
3903,3904
3904,3905
3905,3906
3906,3907
3907,3908
3908,3909
3909,3910
3910,3911
3911,3912
3912,3913
3913,3914
3914,3915
3915,3916
3916,3917
3917,3918
3918,3919
3919,3920
3920,3921
3921,3922
3922,3923
3923,3924
3924,3925
3925,3926
3926,3927
3927,3928
3928,3929
3929,3930
3930,3931
3931,3932
3932,3933
3933,3934
3934,3935
3935,3936
3936,3937
3937,3938
3938,3939
3939,3940
3940,3941
3941,3942
3942,3943
3943,3944
3944,3945
3945,3946
3946,3947
3947,3948
3948,3949
3949,3950
3950,3951
3951,3952
3952,3953
3953,3954
3954,3955
3955,3956
3956,3957
3957,3958
3958,3959
3959,3960
3960,3961
3961,3962
3962,3963
3963,3964
3964,3965
3965,3966
3966,3967
3967,3968
3968,3969
3969,3970
3970,3971
3971,3972
3972,3973
3973,3974
3974,3975
3975,3976
3976,3977
3977,3978
3978,3979
3979,3980
3980,3981
3981,3982
3982,3983
3983,3984
3984,3985
3985,3986
3986,3987
3987,3988
3988,3989
3989,3990
3990,3991
3991,3992
3992,3993
3993,3994
3994,3995
3995,3996
3996,3997
3997,3998
3998,3999
3999,4000
4000,4001
4001,4002
4002,4003
4003,4004
4004,4005
4005,4006
4006,4007
4007,4008
4008,4009
4009,4010
4010,4011
4011,4012
4012,4013
4013,4014
4014,4015
4015,4016
4016,4017
4017,4018
4018,4019
4019,4020
4020,4021
4021,4022
4022,4023
4023,4024
4024,4025
4025,4026
4026,4027
4027,4028
4028,4029
4029,4030
4030,4031
4031,4032
4032,4033
4033,4034
4034,4035
4035,4036
4036,4037
4037,4038
4038,4039
4039,4040
4040,4041
4041,4042
4042,4043
4043,4044
4044,4045
4045,4046
4046,4047
4047,4048
4048,4049
4049,4050
4050,4051
4051,4052
4052,4053
4053,4054
4054,4055
4055,4056
4056,4057
4057,4058
4058,4059
4059,4060
4060,4061
4061,4062
4062,4063
4063,4064
4064,4065
4065,4066
4066,4067
4067,4068
4068,4069
4069,4070
4070,4071
4071,4072
4072,4073
4073,4074
4074,4075
4075,4076
4076,4077
4077,4078
4078,4079
4079,4080
4080,4081
4081,4082
4082,4083
4083,4084
4084,4085
4085,4086
4086,4087
4087,4088
4088,4089
4089,4090
4090,4091
4091,4092
4092,4093
4093,4094
4094,4095
4095,4096
4096,4097
4097,4098
4098,4099
4099,4100
4100,4101
4101,4102
4102,4103
4103,4104
4104,4105
4105,4106
4106,4107
4107,4108
4108,4109
4109,4110
4110,4111
4111,4112
4112,4113
4113,4114
4114,4115
4115,4116
4116,4117
4117,4118
4118,4119
4119,4120
4120,4121
4121,4122
4122,4123
4123,4124
4124,4125
4125,4126
4126,4127
4127,4128
4128,4129
4129,4130
4130,4131
4131,4132
4132,4133
4133,4134
4134,4135
4135,4136
4136,4137
4137,4138
4138,4139
4139,4140
4140,4141
4141,4142
4142,4143
4143,4144
4144,4145
4145,4146
4146,4147
4147,4148
4148,4149
4149,4150
4150,4151
4151,4152
4152,4153
4153,4154
4154,4155
4155,4156
4156,4157
4157,4158
4158,4159
4159,4160
4160,4161
4161,4162
4162,4163
4163,4164
4164,4165
4165,4166
4166,4167
4167,4168
4168,4169
4169,4170
4170,4171
4171,4172
4172,4173
4173,4174
4174,4175
4175,4176
4176,4177
4177,4178
4178,4179
4179,4180
4180,4181
4181,4182
4182,4183
4183,4184
4184,4185
4185,4186
4186,4187
4187,4188
4188,4189
4189,4190
4190,4191
4191,4192
4192,4193
4193,4194
4194,4195
4195,4196
4196,4197
4197,4198
4198,4199
4199,4200
4200,4201
4201,4202
4202,4203
4203,4204
4204,4205
4205,4206
4206,4207
4207,4208
4208,4209
4209,4210
4210,4211
4211,4212
4212,4213
4213,4214
4214,4215
4215,4216
4216,4217
4217,4218
4218,4219
4219,4220
4220,4221
4221,4222
4222,4223
4223,4224
4224,4225
4225,4226
4226,4227
4227,4228
4228,4229
4229,4230
4230,4231
4231,4232
4232,4233
4233,4234
4234,4235
4235,4236
4236,4237
4237,4238
4238,4239
4239,4240
4240,4241
4241,4242
4242,4243
4243,4244
4244,4245
4245,4246
4246,4247
4247,4248
4248,4249
4249,4250
4250,4251
4251,4252
4252,4253
4253,4254
4254,4255
4255,4256
4256,4257
4257,4258
4258,4259
4259,4260
4260,4261
4261,4262
4262,4263
4263,4264
4264,4265
4265,4266
4266,4267
4267,4268
4268,4269
4269,4270
4270,4271
4271,4272
4272,4273
4273,4274
4274,4275
4275,4276
4276,4277
4277,4278
4278,4279
4279,4280
4280,4281
4281,4282
4282,4283
4283,4284
4284,4285
4285,4286
4286,4287
4287,4288
4288,4289
4289,4290
4290,4291
4291,4292
4292,4293
4293,4294
4294,4295
4295,4296
4296,4297
4297,4298
4298,4299
4299,4300
4300,4301
4301,4302
4302,4303
4303,4304
4304,4305
4305,4306
4306,4307
4307,4308
4308,4309
4309,4310
4310,4311
4311,4312
4312,4313
4313,4314
4314,4315
4315,4316
4316,4317
4317,4318
4318,4319
4319,4320
4320,4321
4321,4322
4322,4323
4323,4324
4324,4325
4325,4326
4326,4327
4327,4328
4328,4329
4329,4330
4330,4331
4331,4332
4332,4333
4333,4334
4334,4335
4335,4336
4336,4337
4337,4338
4338,4339
4339,4340
4340,4341
4341,4342
4342,4343
4343,4344
4344,4345
4345,4346
4346,4347
4347,4348
4348,4349
4349,4350
4350,4351
4351,4352
4352,4353
4353,4354
4354,4355
4355,4356
4356,4357
4357,4358
4358,4359
4359,4360
4360,4361
4361,4362
4362,4363
4363,4364
4364,4365
4365,4366
4366,4367
4367,4368
4368,4369
4369,4370
4370,4371
4371,4372
4372,4373
4373,4374
4374,4375
4375,4376
4376,4377
4377,4378
4378,4379
4379,4380
4380,4381
4381,4382
4382,4383
4383,4384
4384,4385
4385,4386
4386,4387
4387,4388
4388,4389
4389,4390
4390,4391
4391,4392
4392,4393
4393,4394
4394,4395
4395,4396
4396,4397
4397,4398
4398,4399
4399,4400
4400,4401
4401,4402
4402,4403
4403,4404
4404,4405
4405,4406
4406,4407
4407,4408
4408,4409
4409,4410
4410,4411
4411,4412
4412,4413
4413,4414
4414,4415
4415,4416
4416,4417
4417,4418
4418,4419
4419,4420
4420,4421
4421,4422
4422,4423
4423,4424
4424,4425
4425,4426
4426,4427
4427,4428
4428,4429
4429,4430
4430,4431
4431,4432
4432,4433
4433,4434
4434,4435
4435,4436
4436,4437
4437,4438
4438,4439
4439,4440
4440,4441
4441,4442
4442,4443
4443,4444
4444,4445
4445,4446
4446,4447
4447,4448
4448,4449
4449,4450
4450,4451
4451,4452
4452,4453
4453,4454
4454,4455
4455,4456
4456,4457
4457,4458
4458,4459
4459,4460
4460,4461
4461,4462
4462,4463
4463,4464
4464,4465
4465,4466
4466,4467
4467,4468
4468,4469
4469,4470
4470,4471
4471,4472
4472,4473
4473,4474
4474,4475
4475,4476
4476,4477
4477,4478
4478,4479
4479,4480
4480,4481
4481,4482
4482,4483
4483,4484
4484,4485
4485,4486
4486,4487
4487,4488
4488,4489
4489,4490
4490,4491
4491,4492
4492,4493
4493,4494
4494,4495
4495,4496
4496,4497
4497,4498
4498,4499
4499,4500
4500,4501
4501,4502
4502,4503
4503,4504
4504,4505
4505,4506
4506,4507
4507,4508
4508,4509
4509,4510
4510,4511
4511,4512
4512,4513
4513,4514
4514,4515
4515,4516
4516,4517
4517,4518
4518,4519
4519,4520
4520,4521
4521,4522
4522,4523
4523,4524
4524,4525
4525,4526
4526,4527
4527,4528
4528,4529
4529,4530
4530,4531
4531,4532
4532,4533
4533,4534
4534,4535
4535,4536
4536,4537
4537,4538
4538,4539
4539,4540
4540,4541
4541,4542
4542,4543
4543,4544
4544,4545
4545,4546
4546,4547
4547,4548
4548,4549
4549,4550
4550,4551
4551,4552
4552,4553
4553,4554
4554,4555
4555,4556
4556,4557
4557,4558
4558,4559
4559,4560
4560,4561
4561,4562
4562,4563
4563,4564
4564,4565
4565,4566
4566,4567
4567,4568
4568,4569
4569,4570
4570,4571
4571,4572
4572,4573
4573,4574
4574,4575
4575,4576
4576,4577
4577,4578
4578,4579
4579,4580
4580,4581
4581,4582
4582,4583
4583,4584
4584,4585
4585,4586
4586,4587
4587,4588
4588,4589
4589,4590
4590,4591
4591,4592
4592,4593
4593,4594
4594,4595
4595,4596
4596,4597
4597,4598
4598,4599
4599,4600
4600,4601
4601,4602
4602,4603
4603,4604
4604,4605
4605,4606
4606,4607
4607,4608
4608,4609
4609,4610
4610,4611
4611,4612
4612,4613
4613,4614
4614,4615
4615,4616
4616,4617
4617,4618
4618,4619
4619,4620
4620,4621
4621,4622
4622,4623
4623,4624
4624,4625
4625,4626
4626,4627
4627,4628
4628,4629
4629,4630
4630,4631
4631,4632
4632,4633
4633,4634
4634,4635
4635,4636
4636,4637
4637,4638
4638,4639
4639,4640
4640,4641
4641,4642
4642,4643
4643,4644
4644,4645
4645,4646
4646,4647
4647,4648
4648,4649
4649,4650
4650,4651
4651,4652
4652,4653
4653,4654
4654,4655
4655,4656
4656,4657
4657,4658
4658,4659
4659,4660
4660,4661
4661,4662
4662,4663
4663,4664
4664,4665
4665,4666
4666,4667
4667,4668
4668,4669
4669,4670
4670,4671
4671,4672
4672,4673
4673,4674
4674,4675
4675,4676
4676,4677
4677,4678
4678,4679
4679,4680
4680,4681
4681,4682
4682,4683
4683,4684
4684,4685
4685,4686
4686,4687
4687,4688
4688,4689
4689,4690
4690,4691
4691,4692
4692,4693
4693,4694
4694,4695
4695,4696
4696,4697
4697,4698
4698,4699
4699,4700
4700,4701
4701,4702
4702,4703
4703,4704
4704,4705
4705,4706
4706,4707
4707,4708
4708,4709
4709,4710
4710,4711
4711,4712
4712,4713
4713,4714
4714,4715
4715,4716
4716,4717
4717,4718
4718,4719
4719,4720
4720,4721
4721,4722
4722,4723
4723,4724
4724,4725
4725,4726
4726,4727
4727,4728
4728,4729
4729,4730
4730,4731
4731,4732
4732,4733
4733,4734
4734,4735
4735,4736
4736,4737
4737,4738
4738,4739
4739,4740
4740,4741
4741,4742
4742,4743
4743,4744
4744,4745
4745,4746
4746,4747
4747,4748
4748,4749
4749,4750
4750,4751
4751,4752
4752,4753
4753,4754
4754,4755
4755,4756
4756,4757
4757,4758
4758,4759
4759,4760
4760,4761
4761,4762
4762,4763
4763,4764
4764,4765
4765,4766
4766,4767
4767,4768
4768,4769
4769,4770
4770,4771
4771,4772
4772,4773
4773,4774
4774,4775
4775,4776
4776,4777
4777,4778
4778,4779
4779,4780
4780,4781
4781,4782
4782,4783
4783,4784
4784,4785
4785,4786
4786,4787
4787,4788
4788,4789
4789,4790
4790,4791
4791,4792
4792,4793
4793,4794
4794,4795
4795,4796
4796,4797
4797,4798
4798,4799
4799,4800
4800,4801
4801,4802
4802,4803
4803,4804
4804,4805
4805,4806
4806,4807
4807,4808
4808,4809
4809,4810
4810,4811
4811,4812
4812,4813
4813,4814
4814,4815
4815,4816
4816,4817
4817,4818
4818,4819
4819,4820
4820,4821
4821,4822
4822,4823
4823,4824
4824,4825
4825,4826
4826,4827
4827,4828
4828,4829
4829,4830
4830,4831
4831,4832
4832,4833
4833,4834
4834,4835
4835,4836
4836,4837
4837,4838
4838,4839
4839,4840
4840,4841
4841,4842
4842,4843
4843,4844
4844,4845
4845,4846
4846,4847
4847,4848
4848,4849
4849,4850
4850,4851
4851,4852
4852,4853
4853,4854
4854,4855
4855,4856
4856,4857
4857,4858
4858,4859
4859,4860
4860,4861
4861,4862
4862,4863
4863,4864
4864,4865
4865,4866
4866,4867
4867,4868
4868,4869
4869,4870
4870,4871
4871,4872
4872,4873
4873,4874
4874,4875
4875,4876
4876,4877
4877,4878
4878,4879
4879,4880
4880,4881
4881,4882
4882,4883
4883,4884
4884,4885
4885,4886
4886,4887
4887,4888
4888,4889
4889,4890
4890,4891
4891,4892
4892,4893
4893,4894
4894,4895
4895,4896
4896,4897
4897,4898
4898,4899
4899,4900
4900,4901
4901,4902
4902,4903
4903,4904
4904,4905
4905,4906
4906,4907
4907,4908
4908,4909
4909,4910
4910,4911
4911,4912
4912,4913
4913,4914
4914,4915
4915,4916
4916,4917
4917,4918
4918,4919
4919,4920
4920,4921
4921,4922
4922,4923
4923,4924
4924,4925
4925,4926
4926,4927
4927,4928
4928,4929
4929,4930
4930,4931
4931,4932
4932,4933
4933,4934
4934,4935
4935,4936
4936,4937
4937,4938
4938,4939
4939,4940
4940,4941
4941,4942
4942,4943
4943,4944
4944,4945
4945,4946
4946,4947
4947,4948
4948,4949
4949,4950
4950,4951
4951,4952
4952,4953
4953,4954
4954,4955
4955,4956
4956,4957
4957,4958
4958,4959
4959,4960
4960,4961
4961,4962
4962,4963
4963,4964
4964,4965
4965,4966
4966,4967
4967,4968
4968,4969
4969,4970
4970,4971
4971,4972
4972,4973
4973,4974
4974,4975
4975,4976
4976,4977
4977,4978
4978,4979
4979,4980
4980,4981
4981,4982
4982,4983
4983,4984
4984,4985
4985,4986
4986,4987
4987,4988
4988,4989
4989,4990
4990,4991
4991,4992
4992,4993
4993,4994
4994,4995
4995,4996
4996,4997
4997,4998
4998,4999
4999,5000
5000,1
3730,880
506,3948
4154,2186
3251,4392
1230,688
289,2783
2765,3765
19,1679
4510,1506
3810,1377
3680,1178
2318,2868
3697,491
796,2131
2224,3656
2650,3342
295,913
4608,1714
4894,877
2458,4615
3000,943
2668,2844
4967,2198
4226,1784
132,245
3304,2340
4298,3588
574,1945
804,786
4541,4344
4128,563
295,2492
3813,4650
1445,1496
4121,1370
3394,3910
4388,4676
342,828
1384,3370
3344,3244
3372,4651
1580,500
1875,1578
2362,737
1080,3486
4369,2649
2219,123
2714,1435
208,2080
3686,4904
1089,1635
1846,1886
4629,2984
3086,3951
3215,1374
397,3475
1319,3540
1860,2018
1327,1329
2610,709
2548,3062
1663,3903
2149,2002
2057,4305
2871,928
3552,2847
4668,4796
3456,1206
838,2605
2930,4760
895,4392
3656,438
1778,3549
68,2925
4201,1621
1223,1001
1907,1327
1199,360
1077,1518
3978,4103
2613,4212
4553,1928
4258,2376
4885,2883
1531,2413
4888,4451
4066,4753
565,1230
3157,1404
3624,281
4961,1637
1993,306
669,2505
1275,4340
2461,2536
2955,2475
2412,3800
3062,640
4600,1068
3013,884
1679,2803
126,762
2774,3707
2664,3581
2179,1200
130,1424
4829,4490
1578,590
2394,3265
2071,3952
3742,674
3060,4631
4750,1138
476,1562
1293,174
3802,2262
3547,4263
3957,1689
1193,1254
1592,2185
3859,2445
1495,1558
3881,2565
3923,4778
341,3143
2991,4818
3179,229
2853,1712
1911,3249
4171,3338
1692,4875
1539,312
2331,4388
3783,2952
439,72
101,4314
4388,480
1221,3610
1166,4481
2644,3704
4672,140
577,4353
218,1681
2565,2436
130,1444
2525,2384
180,1034
915,356
4053,3404
4768,3728
2559,3782
481,4323
2405,2127
1970,2244
731,2929
1479,529
4404,2436
566,4559
1698,504
455,4037
197,4058
2216,2687
4136,1951
4868,2811
4504,3126
2003,1766
3263,3587
3031,912
1888,4783
1520,4862
3970,1859
1260,2045
1408,293
4527,3195
1031,2771
1088,3800
3148,121
1111,2663
4203,1794
35,4118
1588,4972
3939,4191
2495,694
4871,3417
3127,1093
960,288
2432,2882
1908,1041
3676,3907
2038,4769
2472,2439
4064,3757
4099,1516
428,4953
3380,3368
848,272
4701,2349
2568,2514
3643,1555
4162,4312
3809,1679
4029,3347
1808,742
4669,1999
1639,1183
4509,1377
1650,2547
278,566
3718,4484
4106,959
1248,2755
4080,4589
1599,756
1464,2346
4008,4211
4078,2743
2183,4824
637,1483
2860,4363
4219,3097
104,1934
4286,3797
2202,4817
4910,3948
3242,1836
4698,4672
4030,4323
2705,539
1789,501
2632,383
4173,2020
939,835
949,389
2614,700
1000,2209
2106,1127
3298,3065
618,1963
4262,4225
2347,1353
3348,3312
2805,557
4894,4940
3245,3802
141,1120
3288,2667
747,1220
4735,1960
456,1170
1057,1471
143,1521
4280,4234
2221,2632
2077,610
854,462
2507,4460
2362,840
1291,361
568,3746
865,2072
2445,119
3246,769
210,4853
5,4563
651,2075
2654,703
1487,2637
383,104
3307,1291
1552,917
4079,3460
4494,4299
871,3745
589,1268
551,4519
238,710
418,3872
4714,2012
1656,2344
2683,2728
4693,149
4739,4233
4352,16
3417,1049
2781,45
740,1843
2071,4243
4346,1740
136,4412
1559,2517
3694,2023
3535,245
4430,859
1267,3343
2302,3310
1411,3408
514,3018
3286,3787
4832,3269
4816,4058
4115,233
1160,1203
1655,1731
2302,3468
3656,4076
4215,4597
4780,3348
3887,2501
2936,1758
2843,723
3610,4337
2856,4543
2805,181
31,4245
480,601
3194,2307
3439,3497
4159,1532
1097,610
103,3681
207,589
1102,3022
4183,3982
1994,205
3612,2520
299,3425
4608,4642
2061,243
1449,3183
1666,573
2018,793
694,3428
1518,3086
3883,1497
1186,730
4524,3343
610,2967
3464,2134
3873,796
1597,1742
1706,1238
297,4174
1447,3037
170,3900
1069,3203
2275,2147
3338,3237
530,1265
3345,4717
2778,1488
1024,1601
2673,545
3795,2402
2138,63
1764,3420
2611,480
861,3482
4179,457
250,967
2444,1980
4934,3767
1428,1023
101,1146
756,3385
2334,1277
3372,1856
1370,4867
2298,4955
4130,4509
3589,613
1028,201
3193,1163
3521,1400
3837,2487
3584,23
401,701
1538,3882
3651,367
3642,1329
1557,4366
4126,4379
4438,4789
2502,447
861,2152
2422,1287
293,2613
3024,2198
1350,901
4027,4808
4728,3609
4555,4838
2110,2171
1750,1441
855,1703
3007,836
1023,3819
4049,2426
2162,1329
3715,4140
4120,695
3601,4767
4828,4673
4480,3537
2087,2214
2815,482
1653,2735
1905,4336
533,1476
4623,3327
4249,4132
273,808
3012,658
1740,169
3701,2901
2083,4233
4269,2748
4673,2722
3481,4546
512,4617
1360,4740
4698,2819
4476,1474
1322,2541
1562,3581
3303,3838
3841,2456
2844,495
213,327
1125,1074
2,3077
718,727
830,2205
124,941
128,3190
2901,2134
4337,3851
1176,1380
204,2856
530,1046
4113,4322
1329,515
2675,1110
2392,2529
3486,2714
278,3301
2360,3130
2281,4399
1161,3195
3243,4050
692,3081
1981,4808
1230,3497
1920,3810
3254,4546
4411,136
3719,4808
3500,2432
4642,3866
2689,365
3459,1598
4873,2404
2724,3455
1164,4128
527,3930
4206,2498
3560,4161
790,4861
3553,1493
4242,1891
2490,3107
3038,3386
1873,2182
1195,3618
3192,2263
1321,1823
4762,3543
2355,2496
3093,153
4197,784
1555,2919
4909,464
718,3943
2723,4401
117,525
3140,3265
2145,4034
4804,2684
1417,918
3022,2839
1126,4326
4849,3394
4104,1504
3430,320
1460,4386
2799,1638
2287,1228
2834,2570
639,1242
2662,1597
1411,4621
971,4190
2730,3102
746,3328
4294,2952
117,3422
2658,4804
316,627
4869,1826
2524,1841
2375,376
461,3908
2043,2120
3464,918
684,2647
1579,942
3715,3145
2767,2254
4664,749
1861,2472
1917,303
4392,28
2028,2524
3833,757
4792,712
1758,2799
397,1181
46,3208
2422,377
369,3368
1684,2655
3255,146
179,2291
4793,4016
688,3493
2661,2308
2090,2641
2496,98
4457,1245
1338,32
4481,1341
667,3463
318,4886
1000,93
1741,2719
2709,2583
1061,2130
3245,1370
724,1418
1296,4362
1184,1944
687,177
1484,3599
775,1250
85,687
2389,1216
3524,4207
1160,653
3193,3552
3567,543
326,3510
4742,4545
3100,217
546,3909
3416,2140
4990,2641
4749,557
2489,4208
1569,3104
2742,4551
3323,106
3441,658
1352,465
969,1499
1417,4523
2050,3862
2415,3294
1126,3766
4364,4384
2997,2954
3249,15
419,2368
4600,3778
1834,182
3518,4601
3172,1491
3715,3774
902,1993
4894,4959
3742,4597
1657,754
4502,3981
1055,4792
260,3229
2323,3368
551,2486
793,4262
113,1467
401,924
1411,924
2289,505
4734,2996
4107,3036
3540,3502
4867,2728
3209,4614
235,3473
1253,4634
4283,77
1798,1661
683,4607
670,3615
4406,3398
1314,481
3035,1098
2815,3753
1781,210
440,956
1213,4993
414,3138
3591,1615
2749,1297
4838,1944
3655,3809
1106,8
4738,4750
257,2471
1765,3911
2213,923
1223,1747
4208,4314
1816,4122
2807,624
802,4649
3444,1259
4988,1000
4591,4442
4994,1119
4077,3626
4582,3811
3503,3509
4553,3344
3066,1383
3563,1985
4230,2695
897,4879
4272,1328
4894,2580
2020,2964
403,4814
1033,7
15,1818
409,71
2374,3761
4034,4811
4592,1893
2375,1935
1385,3521
1043,4671
653,4858
3232,4093
874,3953
273,513
3458,2530
4357,3478
4760,1067
1545,2661
2908,288
4296,174
1864,738
3122,2702
2897,3730
3776,2094
3774,145
3711,3380
2853,4883
2209,3767
3299,1355
4850,3049
2702,4704
1600,4728
2325,4263
679,79
4434,4985
203,524
4449,4207
442,3384
3105,4874
4419,3837
2573,1451
4562,4504
1703,4894
3660,3579
4483,3089
4996,769
2845,2947
2775,22
1279,4514
1154,1666
4959,3346
2015,279
4855,856
1343,4056
456,1217
1063,2460
2181,3313
3107,2320
3028,3738
4271,2156
4358,3803
4480,2031
1865,4166
4936,278
3214,4650
1636,4759
1326,3143
3861,2834
4481,884
1474,2174
1809,740
562,3040
2840,2039
524,546
2012,4301
2886,2984
4067,2671
4183,3204
2393,764
4737,2442
1792,3737
1219,1706
4303,4046
1994,1407
1518,3883
654,1251
2555,1885
2104,3074
1968,1620
1716,1148
3962,4953
3612,2586
617,4231
2980,2733
1119,2051
2893,303
293,1962
775,2032
1940,3968
2608,535
1064,3758
3477,1430
2354,3853
2764,4530
2492,3111
4848,804
1405,501
3632,395
83,1093
1094,3275
408,1547
3366,4990
584,332
4764,4243
3476,2181
3055,3366
3106,1712
1093,3032
2397,525
2446,2305
1667,2722
2184,4648
1077,667
1045,4514
1923,3535
369,1151
429,2247
402,792
3060,157
636,2310
4055,2997
3549,4904
1144,4975
3247,558
592,1073
4520,2090
3359,2088
1530,4138
4304,3078
3032,4948
3046,1016
4281,4829
3527,4052
2159,2176
3731,2940
1013,4896
1884,3882
1632,3790
3992,3425
1448,1781
963,371
309,1150
1540,2327
4923,3585
748,1195
4361,937
1259,1958
4888,4694
2040,3476
3905,2611
5,2122
3160,4259
3371,856
1318,1754
2654,4370
4660,1315
2278,1546
2219,776
3586,3268
3563,1008
4070,4745
1069,2832
4994,3996
2850,1841
3707,3296
3913,2602
902,400
1580,1247
3742,1143
1645,3154
2370,2499
1110,1826
4505,3243
2612,4172
705,3067
4191,4216
2014,2770
3512,3562
3290,3614
3009,3147
1695,4586
2418,2818
1460,2919
4767,4758
336,3515
710,1937
2281,1776
2146,3790
3221,2679
1014,4955
4550,39
4002,2035
3495,3696
2379,2738
4154,1575
2397,4787
1116,2194
4867,901
4051,4482
2583,3658
4934,2265
4996,1807
1085,4688
455,956
3915,1225
2508,4586
4515,4085
693,2075
595,3575
1192,2760
3364,3452
1467,374
4703,391
1863,2738
4706,30
1038,2034
3232,1372
3665,3688
2202,912
739,4262
187,2134
603,1790
4094,3303
2014,380
3852,172
2741,3396
952,49
4580,3028
1190,3935
3112,831
1400,2287
680,112
2246,1338
1730,556
3027,4257
2233,2179
830,629
4109,4563
3848,614
3288,1395
1081,2275
1736,431
4811,3995
3408,3432
907,1724
2493,4456
2137,2064
2943,2743
1340,4946
582,3838
2743,1605
1484,1729
686,3361
3063,644
3140,1456
3522,4595
1626,562
1504,1668
224,4223
4295,1417
1845,2759
2223,4809
140,2868
1919,1666
1892,3767
4687,1486
3353,3187
864,4170
3549,4814
3355,3762
2385,4068
407,4070
4485,4148
2522,1015
3241,692
3410,4954
1780,4780
1268,3940
2731,3996
4095,324
1643,3148
1720,434
252,466
1143,3537
2135,4151
488,2135
3345,171
2502,1954
251,2859
1570,1167
3161,1804
4208,2022
888,4343
1726,1135
2376,2032
1959,2656
708,712
3998,4766
527,2937
743,2869
2657,1929
4223,1358
2477,875
1549,2710
2949,1152
376,447
377,2811
1073,2379
4858,4977
1033,1063
2130,2614
3508,311
1611,4368
1480,1751
4010,3210
151,4727
4720,4975
86,33
1483,4130
272,207
1833,1544
3175,3322
3285,2494
325,1666
4968,2326
1282,3987
3109,213
3291,3745
3484,824
2645,2375
831,3671
2037,1621
2562,2792
3699,4907
1347,2367
1303,4619
209,3952
2921,876
4170,1871
4635,3045
4925,3199
962,4356
4221,1657
2075,4498
4640,4443
1499,4406
4097,2306
4020,1203
2089,1679
3818,1263
221,4807
3403,2161
4752,3680
980,4798
1232,3417
547,4338
3159,469
3268,2402
3966,3083
4202,646
222,4846
4060,3694
3664,42
537,3533
416,3759
1389,357
2278,4860
3126,3232
1000,864
900,2041
3350,1809
2216,758
628,2636
4526,295
3060,1253
4704,2439
3322,1992
4735,4537
3375,3711
3330,3682
3876,1065
2372,535
2713,1861
998,3437
2146,169
3483,2827
3324,3234
2007,4539
1121,3894
4063,3514
1257,1400
678,3031
167,2835
1485,2344
2540,2902
1200,3060
370,4710
4078,1377
12,1551
2864,1641
2427,1302
145,3695
162,1669
3221,909
825,1812
3681,3111
3291,1549
3498,1361
4566,4763
2863,1954
2695,4158
1415,1231
2883,988
4889,2736
359,984
827,4780
1715,926
1289,3760
1967,4295
624,4346
2379,3729
2991,4343
694,4548
391,3200
3893,4066
2207,3238
4547,2319
1315,2711
1840,2347
2882,3563
3003,1765
2064,4080
2747,1555
2682,2418
1674,4569
303,3122
2359,1245
4172,1609
1944,4559
2761,22
4921,606
3671,749
1443,2848
1975,3696
1030,3165
750,3307
3827,3698
1689,400
2347,171
2773,216
1250,937
1250,4375
4938,4002
2446,2159
3570,2359
3286,2910
3869,4495
2122,3055
3136,44
1204,2545
4301,376
867,3489
1411,4124
2414,3387
2217,4345
1711,3812
1028,154
4329,576
2582,4518
4332,4250
492,2446
529,2460
1008,1583
3150,4371
4459,4878
3219,3361
1559,641
3981,363
886,1188
2489,4295
53,4745
2648,422
957,3870
4990,1082
2109,933
1254,3399
2083,4842
4517,4186
3227,2239
2811,3121
3337,1560
2306,2924
2239,1006
4076,2695
3036,3033
953,4804
1942,3972
4438,996
1595,3156
1399,3284
886,3802
3382,4853
4472,2813
746,1538
1720,3847
2347,885
4214,3408
2703,4082
1423,3374
4565,3078
1741,44
2936,1275
30,3099
2833,3653
3640,731
2873,4792
2737,593
2601,114
748,4178
779,1391
1268,636
3381,4422
3666,233
1709,4198
4038,1891
3190,559
4509,4096
3987,396
902,1888
3103,4242
511,5000
4402,582
4310,1866
1844,3520
2200,964
3937,2811
4292,2632
3395,3770
709,2163
1619,1022
3492,3768
1580,4916
3686,4000
4641,805
1152,2767
3397,1125
4294,421
3783,2917
1299,892
763,2703
588,448
2539,585
3456,3730
1907,2219
3923,992
918,2084
1903,2346
1131,3887
3704,4248
2186,2688
3154,2028
657,2579
623,97
4544,1990
1431,1249
211,1763
3058,2580
2715,4210
3569,612
3096,3807
4156,2682
3127,220
1742,109
4249,2457
2002,3637
4195,1444
433,3400
1862,3777
1786,217
290,3072
2734,1235
1169,4285
2255,325
4546,1936
1528,3719
2407,307
3333,1491
1583,1867
3661,1226
3321,2669
2321,3990
4753,4833
3239,4242
2444,729
4900,3306
142,2788
4214,2182
558,634
605,2912
2386,1063
1682,953
3665,1609
4587,4876
4996,1813
4090,345
1806,331
568,3579
4897,2525
3603,1035
1650,4162
2734,3074
2000,3055
2250,645
911,4509
1345,1057
709,4943
905,4653
3976,3292
35,493
173,2884
4335,3796
4793,1239
3768,4492
57,3189
4608,4744
1133,3606
302,1923
1271,1604
2552,2216
1966,515
264,3603
4266,2010
980,1758
979,3741
3948,1886
2996,39
1607,3917
1421,2270
273,4377
3533,2439
2589,2208
1117,4331
206,1929
37,2341
1937,2530
758,1314
1203,2345
3378,3090
1534,4739
3817,4127
1043,190
2198,119
1318,1343
4050,936
1068,3191
1948,2862
259,1339
4370,2348
4228,4514
2217,2674
1514,1218
64,4159
4757,3504
3978,31
1625,4055
254,1342
4994,4310
3239,3739
586,4549
2570,4413
3101,457
326,2787
2566,3402
3311,3706
4138,533
2572,3458
2770,3838
4845,2904
676,3664
1786,3698
1270,4163
2298,4543
2650,1910
4211,1377
2559,3081
2502,4665
4176,2385
2526,1221
2611,3286
1940,1965
801,1449
2958,3445
4584,553
1022,4997
1017,4201
755,4269
4596,1740
320,1904
21,4938
988,1228
1512,3206
2437,2394
2612,3083
3639,4428
1066,3833
4385,985
325,4707
3,2400
2870,4353
1649,2817
1358,3250
4035,4871
2375,3524
3574,2626
1807,3959
303,2329
3348,3376
873,1243
1453,2309
4903,61
2114,1801
4271,131
4112,2176
1219,670
1072,409
3831,1398
4040,189
4895,3962
384,3153
3486,1007
433,953
4191,1621
1035,4311
2847,873
3305,143
3829,2557
3462,4901
2718,2688
2576,1863
1684,3827
4303,4526
3931,3513
3928,11
2007,4499
4565,51
1304,2316
2365,2609
3179,2421
3424,4863
281,1982
1391,608
2063,4984
1220,3097
824,2343
3283,4833
401,4345
3382,4573
2226,2712
1336,2793
469,3929
4399,3553
1586,3913
1146,2772
2698,2535
2938,3223
2296,3697
4723,945
4504,3543
4821,1226
2778,242
2739,614
4081,655
4438,456
946,750
85,4470
1267,2198
513,3148
3243,2407
4761,4119
483,2009
470,3550
3197,2879
679,2358
75,376
3260,1426
4560,1543
561,3595
4740,1705
3280,2763
729,4762
1007,75
633,1249
4372,4582
2217,2080
3213,1596
164,2856
4897,715
339,384
757,4928
548,3359
3475,2078
4,2886
2570,4374
891,4585
2241,1134
2174,4416
3089,3212
1432,2282
2388,957
4638,1709
3536,3080
1862,3223
3254,3768
2082,3603
3048,4689
695,4368
2021,1584
220,4047
4575,487
4536,880
128,4530
3657,261
147,2591
3034,4568
3411,1575
979,294
4893,4252
1831,1273
3599,849
1697,4353
2231,436
1189,4836
3330,3847
1203,1131
3243,4780
770,2513
3803,2838
2974,1468
2055,991
4499,901
4189,610
3338,3248
4575,1073
4324,2184
3750,2783
4421,1138
724,4935
3892,1866
249,4880
1688,221
238,4425
775,827
3014,4499
2279,4404
4106,3638
3071,3734
2954,4226
1486,2277
775,3360
4422,3974
696,463
2579,4507
2382,4923
2884,912
340,3150
3106,702
3589,3738
934,1750
1617,4852
146,920
2284,2023
1308,99
1318,1669
407,4237
2357,4690
3265,758
4390,1529
1751,3610
4659,331
585,3506
1240,3155
1724,967
1176,653
3264,4846
3948,4317
3557,1671
94,1930
4303,4494
1556,4564
3278,4869
212,3400
4214,4861
3417,342
4211,456
3828,2661
90,4799
277,3277
2614,1764
1995,969
2014,1823
4359,2370
2559,322
2628,2644
4883,3789
2252,758
3822,4570
381,2556
1670,3230
1551,1404
766,4832
361,1313
3248,4420
1190,3859
2029,2320
3591,3357
4852,4288
4230,4132
3815,384
3164,4983
3192,4347
1911,1832
359,4687
2391,3742
4430,1350
3047,2752
4054,1351
630,3824
4637,34
3172,4784
1223,3612
4051,3365
21,4552
176,700
3010,4811
4160,785
509,878
2371,924
3139,1484
1004,4330
2291,3104
854,3158
4324,1050
1252,140
1591,4016
1129,933
4265,2281
1312,1161
2234,571
3849,684
3353,1091
2982,3660
1799,78
4618,1860
850,4032
1638,2053
798,487
3204,2244
1753,3714
1881,2590
3806,4398
726,2947
597,2544
67,658
4345,144
4037,1210
2794,1605
4938,1295
3906,1480
4476,920
904,2788
1925,2433
1096,3982
1847,4665
524,4001
3411,1494
3088,3813
1367,4059
1310,4783
4245,2658
681,4847
1850,441
1322,3522
1737,3005
2057,998
3486,2082
2266,3867
1884,4636
2748,421
3208,4096
4194,340
1248,3557
4045,2817
4314,4089
2798,1393
3112,985
3810,3370
4143,2541
4751,3124
1303,2205
4932,4332
996,2630
2152,1454
4793,4530
3402,1407
1163,1349
1457,2710
309,3179
355,2362
2622,582
3780,1558
4674,346
1007,3488
2788,3879
65,2695
2981,3799
3078,1546
1923,4946
3776,4279
1232,1059
599,4607
1219,4620
2791,4566
1198,4496
2810,2523
3162,1811
3182,3065
3327,2251
362,2963
2979,464
4381,3609
644,2945
4269,4836
72,3359
692,4811
2506,3308
3062,3220
4603,198
4607,2639
855,1795
2721,3968
3040,2243
2466,3136
3475,4707
2718,3693
2481,3751
3903,3415
2935,2418
1673,2326
3412,2804
3618,3476
4672,3011
2694,732
286,785
4363,1105
3281,591
2987,2354
835,3092
791,4466
1229,429
2172,2047
121,1304
4066,1554
1303,1314
2675,1686
1917,4056
1846,4310
2141,3709
466,3103
830,176
42,4706
4898,3888
2328,4009
398,4
1797,4700
4981,3619
840,16
1321,4779
2139,3115
3408,4837
2249,4181
4066,4044
1923,2579
4312,1318
4195,4482
1635,4806
4251,933
2872,4190
1988,3682
144,2225
4811,276
4560,2977
1453,209
3232,8
3397,3282
2392,3537
1635,1263
4897,564
2462,1759
3747,831
999,457
2330,605
2049,990
2746,2330
4686,2197
4445,4521
2124,4932
1439,3683
1398,101
4252,3860
327,3637
2311,299
3316,300
872,287
3038,2037
1995,3350
3782,4201
1965,3231
1673,4771
4877,128
3909,2963
92,2917
187,3834
992,4426
3410,1021
1159,2674
3216,3750
1271,1488
3846,2937
4322,1906
255,1933
4900,2755
4027,1158
3992,4748
4012,1732
1994,1845
4138,362
2338,2
308,1000
4890,2857
1670,4590
4954,1092
4476,818
3242,4669
4957,3028
2676,720
1791,1313
2231,4385
3209,3231
3800,4444
3464,1174
4274,1972
1922,2779
4642,181
3884,1730
1325,3017
451,1652
217,2508
2526,2501
4564,4392
2990,4416
498,1559
1067,777
308,1323
1458,1178
3911,2328
1053,840
2980,3198
3625,4208
4944,1325
4154,1234
3548,2769
1787,4536
4943,3440
1373,2538
1085,1238
1276,782
2801,182
1730,791
2528,3329
2421,3716
2794,3423
4128,509
3371,4859
4929,817
2249,133
4816,4053
1970,737
4022,687
4686,4897
753,4644
1708,297
1837,1362
4625,1690
2665,1126
4100,470
2548,3087
1554,4959
4087,1167
1433,2704
3788,2638
693,2904
3771,993
1962,4384
2082,2000
3094,3570
2132,4553
1675,3479
3526,4868
771,1816
544,502
2815,3490
3818,4469
843,1407
1837,3411
4043,3461
1989,64
1377,1951
4688,3405
4763,4944
3117,1267
1227,1212
3660,4601
441,2878
4087,3523
4483,1042
1621,2432
402,4248
3114,4483
207,4033
2386,4745
4665,4339
3262,4666
224,373
434,1413
3698,1460
2568,4748
4438,862
3413,3541
4242,2893
4912,2915
4915,2152
421,2903
4231,250
2826,832
1552,2428
2500,4356
3736,2113
3216,3270
4212,1017
1783,1658
2317,2435
1595,2835
2925,2530
712,2302
2831,158
816,677
823,1791
1188,813
2572,4809
1565,2792
4376,4748
1391,4469
4842,2896
3206,948
2107,3915
1529,4142
73,1228
4094,2713
831,3048
4573,218
3468,1792
53,1396
127,3483
4713,4207
3364,3409
1522,4285
229,2877
4092,2750
1395,1087
1721,1303
3502,2553
3298,4160
1517,2895
4295,2244
3718,3384
1157,3763
3708,2566
714,3909
4835,528
1625,1432
695,3413
1682,168
3092,456
3853,4841
4698,4406
3628,2308
3236,2834
3399,1608
4736,331
1595,1368
1789,578
2652,1617
3876,1838
4887,4413
291,1267
1931,3981
3127,4106
2201,3131
2360,2385
4918,4519
3050,4203
1836,4222
4061,1739
1981,363
4374,3574
829,1710
1463,970
3671,1786
895,1684
2174,704
1207,3362
1984,2749
3057,4817
298,2651
3549,2820
4754,445
981,3176
522,2656
2236,4265
2965,4413
3115,2177
107,4611
4499,4726
767,2128
842,4023
4488,390
3413,4916
4099,2501
3006,2512
4406,2414
3947,1618
2588,2984
1726,3292
521,4349
1760,1132
1067,2400
2468,3968
4574,235
857,4766
1591,2415
3254,3743
4831,4972
28,2987
2284,373
3071,214
3946,3528
2825,2521
1849,1654
210,741
2839,1994
3149,735
1901,3000
2950,4516
326,4866
4013,976
3487,4481
3304,2391
2751,2851
3294,2713
1399,3904
332,2309
1314,1905
1602,4389
2970,4762
4758,2568
2577,2649
3486,598
4297,425
4944,997
3747,99
4912,2000
1438,2011
4367,1212
3418,3770
2056,1660
2893,4435
3159,3847
1125,1598
1436,328
925,1239
1587,229
4170,4125
971,4480
673,4794
4042,1544
4942,675
1743,2319
2767,2436
925,3193
19,2861
888,4920
2267,4438
4855,3141
327,3010
1193,556
3734,4757
1707,1505
3232,2529
316,2483
1385,1852
1123,3468
625,93
4264,4686
1205,1953
901,4724
3449,2843
2762,4712
213,3135
4548,3651
2033,3865
1389,3644
336,2831
4696,2493
1759,843
348,3320
3439,23
4149,982
2515,77
1359,1651
1711,735
3787,1422
4504,3410
4149,3026
2492,879
691,3146
577,3739
4773,1665
4193,1455
4599,4313
1116,606
2568,4720
4229,4322
4183,4418
53,58
1038,3656
1354,1307
2153,4323
3525,1328
2006,401
4802,1391
613,4958
63,290
2574,4290
15,2672
4996,3800
4168,1419
4898,1192
2452,4940
4819,1336
4756,1855
2626,796
3347,4501
1232,1014
4253,2387
777,928
1107,4290
3765,4290
4358,801
4646,827
3539,1943
2379,122
438,4800
1671,4222
3265,3639
2145,2193
2515,4226
2823,3847
217,820
1350,3607
2882,473
3287,1664
266,4204
3063,3166
2609,3977
1543,2588
1191,2887
1875,3223
2920,4623
311,3849
1116,1508
2854,846
3439,4931
2582,4642
3671,454
4804,1760
573,1474
2526,662
2793,1270
353,4160
4288,3052
3930,2772
1549,3989
4440,2424
1815,1115
2250,4005
1036,2027
1102,3986
2601,1406
3606,502
4871,2661
1042,1459
2933,4955
3245,3809
4804,741
1433,1328
3096,2852
3653,3908
3835,4452
22,3415
1375,1859
2992,2959
3029,4723
2119,1639
1848,4724
4929,3180
2214,913
4236,780
4212,4849
1598,3497
4184,1260
2565,2687
3025,2000
3066,3920
1412,3733
2286,4841
2437,1060
994,928
2712,966
3420,3943
3454,2295
751,84
3111,3575
482,1228
486,2061
1350,1236
3855,2190
2083,1634
645,3960
3590,2361
86,892
368,3259
1358,1807
3746,1138
4559,3143
1068,2882
2504,3529
153,1506
72,808
64,2502
3203,4992
3196,548
1624,1444
2655,4124
2646,2432
4737,1003
1721,3076
4248,1034
3921,655
4629,791
1931,3851
4705,260
922,697
3002,2854
1227,1059
4319,2903
1815,659
4151,3042
2884,3482
3886,1948
1555,2621
3834,85
4033,654
4270,2753
4900,2868
1026,1353
1463,4628
4289,254
2207,1237
4025,3666
382,1405
3737,4292
4927,849
100,2600
1768,2524
2749,2540
2618,2030
3062,4805
4166,551
369,3494
1086,444
4416,3402
2367,1278
831,1541
1291,4022
4511,4297
952,1722
3856,4586
2223,4419
3636,4456
586,4418
966,3215
4932,3960
1259,1552
1541,4673
1316,1400
4628,1063
4476,3047
2530,2078
1229,2974
3538,3979
3115,4504
3796,1051
1334,3910
3502,3383
4225,782
1558,290
4756,405
1598,1917
2788,2881
1283,86
4481,224
4532,138
700,4263
1741,1653
4076,1635
2581,3021
2066,3402
287,4831
175,4194
3861,517
889,4744
590,4103
2352,3164
4783,464
866,352
4675,1744
721,1843
2503,1401
3453,1052
3026,1691
1431,255
4254,2490
1937,4982
4467,310
115,3552
2615,4108
2423,2787
3418,1758
3122,793
2822,2793
482,727
1613,4477
3156,4523
2226,2059
1928,2811
1015,2837
1282,1089
1338,45
625,4207
4195,4392
2587,1142
4687,1212
2860,111
619,103
951,4478
1746,200
3463,2916
2854,4530
1330,4014
1186,4383
2065,1531
4379,1426
1327,995
142,215
2279,578
617,1433
4877,3525
3072,3373
1776,4623
4073,3901
2559,1109
4611,1187
1629,1470
115,483
4064,1839
59,747
3560,961
2483,1141
791,2559
1645,4954
923,2647
3340,175
4716,1678
481,2059
4756,4751
4458,4244
928,66
2228,3355
1413,813
2835,3547
1831,2001
1998,1836
3614,1089
1580,3430
3853,3705
1161,4413
3803,288
4769,4490
3080,1898
4157,4649
1563,4639
4470,2707
422,4526
616,4325
582,288
3830,1403
2201,3699
3699,762
1197,223
2450,2675
456,4259
4341,2450
1392,1611
3892,4835
4766,4745
58,4030
4825,3920
3092,3271
1823,4709
1594,1794
137,2791
4012,1904
1950,3739
3651,765
3199,2538
1153,4009
506,4000
3348,1958
3476,2592
3378,4667
4918,2703
3329,4989
4063,3916
3182,728
2609,2421
4730,70
2346,3885
982,2807
3276,4380
4392,3486
4575,4943
4256,4373
2929,4904
4819,4884
4057,463
537,2002
2285,4730
1717,1560
1034,3428
3005,1706
962,2435
1445,1849
2605,4319
3574,3046
118,1138
3766,74
4712,3987
1995,3845
4364,2625
884,2250
2752,3096
4569,3801
2042,2828
3148,1053
433,1888
808,4428
696,2151
526,4548
3973,4843
4061,4671
3527,2029
3091,3485
67,1876
1188,4175
2169,1713
2141,308
3457,3788
1247,544
3042,1789
201,2072
1730,3014
2556,3477
6,3689
3732,4586
2441,1650
3865,1847
2991,4773
458,3299
2373,1466
4509,2504
1039,148
3934,1745
1500,1697
3493,2644
2401,3512
3505,4556
2058,2808
360,4501
3128,2248
2915,150
2972,909
3826,4590
3306,388
2330,1953
1585,3054
3499,4621
2980,4066
3558,4661
2125,3948
37,1075
393,1873
2595,968
643,2147
1072,779
755,2512
1749,2916
3174,2360
1475,3189
936,3934
66,1310
1824,2831
4090,3013
2603,3404
1337,1321
3442,1341
4375,3526
276,4987
2133,4937
915,604
3872,3431
3299,3347
1962,2355
1497,4017
607,4335
4585,3227
921,3102
2860,3400
80,2033
3170,1391
1126,3005
3553,4455
1591,4456
2962,4165
2849,498
797,3194
4897,2660
711,4297
185,4422
2617,2698
1174,2965
2387,293
1703,4919
3641,1512
4603,71
4619,1342
1241,2588
1610,3709
4894,4724
1959,1898
4447,4992
732,340
1402,3540
1007,1732
2007,2334
1109,4996
4386,1966
3432,2254
2101,2274
1360,2812
4736,3839
997,1500
526,4329
375,3846
18,3987
3992,1501
1532,2257
3438,748
1167,3310
2177,1387
821,1217
495,1962
2434,1106
2475,392
3447,2750
3483,1357
2960,820
3334,1565
2313,4065
3004,3205
4225,4315
334,290
1768,2677
2264,4134
4427,4606
980,282
837,2499
3483,187
4857,266
132,3731
3288,4807
4079,842
3701,3770
1634,665
1171,1061
3682,4281
642,1968
1842,668
1519,1868
3088,3473
3779,4478
2786,1249
1995,2505
318,1164
972,2110
2541,4479
2677,1934
2504,1170
1910,2656
4766,870
4359,1786
1019,99
1233,2533
3214,1440
496,2476
3826,4327
1068,4854
2827,4588
1808,1321
3475,3787
4814,4041
4130,2170
3571,530
3250,4669
786,1286
3659,1760
3643,3674
4399,2125
2794,4280
182,406
613,4899
2788,2709
1660,1985
3481,1705
3200,2545
904,3167
2348,4736
2020,1662
1918,4939
4741,4709
1771,4179
1312,853
3774,208
3198,319
3727,1539
4964,1570
2620,3337
299,2468
1753,3471
2137,1538
2465,2611
1923,3235
2804,1084
3264,1174
3422,521
358,2288
4064,1165
4538,1864
2013,2057
774,3782
312,1862
22,2899
3212,4419
358,3328
109,2551
4823,1637
3281,3227
381,464
824,1856
4341,3276
622,2415
621,180
4268,265
2835,3895
868,43
4586,1869
2622,1055
3979,2377
54,3351
3060,3940
2246,2045
4878,2728
2362,4578
1921,3409
674,2781
1188,3514
1219,1048
3332,1172
2757,4528
2027,4594
412,1683
1116,2035
1553,3012
1156,1814
1028,1632
451,1251
2346,4076
2807,1753
2098,3940
2775,376
4224,2548
2549,115
922,1955
3158,2617
3102,1799
4478,164
1340,4495
2526,2839
1476,4831
2882,968
4131,2446
2014,695
2843,413
749,4751
2206,4957
2280,4846
2490,4092
4334,1126
3232,2402
4892,694
3130,3756
4245,2336
405,4580
4975,4148
3002,1866
1911,3386
3171,656
1480,4618
2173,1054
4436,2660
4196,4471
2319,3448
2342,1444
3843,2867
2175,3242
1947,67
1773,3908
2366,647
2811,3325
4157,1401
3652,3947
1167,266
1306,4163
2194,2178
107,2800
2335,285
3921,4185
2489,1293
3653,4198
4258,4404
2,4930
4599,3011
3908,4828
1790,4218
3759,629
3356,4011
4043,2804
2605,3331
1656,1181
2251,398
2908,506
4375,1451
1601,1585
3256,173
3611,3084
1382,3121
4713,878
3287,1959
4656,3758
3149,2235
774,2409
608,52
874,3715
4803,3771
4807,2881
2733,4377
3520,1234
408,4377
907,1711
4786,3129
4189,216
1749,1164
371,3468
1889,4326
4299,3615
822,4083
727,443
358,1417
241,4916
1031,2477
2731,1793
2511,4718
4638,1651
4440,3407
1776,1147
1814,431
3484,1947
520,155
172,3214
2702,1643
1896,1043
4061,3867
2444,326
2323,1648
2525,897
1210,4717
746,4748
775,3694
1658,394
50,2791
4809,928
4949,2074
134,4777
3149,751
1756,4862
444,1501
4925,563
4005,4567
798,1004
4096,4892
3017,2849
2479,2547
4008,2718
1600,2616
2695,706
4285,464
3165,3006
154,2134
4455,2842
2297,2491
3175,4625
2361,3179
194,1950
4869,2271
3242,2755
4202,661
496,3774
3969,3559
1950,3491
4390,1252
436,53
1540,1037
394,4360
3654,4862
2479,2006
3443,2501
4674,3834
3872,2583
2261,4744
3172,914
1774,2784
1182,463
4279,1604
4400,883
1592,46
2846,3821
3090,4456
2919,15
2628,576
2989,4862
3224,1804
4729,2633
2750,906
2726,1289
1061,1072
2674,3569
619,193
2681,1800
4260,822
3124,4933
4673,2104
1783,3201
3237,4130
706,3028
3567,4553
376,8
1045,748
3825,622
3518,3241
1461,737
3246,4832
3081,3198
3423,3370
2292,1961
4528,4827
1578,875
611,1195
69,1047
1639,1351
2316,2958
489,1766
4715,2551
4778,2104
2967,4005
4489,1856
4852,1620
3818,2794
426,3039
863,2074
4295,1706
862,118
3729,1739
2935,2010
89,4440
2852,2220
1695,3492
7,4262
4869,4415
97,988
3553,3779
4238,392
2093,2194
2453,30
2387,2839
3202,2145
1620,226
3537,4661
2671,4557
631,3787
3266,2288
873,2692
3397,3016
4668,4094
783,2681
2678,1219
362,3095
3582,2400
2928,3857
1206,2104
964,3876
3041,1024
3752,4962
4019,4286
4258,4685
3227,16
575,1194
2756,109
460,2052
2248,1262
4074,2297
4625,2781
2238,4607
2188,3395
3179,881
47,81
2231,4001
1969,3166
15,953
384,1765
4111,889
85,671
4808,3806
1980,2686
2710,4988
4293,3069
1431,2995
4240,3852
1081,1713
2144,4294
2,892
3397,3138
2811,3745
2542,267
3354,1958
2975,1469
2878,2376
3680,2569
330,167
3954,110
4536,1242
449,4913
2330,1226
1886,748
906,1299
1286,4853
3774,4394
2448,1922
2127,4712
2486,3436
924,801
3785,3312
598,3717
487,693
4335,3531
659,4082
4304,1764
4012,2943
3076,777
3491,3914
590,2995
1454,3638
141,4341
3117,435
1452,1951
4592,3465
163,4271
73,778
3975,1773
35,3353
1123,257
3399,2210
404,3996
524,2149
2254,3483
2539,162
2792,522
2008,1661
3240,305
273,3830
801,1751
12,4064
2683,607
1902,2445
413,2781
3028,3004
4606,3753
1090,2248
2432,135
1794,3589
2407,4869
3446,1149
2629,221
469,2732
3936,3394
3321,2015
4690,1071
3179,2795
2429,2482
1575,3291
1991,532
1577,2864
4578,3145
781,4843
4447,4894
1280,1747
1279,2948
3075,3534
3746,1027
2916,1340
3485,2859
706,1079
336,3977
1806,2703
3364,3315
3155,1871
778,4743
4403,4519
2892,221
1090,3214
769,3590
1540,1290
939,4211
4263,4442
2377,3440
194,614
2032,3793
3028,1322
1066,2058
404,3451
1462,1033
2624,4347
4387,3963
325,1228
4022,1210
2841,1811
3193,4364
1381,4362
3635,32
1430,3869
185,2559
2707,3652
3627,3294
365,2787
3196,790
3827,1799
854,1760
4409,2085
3910,2862
2779,3342
3338,2572
4926,330
426,4588
4622,1889
2021,467
2673,4595
1639,440
4780,1217
1763,1698
2857,4187
4085,3987
2855,2552
2451,4725
3033,4138
2980,3649
1205,4802
4125,4901
3160,79
1715,901
3388,145
4559,2354
3375,4702
995,1084
751,165
1250,4691
4176,4969
720,466
379,1956
48,811
3078,3663
3459,3290
413,2527
220,4584
3766,1831
4478,3752
2556,4325
3095,4513
1364,990
4115,4079
2695,3970
177,1068
3648,2294
913,2672
4816,1217
1859,412
4606,4753
4617,1420
2357,4250
4579,767
3673,2374
2887,601
2902,888
2999,1410
2740,1545
2175,371
4220,2222
936,1245
2189,3853
1000,2165
4962,1866
616,400
1113,835
1316,759
3673,2172
4282,492
3787,1640
1656,973
1935,2492
438,3796
4760,35
3460,256
3242,872
560,3982
2625,1464
151,4991
2384,4304
1243,2728
3283,1461
3789,3355
555,4409
1996,2806
756,910
2314,1356
2569,881
1304,3465
1792,4916
1485,1033
2310,1941
307,3852
1592,2529
3035,18
1584,672
1765,115
4288,3244
2797,4633
685,2346
1948,2667
4272,4071
4118,4059
560,4774
401,1319
3831,2786
2474,4464
1227,4806
3979,3093
665,4647
2543,2546
12,3710
4814,4145
4071,2889
3620,555
3144,1591
1668,2213
3419,1370
4223,1597
4096,3732
1222,494
440,2643
3008,2040
2493,3919
4930,771
1009,4302
1160,2733
1553,1005
53,244
862,4375
1190,1092
183,4318
435,3276
4141,98
1212,4503
3996,2067
1066,3099
1546,487
1381,2340
1676,861
3308,4476
2610,3330
4576,4110
1268,1146
3805,166
4851,613
2092,1408
443,495
2662,4495
981,2510
2590,4318
3808,4023
370,3010
4594,593
362,4753
2878,4847
3904,3618
212,1618
1864,4965
1432,4548
4154,2494
1992,2426
4791,4236
3542,2693
135,2851
1676,66
3829,1060
4075,833
4653,3073
1693,4469
1719,1045
1567,2014
2331,2581
3948,2213
2373,529
2390,733
4445,648
2505,2918
2085,4080
2959,635
657,1920
688,843
753,697
4737,4415
1494,4456
250,3735
3817,1910
1640,215
295,4834
1931,2896
2478,278
4359,398
1990,2705
843,2933
2745,1108
4363,2136
2214,2639
1174,1388
4700,4606
1425,2030
1484,3571
2154,650
537,281
3279,2763
818,992
1514,4898
4058,3388
2036,1584
3432,503
1387,3632
4653,509
257,322
1872,467
740,2488
2434,216
3482,2681
2924,4647
2322,3529
988,3102
1416,1577
2390,3496
1500,3379
2216,4257
4701,1907
4380,4598
2716,2770
3442,3688
711,3292
454,3447
1574,2700
3466,1880
156,2401
4171,2798
4136,2641
1574,4513
1523,4865
83,1336
3985,1052
1896,4962
3178,4820
4030,3059
1359,3167
963,1406
734,2122
1563,652
3749,2215
4263,4894
1093,965
3626,4109
3364,2429
3383,119
1822,4220
2253,115
992,2043
983,2043
3119,2683
2022,155
3909,4926
4788,641
4247,2543
2150,54
1645,2073
177,4515
1275,2454
2784,2137
2739,920
4117,4506
2659,2403
2776,3388
2208,4894
3133,2880
2895,1348
2213,2043
3755,4715
3002,1376
242,2324
954,3582
4443,3120
1395,4849
4643,3067
485,732
4545,3772
4749,3025
3160,1077
704,3125
434,4395
4335,3967
4708,4582
1463,4189
2611,3448
1869,2901
1860,2308
114,2348
2496,1112
2912,2657
973,3582
2085,1460
3623,955
3855,3683
1156,891
4688,1410
3401,4932
2484,2989
4197,3412
4639,914
950,1402
4538,1055
2786,2994
1266,621
523,3360
851,1466
2914,3209
1383,4645
3430,4109
4921,103
3309,2074
4783,2979
4789,1567
2410,4162
806,738
4812,3320
1279,1636
1695,2798
2512,1150
764,292
4549,527
2159,4362
2806,3954
4544,1707
3702,64
613,1336
3384,4804
4642,4846
3646,4139
1616,3021
3330,3197
4489,1610
1843,1978
3068,4160
167,3508
896,3346
1289,1589
3728,3898
1327,2807
3751,1902
1344,4895
980,4736
829,1689
2240,2992
1775,2087
3684,1434
1714,4847
4434,1459
4836,3206
302,24
4758,194
2594,4462
3593,4614
740,2683
3947,2714
2579,4268
2061,2827
4016,2739
4226,2403
2295,4259
4906,2743
1206,4862
2611,4471
2133,3791
4722,4337
3390,2156
4674,426
1171,2941
840,4901
3625,289
1959,3445
4731,1897
2685,608
278,4281
4352,1811
120,2849
4638,1780
1024,3325
1902,1803
2182,1295
1043,856
2786,1398
4753,4483
1487,1623
4663,1018
4453,2509
1176,1628
658,781
3405,1438
2141,2457
1660,4162
4838,4142
1543,1207
1096,867
526,3990
4580,4618
3154,3614
291,711
4774,329
4314,2516
384,4114
666,1413
974,1075
2315,3105
1107,3347
2450,624
4267,2579
3099,3790
2042,2521
1388,2985
925,4595
3083,3121
1485,4262
2270,4107
874,377
2035,1394
993,2412
1427,345
4033,712
1095,4972
872,420
4778,4750
560,123
1791,4560
653,4400
2190,1922
760,1088
2229,2638
990,2935
2216,3404
3062,2198
2333,1602
3743,1475
2950,3145
2514,2631
4454,3292
1269,1423
1748,4047
4554,681
4112,2875
3892,219
1482,32
1362,4433
815,2318
1098,3076
2772,4486
3914,3401
654,1614
4943,3273
4613,2555
4467,2645
4710,1273
441,4188
4525,1052
3468,2977
4512,2283
2658,4154
1874,1997
4038,844
1893,1358
4176,564
857,4470
4593,2623
1934,2544
4021,2335
1170,2312
1395,2188
1420,951
1731,937
2537,3526
2045,4752
277,1077
4241,3803
1904,1395
2247,2594
1613,1388
4581,1651
1650,2966
1685,4536
3151,3233
4311,2769
2090,3681
2354,3385
4242,4230
3763,3448
4001,2121
4192,4392
1082,3216
4761,4013
258,2039
2275,4787
1094,2987
1927,1886
4427,1949
4638,132
3023,1081
2558,2517
3771,2670
4409,4901
4600,2982
74,1215
4136,1144
4835,1177
3627,4124
1804,458
929,4249
770,891
4011,3098
4453,2792
3320,3610
604,161
4620,3721
4194,715
3439,1784
3239,1507
4614,556
4900,2934
619,794
4495,4721
4303,2248
4610,2042
1655,3280
2117,2972
689,1300
2725,2147
1659,3593
739,1748
2715,3232
4374,4963
1068,1585
2526,2146
1960,442
244,179
1863,4288
4795,2228
4598,1287
3278,1323
2207,508
1713,1060
4804,1277
2026,3574
2899,3732
516,817
2468,2949
2042,4083
3072,1199
4425,3956
2599,3962
4571,4055
231,1015
1421,4894
1762,1074
1979,2129
45,1982
3957,2077
773,836
3920,2325
493,1964
634,4171
3193,3172
3238,2819
2748,4462
4399,3423
3018,2135
2731,3024
2800,524
1281,960
4774,3751
3595,4029
3415,2019
1554,1878
133,1431
3412,3720
31,4527
2975,875
3757,4569
576,4230
70,3587
1717,3356
952,1231
1236,4227
2687,2174
2008,2804
3132,4885
744,2972
1200,4555
2589,4606
3469,1589
4470,2898
1928,568
2013,2534
1878,1704
68,3498
4306,378
4796,3668
3578,3001
3574,4012
501,3226
1237,3931
2945,4080
4818,2365
3829,1548
4500,1189
1764,2766
2510,2609
1768,4383
1421,4328
866,182
1671,2188
1980,3744
1693,320
4203,4866
4678,545
3359,2955
3496,446
2895,3631
1322,2556
4934,4282
2615,1471
1537,2893
3705,2363
4862,452
4283,1495
2282,4837
24,3446
2739,1455
2869,3985
2020,2604
4347,3625
3097,3499
1608,3755
3684,2408
1722,181
2704,109
1310,4143
1917,165
1398,3820
739,275
138,4422
2696,2185
1313,489
4557,1856
1387,68
1701,1046
2745,339
2297,4462
1077,734
4845,1849
912,4214
4371,3718
4450,4723
3109,2892
3453,1124
4718,199
433,1180
2125,2689
4689,4897
1529,3720
1266,3593
2507,3143
612,4847
1391,279
600,2248
4599,1499
823,1314
463,3920
4364,942
1517,4133
3120,4269
557,1254
2520,1133
1756,215
4561,3081
775,295
2744,832
145,3322
385,2111
1588,104
4674,2184
1400,69
4156,3668
2853,3462
4286,244
2171,2237
1164,827
4812,1400
364,2262
377,2258
4523,1035
2073,1036
505,3752
4800,3078
3979,191
2819,3838
3606,4457
3327,1810
3324,264
3396,730
1445,1707
2870,4345
3119,4657
2714,1218
3522,2567
845,4854
830,3427
2107,1154
493,2107
668,4329
1100,4190
2731,1562
3608,4423
1586,3835
534,1389
1400,3058
3225,1095
1560,1488
2175,1799
3249,4228
4493,2965
4564,2886
290,706
3628,673
4743,495
2179,1244
2884,4752
3308,2388
2541,1890
3813,2848
4017,4424
918,1682
3136,1075
1773,1035
2290,3520
3060,1030
3531,1242
1474,3766
4745,2525
1848,1621
3592,3694
393,2264
120,2694
2895,3081
140,2550
3215,2144
66,2504
3152,570
321,4599
4869,3148
2221,4665
2640,4142
909,1364
1468,2051
4659,653
3402,4306
4301,4937
3489,3414
2503,3461
1596,1359
2351,3476
2697,2835
4184,3752
4104,3692
1204,4164
3838,3028
4282,380
2796,4056
1813,3318
1564,1579
3958,1954
1048,4645
3592,3925
3531,4034
882,280
4118,2075
2179,2007
2854,3964
2601,2662
1983,1896
1187,3705
3124,4745
21,1086
2835,1210
3439,905
2836,1977
1022,3574
1390,3897
1511,4403
1898,2048
4911,1921
92,2856
4807,2322
3594,96
1485,1194
2476,4713
2318,2710
2102,2930
3073,70
1852,4065
566,3466
511,4071
4146,4576
3239,639
2366,575
4682,1163
882,4704
334,1414
56,831
1000,708
4404,2741
2817,1186
4516,3011
891,3363
395,1490
1070,4697
1819,2681
4279,2477
4102,2068
4889,1341
4748,1987
860,3898
2444,1919
1993,2410
1167,1059
2345,2799
3491,2929
3562,4069
2014,345
325,4521
4297,3970
1560,1720
1120,2875
4475,1259
3790,1435
1437,2635
3802,4835
3492,4309
408,4219
1540,2491
3564,2667
3144,3317
416,3398
2826,301
2040,2325
186,2726
2050,1114
4455,4881
4789,3495
3278,2788
3737,1913
1411,2099
1699,2378
1886,3890
2005,3632
3723,333
4729,2459
1347,1082
3178,4204
3905,1378
811,246
1569,3802
2009,1773
3252,4666
2396,1633
1386,108
121,4607
4741,3149
1161,3067
1862,726
201,165
4454,2007
738,262
2611,975
2238,4281
1707,2669
866,284
1704,4230
2554,2708
4138,1282
1326,1993
2265,2192
3775,4481
4058,2932
2842,2602
2655,1685
494,3502
784,1071
1251,1571
4963,1675
2334,2739
3265,3912
2303,2765
294,4243
3951,1409
4044,3693
81,3789
358,1791
3023,1788
1857,4952
4898,3169
1019,4850
629,4298
679,1584
2702,1069
3337,791
4837,163
2932,3786
2943,2103
2331,4772
1364,4802
3793,2332
1313,167
3136,1911
2360,2283
112,3244
4032,4576
2645,983
3234,1720
4482,2872
4883,4399
3651,4518
4185,1410
2463,1006
217,2894
2200,2812
2852,2995
2929,1086
697,469
4707,2254
4806,1647
2898,1308
4925,1240
3085,3352
1778,4895
3033,4000
662,1874
1829,680
3844,4726
2687,3015
1972,3060
3792,1360
2540,632
1142,3636
804,429
2738,2695
3118,1628
747,1660
4670,3709
903,3721
2704,529
3626,191
4130,4313
4177,4783
533,1528
4305,1259
1117,4208
1886,1746
4306,3519
898,2187
4794,3844
2167,2529
3645,1814
3669,1051
3082,3286
556,4395
4996,3097
3921,67
3018,1788
4833,1547
3977,1308
3160,3566
1006,3512
3926,2783
4680,1660
1905,1385
1357,4701
1078,2012
455,20
1185,2504
4625,737
2559,4288
1966,3088
2792,3868
1697,4074
4672,2181
1178,754
845,2669
3206,4389
4319,2054
2854,3330
4596,2160
1636,1647
3285,4502
3473,3858
1007,2667
1191,4052
2587,2902
2565,4899
2737,1726
3188,2637
1975,494
2921,4812
2768,1565
3818,1990
1296,2615
4943,62
4605,2286
4249,2582
1706,3020
3349,3189
3486,4967
3806,277
2421,4541
4145,919
4635,577
2178,3501
3195,4231
861,2914
2632,1642
4421,1867
467,1395
3024,4949
4004,4746
2364,3343
3620,2501
988,2692
4367,771
3874,4893
4613,1205
4765,956
1747,2036
1211,462
2796,3776
3610,3410
277,1238
3214,4469
4051,4147
3130,1305
302,4662
71,3541
626,1335
1961,3106
3292,2331
945,2583
3819,4345
705,3253
3467,1816
725,4384
4604,3189
3699,4155
159,4251
3207,2689
3295,1612
1536,368
4572,2544
4934,265
1562,2394
193,203
3453,2023
1336,1077
2946,1713
2916,1310
4886,4975
4711,2560
2663,3167
3586,3810
2399,1010
3515,809
1437,1475
2462,2372
4135,4386
2398,1246
4066,3781
3880,459
1669,4022
2296,2032
1174,2635
4443,3668
3243,3825
4147,3176
4346,782
3589,3913
206,2440
2640,3421
2722,1739
4288,4984
2874,2291
3363,1420
453,1481
759,2329
2194,1176
4417,1480
4244,2872
2000,2503
795,3316
2720,1041
1720,655
4886,3611
571,1251
3064,703
1343,4497
4858,3260
2274,3111
898,853
3994,4522
4993,1076
3395,3582
2890,3826
2120,1881
1457,2058
2089,4123
4313,1778
766,2439
1995,1203
2532,3460
1145,853
1726,4544
1372,2336
3592,1067
206,4727
4071,1895
1857,4173
2422,2026
878,1321
621,1996
2303,2661
2877,2890
2853,3264
3394,1403
4177,926
1205,2800
3766,168
912,3580
1620,4207
1592,1038
232,1779
4862,1596
1740,3711
2354,3585
4298,2122
4119,1154
4265,2446
1440,3079
1825,4206
4813,4887
2144,961
548,2553
2703,1923
2826,4518
3649,1317
4235,3291
591,3643
3020,1469
196,3852
1980,4789
4276,1894
4376,1444
1479,3349
2309,2214
1116,382
3375,2022
1807,4055
144,2624
1759,929
130,1494
2019,309
502,3600
2048,1463
4671,3909
4216,388
778,1875
4134,3838
3270,2459
1553,4424
2786,183
888,1655
296,3294
4124,3569
3129,157
2201,4925
3751,574
4833,4053
1269,3864
666,3052
2090,2340
2856,299
3721,2795
197,1960
381,3188
1397,4777
1603,4987
4142,4588
2580,980
2775,4248
589,2377
2815,4456
2023,2784
3596,4174
378,3217
1248,431
3177,2952
1046,4269
4125,4928
2217,2798
3680,139
130,1110
2592,3903
291,913
3620,178
2435,135
2065,2820
2711,335
4139,4540
4556,3835
813,3033
4450,4681
2478,4518
2113,4379
2360,3177
4617,128
1494,2405
19,2610
2441,90
497,4586
3668,3113
2655,3166
1341,292
4766,4344
4964,2796
1691,19
1299,3443
3546,1612
1060,210
1522,4001
2302,1298
350,4016
2949,3852
4350,3955
3112,3045
98,75
1770,4198
1740,4870
24,3087
2737,4954
3852,3236
3853,3056
3088,2497
3889,3835
3554,2753
3705,3473
1848,2475
1718,2913
3718,3692
1811,2575
4871,990
4939,998
3114,94
2974,4458
3299,779
2462,1852
4721,3340
4913,274
746,2159
3085,4607
306,2106
2628,3565
4380,2999
2507,2292
2312,2707
4753,3152
3637,4237
465,3783
3731,2265
2157,1662
251,69
238,4701
3798,2033
115,339
3122,4245
530,4126
2467,1417
4900,1614
1299,88
4604,1440
4454,3870
4654,2929
4864,2119
1676,1539
4686,2771
364,2860
15,1153
3487,3451
1500,3225
1345,3978
849,4688
1723,893
556,3232
88,4608
1636,710
3900,3785
2214,127
1009,3286
1943,3903
3367,2906
2299,3532
3725,1673
835,1021
951,2345
1119,2114
3888,2003
4834,2558
4122,503
3133,3696
1540,3994
4295,1875
3042,3925
2762,2346
2347,1928
1176,2339
4471,771
1574,4605
2467,2576
3469,2612
4696,1956
4054,2954
3499,4345
2166,2082
1337,1275
2522,1807
2868,3233
2960,3406
3093,4005
4648,652
2443,758
2761,1758
4270,1377
2811,3817
750,2679
3406,3179
3692,353
1280,4370
4966,3154
4781,4648
2789,4506
2078,250
2566,4177
3665,450
2962,3159
2402,2254
4941,4361
2997,4253
1771,2260
1697,460
669,4684
1099,528
201,467
2919,1759
2419,2671
3246,2859
306,1958
2450,4122
3501,3796
2153,4716
4696,2729
139,1165
4393,712
2773,4684
1408,671
51,2368
1670,4444
4819,2817
3256,752
3285,1190
3988,2747
2925,2737
4430,4871
370,1046
4885,3794
1233,2475
4985,4289
124,2594
3590,1205
4310,3189
1811,351
1914,1472
3129,370
3847,4484
3771,3087
1138,2991
4674,3160
2863,2653
22,3908
2302,3370
1501,2233
3847,2421
1610,1851
463,4071
408,3934
1431,1153
4448,1392
2020,4625
3012,1639
1769,3042
4846,3637
4554,4387
1961,140
3462,4794
4359,1870
3739,2028
2432,591
132,1316
3652,3463
3090,3586
2172,3025
2205,186
132,1864
837,4679
2429,4138
4646,434
2707,1617
1082,1536
2478,3074
602,3913
4920,4251
2724,2656
4952,1994
3950,3199
3931,748
2859,773
2106,1721
976,2097
1076,3362
255,3621
3368,3056
3783,3466
1084,3179
1663,795
2578,3208
706,3379
625,3669
789,3596
1559,1503
297,1934
670,3021
2403,2180
4380,4922
618,2421
4688,3729
3780,1240
1176,1964
2900,4928
3689,4628
4184,4534
2457,1987
217,4927
408,3225
1469,2815
3915,1504
2896,2362
2783,3612
2692,2618
3631,77
3674,2730
852,662
1103,513
22,64
388,2134
3428,3020
3357,3868
3284,3418
878,831
4021,296
2294,1163
2801,771
4529,649
340,4971
3141,4859
1497,787
3983,4709
2107,4567
3836,550
4916,3846
1251,3752
4825,2284
3839,4759
240,4908
2106,2266
1343,1596
1392,4338
3828,2079
2478,4463
3824,3522
1556,3841
4096,1699
4651,1089
1112,3460
1165,2604
427,1533
605,576
4007,2192
3183,4296
4100,3642
3266,4737
1380,1080
1128,2352
2768,3082
4434,1100
3161,4478
915,885
25,3233
4645,1145
4129,1803
1101,1945
357,3706
2628,892
1253,4343
2868,4412
859,3506
4803,3212
529,4284
3586,2471
768,1883
3167,4548
261,1709
2400,2344
3790,3515
401,2790
2832,1868
2199,1419
1673,3811
4570,4915
3757,1693
1783,263
1214,1492
3925,2831
3951,4115
2681,4043
3421,753
2159,1068
2899,3333
2282,4109
1295,4793
4634,881
4971,4539
2963,3980
84,2405
1642,3455
3683,1438
2373,2457
3424,2877
984,2670
1109,2923
4159,4210
3935,2500
1748,456
3500,3024
4142,2446
1840,3193
3456,4979
4983,2508
1638,4174
743,4760
2143,148
414,1108
2378,1559
1870,2395
2917,4685
670,3266
4794,4637
2436,4734
4165,2604
496,4871
4546,2231
3459,3918
1030,3341
3318,4866
782,2101
1570,4354
2248,4814
3412,3783
3651,2677
3164,3119
287,964
4826,1267
1573,1254
2009,1414
4857,4583
4726,748
1240,3791
877,4482
3595,3173
4572,3268
4281,2457
1246,1294
3908,51
1275,3274
565,4984
484,1119
100,3775
3370,424
3413,3099
4899,4064
3469,3090
4353,3844
3001,443
1684,3049
2591,676
4815,2129
1600,2576
461,2386
2748,2360
4156,2740
4083,4413
2132,2405
350,1102
1560,1607
1868,763
2383,4601
4914,96
3482,2430
657,800
2983,3181
4583,831
517,3736
2973,3371
257,1174
2884,1181
4778,3227
1378,4029
3144,230
2005,1207
4570,3547
681,4376
1968,579
446,3281
2352,2181
471,685
4252,713
11,3813
3602,916
261,410
1589,472
3462,2858
4874,1028
3876,653
1481,82
1240,4360
1090,4706
2425,1959
4604,1422
287,1910
2109,1712
569,4163
4096,1683
4024,3170
2022,4245
2138,4728
3596,1358
3482,2559
2071,4915
1858,4885
3349,4646
1381,3791
2806,2760
2220,270
854,1075
2766,3668
4651,2870
4222,489
4549,2457
4538,926
2973,3333
4456,3992
2551,1297
4597,892
1622,4949
3929,344
302,1083
867,2560
2258,3661
1134,4949
4679,1114
2908,3417
4768,168
1360,4956
4708,55
1623,934
1212,4414
4248,2309
335,1846
3583,133
858,3151
4844,2131
4158,2946
4093,2663
4582,2597
3152,1694
29,2342
3267,2886
3364,508
3147,1306
34,1148
1970,1893
173,3694
3284,1589
3993,851
3039,371
560,1291
3278,2065
2539,4952
3987,401
1827,3480
2337,1358
2470,4223
71,4846
2739,2693
2961,3576
4007,4227
3080,4607
946,2021
1400,514
1666,1014
3516,4747
2257,112
1303,3949
2532,2522
278,3563
217,4332
4085,2975
4065,4896
1307,4345
20,967
44,1892
3061,770
1430,582
3710,1212
919,4611
4943,2162
998,2748
583,57
4828,1529
4223,4681
3414,4112
4243,4862
3755,4163
1065,1752
1370,2922
672,1288
3037,3387
4703,1869
2225,3631
3340,3072
890,3879
3077,2257
1184,1281
3654,353
437,1103
4457,4151
1318,498
2437,1881
1335,306
4550,716
2792,3448
3153,3221
2212,1016
2109,1817
3706,321
874,2053
1271,333
3677,4648
3730,1138
2242,729
1623,2906
3092,4921
1192,2263
2553,2860
3853,3072
2430,4147
728,383
996,4426
3556,4819
2804,1869
4305,1010
3481,895
119,2962
2384,4784
4706,330
2083,3510
1976,4124
1576,3569
1080,4095
1589,78
3761,3255
131,4153
857,1349
4835,497
3099,2544
3063,319
1151,3820
2579,2215
2574,1645
4482,596
1436,973
940,3639
290,167
1453,1078
989,1855
4705,36
3230,1425
3626,4958
245,1216
215,3854
2372,1026
2283,4685
3143,1453
4065,4399
1500,2000
406,575
1681,2160
586,2660
4358,4669
4849,224
284,4473
4109,1899
1550,4926
119,2854
1745,3679
394,747
1122,2209
2406,2141
3967,2271
4545,1261
1365,49
4343,4918
1492,4696
4026,1600
4212,946
1317,4127
4138,1115
2524,3368
2058,4799
2142,3985
4341,4560
2563,3756
1542,4831
4091,3097
3343,1343
1088,2354
1471,2666
4808,1121
2722,3450
4357,474
4775,1907
3775,2108
2498,2772
3328,1772
4140,91
3975,3925
4813,4963
1741,1440
225,4085
2907,2556
3449,1463
4133,2348
4609,608
1423,1180
769,4947
4363,4090
2421,4039
154,4779
4047,4298
2296,4746
2550,265
969,3493
732,528
4773,4370
1136,2368
2596,2062
3589,4664
3186,4894
824,2530
1725,3541
1410,3061
73,2141
2159,940
3437,1971
1505,2688
3079,3998
4944,2374
3527,2460
1590,3903
993,4865
893,1453
3671,4965
2416,4282
1275,1722
4039,926
2409,3769
3598,3165
2250,4285
1449,4570
4571,2605
3341,3465
4226,3610
185,2880
4428,4489
2722,4419
4413,2480
2110,2986
1249,1937
4477,3609
1211,820
1782,3434
2152,4504
1377,3565
2708,140
174,1229
4896,3288
1017,4990
265,4394
3999,5000
3103,2740
2353,4462
489,332
3761,1012
2673,3311
4049,1377
2480,4055
4958,2370
4131,2264
1622,2961
1903,1844
2740,4888
2473,3394
2758,4061
867,570
2004,1301
4990,1371
1029,367
4846,2976
3231,1095
2648,271
2328,4523
2244,3850
3622,1236
3987,2569
3989,2029
1519,2218
3399,1938
1115,4121
2048,3569
1345,984
4527,233
1694,2189
2390,1907
3180,3536
3166,4130
330,2931
2407,2638
40,2279
1724,4867
3138,4479
4542,24
3711,4624
2903,2485
3713,2263
908,18
707,3779
941,674
253,223
4456,2095
3137,377
2401,3718
1367,1178
348,1369
1301,682
2874,948
890,3848
1398,1107
2854,59
771,4712
4037,2783
2049,984
4539,434
2680,3158
2581,2248
4661,3970
3231,4279
2535,2460
2829,707
3298,2502
4056,657
2443,2146
586,3639
1581,3514
3335,1223
3744,602
32,1692
2990,1871
365,3899
4475,2778
307,584
3147,4867
1805,4877
1304,3222
1586,1239
1126,4973
466,602
171,1611
1784,887
889,1398
2586,596
719,4439
3800,4698
3269,3891
2579,4689
4933,1777
3522,4524
1119,1286
3616,1645
3329,4351
3782,4303
2805,108
806,175
2400,4067
1240,1373
882,2057
3865,832
2839,809
2985,4193
4119,635
428,4716
2953,2329
2337,2049
1667,2402
3614,2036
143,3412
2061,2615
3486,3170
1364,1845
3060,2358
4825,4149
4660,235
4342,3642
3621,1610
3129,3314
2518,2132
3659,1112
1703,1047
1666,2227
4849,4066
839,545
857,4515
2718,4587
4952,672
3903,1834
855,4975
4267,4477
2099,4084
3951,1386
465,727
3856,4731
553,4353
3959,3889
771,95
2593,3398
1525,4929
2336,4883
2713,4578
2638,1202
4817,2801
2854,1260
3665,4097
1768,3345
2023,3775
2183,2097
4420,2502
1216,1991
4261,1069
4861,4801
1435,901
3950,3070
4279,393
1792,1366
100,3233
2711,682
3198,4328
2682,3735
983,3420
4238,1364
1353,4683
1910,4358
576,2574
2939,1369
1952,2252
4529,4301
2546,1560
334,111
4650,3645
1499,356
2992,593
4946,3170
12,836
4803,4563
2252,1204
1026,4849
3483,495
1587,2046
2124,4080
1777,4178
147,3458
434,610
3252,3872
3400,1350
630,1268
1356,1798
3333,1441
1433,672
4428,2457
1562,1995
4140,2309
4164,2802
3655,3430
4272,1847
560,4494
2334,2755
2714,2177
1333,3043
2615,365
1204,4027
998,1374
2128,3425
1042,3063
3051,3972
2142,4610
3933,4272
3137,1780
1802,3255
3294,4117
3629,1556
3332,148
2785,2103
3736,1564
4466,1128
3115,2462
1306,4430
3905,3229
464,4227
1858,693
3923,3344
2104,3031
3343,4963
2258,3167
1609,2719
4455,747
2655,1263
1366,403
4665,3661
2323,2746
3747,1448
1766,3915
4326,1654
2690,2369
2000,4326
2799,4921
1128,774
1293,4599
772,1791
2477,2699
3089,41
2322,3862
1193,1775
4389,1439
4063,149
3906,3303
3082,2988
1051,3703
2952,736
25,933
1548,2981
4541,4048
37,1139
3877,1119
2139,974
713,341
165,3279
1369,460
3740,2118
4567,3444
4906,4294
1898,3659
529,1359
2510,1408
3292,3103
2523,24
1684,4377
1681,4281
2176,3545
165,253
3308,542
4297,1755
2319,808
2004,3518
2888,3872
3061,4056
1478,1795
342,3274
2739,1911
3426,4823
3797,648
3932,4817
3759,3625
1582,2299
1417,851
2952,1241
3433,546
4879,2942
2580,4835
181,2768
935,2482
2409,3370
4734,4857
1412,2872
1248,4462
1410,1719
368,2526
4941,2804
1604,4909
3365,4714
202,4794
467,4975
4404,892
4898,1837
1181,746
64,4425
4076,1068
439,1000
2306,3028
2508,3822
2288,2604
279,1141
3299,1616
1160,4322
4384,4258
2790,1357
4146,2705
3884,3622
2425,4494
882,4150
1543,3359
3467,2430
2252,1171
330,4948
473,890
1176,2046
2987,4313
1784,314
4486,668
1453,4711
3147,3060
1631,2567
1374,940
688,1964
696,3099
839,268
875,119
3993,4348
2729,1450
676,3415
1312,3462
3820,328
2633,2127
4530,25
3346,69
3552,2494
2964,1170
1309,3241
4456,2405
1438,3605
1965,475
1224,4339
1005,3236
4280,2519
1441,2643
1552,2254
247,1434
4817,3817
3635,2654
3159,716
1196,3748
2589,3563
2490,4273
4814,1538
2882,1362
1274,1977
2595,4387
525,4594
481,4629
391,4289
4935,3951
2760,901
2729,3555
1780,2684
2138,4482
450,354
2144,4458
1169,453
3436,2859
2461,4147
2962,3129
3082,2918
511,488
4542,4907
4466,2605
988,4306
334,3016
1167,3891
4650,3632
1683,4557
4927,1062
3884,4408
20,2625
852,3504
4878,1521
4293,4808
1747,62
4650,1895
2350,3096
517,2318
1974,522
90,1905
2658,3209
3012,4764
4874,3474
1154,559
1979,3430
2942,3854
198,2531
4503,1458
4200,1264
1489,181
1762,2216
3740,517
4194,4200
4341,214
847,2422
3827,2498
4594,3714
4771,267
2884,2213
3535,894
555,345
4753,2921
4328,4963
3831,4915
1307,1074
2521,2584
3722,4240
536,1005
1265,3272
4369,1096
3594,4696
3108,3220
1378,4621
3212,1487
2998,692
944,1115
4994,2855
4761,2728
571,798
3364,1872
871,2333
1688,1712
3721,4315
3423,174
223,2408
2695,592
2226,4829
4163,3687
531,4041
4090,2109
88,2754
2630,130
231,1400
2501,2136
1212,4077
4458,1064
4318,1986
175,2735
4424,4123
592,2289
4106,3730
3079,2975
2922,1638
1451,3847
1007,4069
1275,4028
1006,4824
507,4286
3507,2310
70,4097
2005,4690
592,3889
3900,2279
3306,1395
884,3900
1931,907
3067,2552
421,4937
3758,2664
4879,3427
1700,4878
3163,4226
4639,574
3082,73
1184,1412
4993,1282
1603,3135
4150,3653
3559,1308
1755,1412
708,948
3811,926
4973,2899
4928,3942
2223,2279
1402,2943
3075,1671
3814,2253
2809,1987
542,2616
3697,3581
4705,3540
3114,1485
3500,1894
2759,3858
1549,4364
1438,2738
2631,2928
4294,2573
3831,1863
365,3380
4120,861
4535,1713
2875,1423
2276,3700
3831,4342
2760,752
2099,4300
556,2952
1,4770
4528,435
1921,1024
2551,3421
3484,756
2308,3915
1999,1496
2858,3757
2300,3805
1733,4983
4192,2619
4907,3918
4538,4916
4179,704
3864,4836
3880,4649
2592,525
31,4921
178,1512
3885,1989
3042,3698
426,1430
3596,2656
192,3106
3154,850
2000,1547
3123,1387
2806,930
2234,4354
120,3784
2384,4165
4693,1087
1284,381
264,1427
1128,3967
4149,3531
3163,4563
2282,3789
1818,4996
3394,72
2456,3062
3471,219
21,3207
3558,2331
120,4225
1510,1820
888,2221
1013,4820
1662,896
2865,2942
2885,1144
2170,1133
1079,4697
297,267
2203,450
386,2185
3023,3087
3898,506
799,4234
3530,3241
4303,4853
4487,2480
1427,2962
2319,820
4498,1480
2396,2261
1125,2429
4990,2870
3038,1047
3975,4573
948,208
4717,84
2633,3537
4575,2912
2927,3895
1289,4190
516,2780
3739,1469
4337,4006
4602,307
1129,3906
1940,2796
1253,4266
3171,3098
2487,608
1706,2113
1391,760
1007,4181
3709,2761
524,4901
1473,3019
4719,4979
1491,724
1581,2314
2480,533
4945,4469
1101,3436
870,2583
3960,1825
1027,2382
3186,4676
2912,1437
2446,1281
3343,3672
1002,1342
4872,248
4165,2355
394,2749
4831,2040
3590,1113
1480,3598
3921,525
810,1061
1788,1122
2618,1566
2628,99
3784,4783
3591,602
3504,4479
4598,228
3546,820
1197,4760
319,4343
245,3974
1449,4031
663,2282
2212,1017
3502,4029
1803,2520
4080,623
1617,4307
1326,4604
2077,2490
4361,1918
345,3082
4239,4805
266,3399
3197,302
3944,1565
4388,4851
60,893
4868,4672
1237,4269
4135,4543
1276,1060
398,2581
1157,4739
1874,1432
2483,4323
4213,3319
4024,4781
1513,3330
1848,1953
302,3179
4346,2259
3075,4420
2833,123
1600,1269
4129,2708
3289,1470
3392,109
3216,1309
3912,2466
449,2694
859,3104
4327,2077
654,1642
2756,1549
3549,2755
1501,426
2717,1543
222,1333
3901,439
3253,837
3564,126
2174,2235
3424,2100
1635,591
1907,1701
3427,2622
1439,3796
233,4446
1264,1769
4575,2356
770,3763
4205,82
175,729
1510,751
1862,1621
3042,4008
2533,1018
1702,4757
2492,3978
2780,3351
1532,3861
2160,3315
4036,624
2725,2398
2593,2370
3089,4656
2828,690
4080,892
4990,1477
1546,1239
2779,4355
2943,4444
3549,3128
3554,4081
4967,2878
2819,287
348,936
3630,2946
1224,786
1882,2973
1028,478
4739,3658
936,2191
829,1354
705,1166
4781,756
3012,1633
1784,3707
2275,1822
212,4837
3413,1441
3558,3146
1618,4770
405,1107
4120,1236
4952,2932
1344,3230
3417,2029
2063,1370
3517,4786
3597,4693
3738,2790
4446,2861
1653,3288
2190,4171
3227,4566
4758,1700
2289,2908
3364,986
3260,1367
4828,2380
12,4
4646,4295
1320,3779
339,1934
3373,1924
1182,3582
2319,230
2756,2008
1984,1673
1697,1495
2602,1136
4493,867
18,2659
2281,2405
623,1176
1451,2857
1383,1370
3040,2560
2090,4097
267,4219
2588,1503
4671,1706
2056,3459
2775,2405
1335,3909
4708,3773
3454,1450
1811,4981
1651,1488
4043,1942
1712,4106
671,447
1423,880
2837,1092
3625,3425
437,4312
3688,3964
4298,2920
3261,3960
4950,4522
2241,3128
3529,3237
4021,4596
266,4629
1778,4514
3674,4207
2514,1538
1584,2566
4872,1102
4224,1676
1703,3592
4124,406
2565,2991
2267,785
1335,3348
3379,4154
1477,2191
3363,2337
2418,4857
2235,989
4764,3583
1107,4167
4795,1957
3098,3113
3997,2210
4420,2882
4849,3591
1921,583
3641,840
4708,4635
4801,4036
3314,3065
4137,3857
472,3125
1088,528
396,646
3036,4801
3468,894
1029,1855
1745,1394
2445,1822
1842,2971
4923,860
3137,1095
2074,4286
2021,2078
1832,1859
4854,1045
1221,270
2080,1974
3053,3018
786,707
1562,2558
2210,885
3564,2488
1138,3885
2852,3550
1247,4113
4490,2486
1491,1344
1864,2959
2086,2968
1227,1669
1915,1147
2494,3519
3912,3030
137,561
4015,1661
2712,1006
3438,3563
4419,1126
845,39
827,4601
2021,1495
2400,4590
1438,4669
1943,4860
111,2711
2034,295
476,1008
1249,3005
2461,1499
2050,2803
472,3266
4036,3032
3431,2280
3859,707
2976,2725
1542,2063
301,1532
4302,2772
3793,4900
1159,4335
2193,582
418,366
829,3473
3245,1568
4313,1058
4584,4236
3449,4615
239,3177
1640,1432
3339,3296
2880,50
2122,3524
3462,1592
3264,2817
4789,1176
726,4464
4082,3449
915,3510
345,1302
1756,4742
4732,2066
2613,4405
3050,4999
3140,3985
909,3697
4817,629
1003,1303
4378,4748
362,1501
4347,360
4368,803
2049,4623
3165,1266
4240,168
1912,3713
4919,536
2293,3830
4340,2647
702,2729
947,2905
1732,4025
1500,805
581,2605
1423,2090
4055,2832
4504,3217
2673,2831
4422,1512
2309,3933
2955,3385
1243,4862
3494,1477
80,1381
4498,1168
4333,3281
537,4073
1329,3265
287,2391
2201,890
2500,1524
4765,122
4882,836
166,3284
1985,3740
2372,3857
2367,66
2536,2796
4806,4769
3844,4408
3712,3694
1004,4319
2081,3183
4654,4817
3588,4688
2844,575
3993,1267
4093,2632
3620,182
3009,749
2665,4049
908,3090
983,1306
4417,1567
836,866
2874,285
3050,2854
1022,2115
4517,2184
3623,4142
1338,2547
296,1145
3860,3485
2382,2397
2474,361
1969,3686
1044,3617
3100,3619
4561,1604
3334,2617
4714,1117
4991,2809
1087,4095
3323,4617
1400,1888
534,4805
4446,2965
1829,3599
667,3693
3505,1539
118,3714
4610,4526
3799,2760
1110,579
2318,1492
4960,2710
3435,3059
4510,3656
1207,4101
4849,3067
2393,4236
118,958
911,2740
2908,3812
4790,3537
3784,4579
209,2212
1244,3279
2925,1285
3271,4580
4730,4133
2984,4880
3686,4129
1076,519
2907,671
2998,2283
205,3353
1343,823
3139,2488
534,2554
768,4215
1271,1862
1701,2156
732,2825
4053,2190
1138,505
3753,140
646,1953
4113,1078
4360,3720
1048,3005
238,742
1712,2438
1930,2491
4347,388
3325,1090
2879,2346
1423,3589
3992,3082
3543,3021
240,2140
876,4337
584,2434
1280,1328
4756,3794
1452,2777
4572,2794
307,2140
1088,3731
3254,2491
148,4436
4427,4613
4241,3735
477,2546
2465,271
263,564
4647,669
3268,500
1954,4382
2227,4530
4884,1912
2745,4672
1797,2850
802,2943
24,4170
3380,1251
4476,2350
2487,1367
1254,717
754,701
4137,251
1615,1254
643,4660
3350,988
4840,4791
2216,804
1953,1611
3262,675
2356,1457
3063,3554
173,1761
3439,1789
2691,1638
2410,3072
1242,1502
3006,831
607,4535
1711,3028
777,2134
4143,4961
46,4891
3379,1909
3340,4466
2604,3178
863,2184
2940,498
4776,3156
3686,3297
2136,251
1018,1733
1803,657
4873,3377
4883,1474
4865,4516
2886,4080
15,4486
3213,2177
1542,235
1711,1059
4979,3650
858,1229
1594,4252
1222,742
811,3899
698,2724
1322,1501
1524,635
3525,2746
368,47
2914,3230
432,2870
2600,2012
11,453
1707,4574
3395,4749
3188,626
67,4203
1867,4418
4883,4310
528,2139
342,2911
2234,372
4862,1095
3643,138
4458,720
51,766
2182,4651
3787,3625
4553,2820
161,101
1619,1140
233,328
3667,1102
4844,3146
2012,3534
2982,2052
702,4878
2093,2282
3024,2520
3675,3409
2985,2470
4057,528
2178,648
1422,179
3789,2112
4274,988
3402,3626
1702,1187
805,3694
3440,4913
677,809
34,3793
1206,3921
3716,191
4681,353
1782,3811
2922,2148
2210,2424
2504,274
701,3089
2436,3316
2065,2303
133,3933
1920,4628
1737,4529
1117,3464
4241,1718
4251,4915
4994,1377
4136,4702
4862,326
2952,960
2631,4399
689,3801
1945,972
4303,4267
2346,4215
1589,1640
906,2753
4487,769
4655,1567
2942,2775
2707,824
3548,2034
2946,1641
3608,4539
613,4692
3673,2116
4497,3667
3797,4433
3191,227
4669,1857
1913,3785
907,2328
1837,4034
2007,1016
1064,523
3485,46
1241,1757
4298,3976
1370,2975
1468,3688
575,3506
38,3946
4074,3755
4548,1391
2360,128
2839,426
1604,4571
898,260
2212,3622
3904,4440
3705,2444
1643,503
4225,376
1607,4757
3278,4442
3331,2832
163,3148
226,3987
2240,4649
4747,4052
4601,1253
3808,3411
993,3235
4644,4558
3410,4445
1310,2348
879,1702
4667,2554
2812,2535
131,1257
4691,4944
3559,3973
4951,542
1527,4473
1898,163
2441,1267
916,4279
4852,1936
4077,305
4472,4361
1901,4378
2547,3739
1567,489
2049,3429
3333,1942
1276,1533
1558,4489
915,4520
1746,1259
4261,2899
914,3257
3446,468
3670,2693
4776,4440
2080,4955
1387,4777
731,752
2910,466
1022,2862
3303,2638
4081,513
1670,3994
2854,3956
4499,4727
1101,4712
1883,734
4729,2076
2685,152
4885,3047
3536,3639
415,1363
3115,2804
4229,1214
4385,4812
540,2019
3369,4414
4123,1470
1371,4077
3738,2892
4181,1698
509,3854
2120,1022
2944,516
321,2591
1352,2607
332,913
3637,205
577,3581
3487,3971
4968,359
4548,3250
2069,4251
3409,1020
3964,2931
1628,3872
3640,4657
3723,4781
3193,2890
4927,833
2799,1882
4136,2767
453,4618
4876,869
2429,4533
4999,1399
3311,310
3396,971
3597,3909
2301,3019
3639,3076
3886,3770
484,786
1612,3611
3420,238
2311,2757
1881,2702
191,3128
2646,4617
2988,3758
2409,3210
2562,3457
1334,98
3919,2941
3397,4430
8,2933
4978,3483
869,3673
676,1691
184,318
3397,1487
439,2816
1336,1999
482,31
2624,4976
1060,2340
3001,613
2887,867
4990,2428
3230,1261
3159,215
2912,1812
3792,4088
1934,4182
3416,1099
3042,4410
726,3335
4482,1690
3408,4930
4219,1451
4941,2770
4472,305
1192,3956
648,2689
1597,4567
777,2919
468,421
2424,2061
2380,2579
3993,1924
4285,4277
2999,3831
3539,2376
1900,2368
1125,3904
3269,2624
4341,795
2911,789
2626,3476
2189,825
3196,4060
4688,50
4264,122
3752,3727
2452,1396
2088,1605
4098,738
981,1164
1269,2239
4090,4776
1857,788
4172,1023
2071,4297
2285,2066
299,1164
1999,3085
606,3192
4193,4017
4790,2944
3421,3981
2839,2126
354,1591
3251,194
556,4289
204,3303
1680,695
4198,743
4105,4332
1554,3467
2986,2060
2043,2112
294,2630
3548,2037
1759,3462
1298,1578
761,3854
1246,1715
277,1639
1910,149
726,2467
3777,3436
3900,4395
1237,3243
4241,4973
1868,2259
4979,3187
4773,2764
88,2619
2955,3065
4230,4172
3036,1937
1196,3412
3156,3171
769,1621
882,2018
3285,4597
4111,2627
3352,4910
169,4562
4792,2594
1985,3576
2152,2675
3566,4584
1764,1561
2637,1015
965,1733
388,4926
2039,998
1444,1343
1590,574
786,26
534,4557
181,4353
2382,4946
4414,3881
1709,3618
1930,2189
826,2676
4020,902
3740,4453
3007,2056
444,3864
4380,3590
4765,1207
1523,3942
4504,3738
754,3382
3576,1331
3632,1660
3579,371
4855,4683
1980,3699
209,3730
2615,3052
1752,781
3919,4146
4552,1523
108,1131
4324,1217
2145,3114
3145,2890
1273,2684
1772,853
4827,2628
3070,2246
2954,2932
1114,303
2506,1347
3607,2010
4901,4678
1870,4659
1700,3574
4513,3141
3168,4921
1804,868
4724,3805
3826,2412
1222,4128
4044,1230
948,2271
4499,3543
1177,63
1830,3341
596,3238
913,1589
4284,1635
1887,3244
4013,3305
2029,4707
3487,4878
524,578
1828,4316
3993,657
3305,3651
3990,1495
155,766
3839,3507
4445,258
3630,1329
189,1174
2222,2834
4305,1512
3605,2527
299,937
1110,4684
603,981
3884,583
2292,38
830,1957
1433,983
3403,3517
209,3580
2586,4889
2272,3780
4000,1496
2575,3922
3348,605
1638,2371
2431,728
442,3215
2287,1702
4881,430
1297,4081
201,1833
3543,3156
1115,4055
3560,973
265,4834
3957,455
4566,2901
2775,45
2860,3393
4629,355
2537,1804
848,2986
3094,70
2051,4646
2047,2732
250,2837
1710,3298
4598,4103
1440,1947
2677,2902
3493,4691
3792,666
755,1393
480,3290
4654,3899
2025,4347
204,2959
167,4729
2717,3966
3975,2391
745,4328
2203,1160
3585,3396
2199,4174
2299,389
214,3049
1933,4601
629,4778
1282,3854
1050,3638
3891,4349
3444,2258
1462,2642
129,950
4636,4855
3810,1352
1714,4524
961,1303
2375,1711
3228,2621
98,174
1389,4994
21,1453
2973,1932
2222,771
1490,4091
2361,673
3318,2391
23,1549
3301,2721
4706,1602
3909,1477
464,3818
298,725
943,596
227,1142
1194,3668
4220,2628
3142,1855
2953,1213
4631,4285
4171,3207
3176,3405
366,2658
3979,4526
3718,1900
3504,2198
979,1640
4507,2089
2090,1084
2061,1829
610,4213
2445,1363
4907,3058
4603,2990
994,4686
4391,831
3861,1827
4942,3772
2153,4960
2611,2898
3567,3991
3236,3049
4912,2336
2592,1724
3685,4308
433,1812
4719,1178
552,3697
511,1479
3646,330
2926,4264
45,154
1753,164
3852,2376
1987,3354
2168,3596
3876,613
4403,1817
141,2297
2209,2010
4426,370
2547,4519
1977,1462
1846,821
4601,4311
162,2611
1745,3375
3222,4323
4615,625
1280,3256
4663,2884
3660,3328
3233,4113
2999,3159
4484,990
3254,4153
1929,3043
2511,4013
3252,3739
4607,4803
438,746
4769,2312
2496,2896
1448,2396
3587,3566
4261,43
1881,3021
4299,3197
4293,1153
619,4358
1872,875
1950,4385
9,3884
2885,2823
2472,3992
4293,184
609,1471
730,2155
4120,3635
1020,2632
4714,206
1556,1438
3140,2894
1910,758
762,1742
3295,2969
1722,2407
2103,1784
3044,2997
4595,3254
4065,2799
4646,4085
4809,2979
407,1447
1259,697
3311,1267
1488,188
2387,4892
3542,4151
4394,3282
1839,1012
4753,2748
1068,3876
1870,4498
3851,459
2187,2388
3158,2688
2947,3285
3688,1206
3899,1603
3050,1832
66,52
836,4162
1644,1515
228,2360
2061,4946
1212,2211
4299,2187
3220,483
4477,1189
2931,233
3108,3291
879,3915
2136,2556
4449,2522
327,4215
4521,4475
289,4106
4076,674
3477,621
2247,168
393,238
3453,2103
3658,2000
1098,103
4666,993
112,2818
1930,1368
3589,4499
2118,1022
4548,1513
739,2523
4083,4403
411,4244
1039,3636
111,3645
3229,3866
1058,2361
1442,4854
4271,648
1236,144
2501,4467
1025,887
4414,2754
1762,1632
3173,3225
1473,2029
4880,922
1936,2032
4119,2452
2525,1531
4144,1106
1312,4362
4476,1394
1701,3045
1622,879
1124,2724
4666,1419
2195,2928
1667,3894
4890,4019
1761,745
1787,4833
3325,2103
1935,4548
4433,4173
4407,2379
1639,1530
946,2424
4394,915
1932,4049
3372,623
4388,1067
1080,4948
4349,3248
2796,183
953,4702
497,1889
1340,132
1891,143
2597,2611
3232,2055
4111,4560
2159,172
1512,118
239,4406
1961,4400
2505,776
4348,1947
2720,1774
892,4741
4979,644
2891,1688
2546,2158
28,1991
2408,1046
4981,2109
3439,1094
4338,1927
3392,1623
1687,890
3669,3106
21,4247
2508,4822
1539,2732
4154,1480
1463,4023
616,3372
4167,367
977,1951
2043,841
2759,2013
4178,294
2900,4635
4540,104
3196,4936
4355,1273
1415,2572
2041,1185
3685,1711
2199,3818
2274,3791
4815,1415
3365,2726
614,467
26,2951
305,107
1679,3757
309,4711
1240,504
3351,471
3177,3816
3764,1272
4196,4552
2980,112
3160,137
4511,1711
3143,1990
3038,3533
1626,4430
4809,2114
4629,1888
2496,1958
1590,618
2408,3226
1152,100
4796,4284
4424,4684
3552,3591
3232,2407
4146,1687
3814,820
214,2274
1741,2416
360,2315
3157,663
1340,373
367,1845
3397,3178
1389,1006
3122,4099
1664,3544
4855,4625
3221,2197
4851,2806
3817,3267
3528,545
2823,1840
4230,3374
3295,550
4746,993
3531,3025
609,4716
2970,4794
1620,2832
1123,2589
4792,1651
2056,361
4860,2401
2757,4533
1303,3265
715,4311
4547,2628
3054,4248
1405,4146
4767,3046
4702,2298
539,2786
2928,2420
2938,2806
4647,2080
2711,4339
2263,188
3155,2907
2612,1157
108,949
4473,2476
3931,750
166,3315
2824,1503
4584,2722
1832,3405
2494,4195
1698,1724
909,3033
4405,1232
2496,808
856,41
2504,4798
1687,431
155,4136
3193,4508
1202,872
2563,2351
3794,4698
4096,985
372,4511
4907,2369
1988,2297
2108,3434
2401,1437
4149,3150
3546,2126
3014,1159
2270,3136
3655,378
883,241
599,2562
4329,2018
4528,4934
4892,4571
2232,3482
2820,1594
4207,2410
3824,1459
3575,1633
113,4915
2458,4616
3851,3989
4874,4316
2743,1827
3940,3091
2756,324
2158,984
4769,1028
1127,4201
1011,4013
3569,3910
478,2708
3793,3213
4882,2191
3678,2011
1095,1663
854,2404
1439,3875
3751,3516
747,1705
1169,2719
3801,1990
4919,3902
1600,4225
4303,2025
614,696
2861,1350
502,2769
1164,9
4067,2625
3240,1477
411,3588
4002,1969
214,2935
1218,4287
1326,1736
4109,1435
2200,1343
4138,2069
558,3362
3781,4223
4649,4342
6,1994
132,262
3003,4663
254,31
299,2951
4325,1383
1608,184
1393,4419
3633,1680
556,2545
4980,3862
2971,3018
362,955
2136,3074
2027,4374
4068,1987
1902,4218
2259,3628
4547,2074
3402,263
2529,2900
1065,1259
2987,1941
3281,3858
3827,2870
4478,2128
3725,4714
1732,3758
3818,2628
338,3456
3932,4985
2520,215
15,4758
4390,3568
4897,1874
3947,2147
807,1350
4277,2676
2965,176
4199,4450
96,2702
2636,2705
3740,32
1926,2108
4407,2495
35,1233
1071,973
4788,670
2992,3096
3060,4566
4997,4245
233,1747
511,2002
3959,2862
4718,3927
207,1941
4693,181
1477,1310
4781,3307
842,820
655,1622
642,2810
2979,617
2368,4595
622,3655
1984,3849
18,3908
4935,1014
668,2779
2018,4759
3044,1840
4863,4249
2655,3951
3360,4740
2666,327
3347,2709
2597,2586
3407,4522
2180,1564
3844,3240
1382,533
2753,1540
2883,4369
2251,768
3102,1591
1287,1737
793,4220
934,3087
891,3559
414,3632
2885,4209
3891,1944
563,662
3763,3344
431,1052
1583,2830
449,2778
1384,4279
1780,3574
35,3822
3799,2087
2938,1322
2199,1533
3154,4697
3159,3851
672,714
4141,3625
1635,3802
4418,3212
3064,3548
4463,1688
3800,4855
3277,4352
562,1624
622,2698
3943,4285
1077,3980
3065,3568
3093,2037
4925,1744
4274,313
3353,4608
3413,3717
1556,126
1241,748
3146,3824
4369,1597
1772,4085
3698,735
3925,4766
3657,4263
1472,189
696,4374
530,1929
204,4926
4968,2886
1579,4542
1746,1034
3496,106
1137,4801
2071,3231
3264,4012
1325,237
3160,4114
1353,1155
4220,4808
3744,716
3707,4740
3579,1573
3239,4173
4066,3653
2661,2740
1477,4189
4221,4601
2599,1725
2960,1979
1025,2514
633,904
1184,1339
2436,495
3489,3550
1564,288
806,1372
1025,4685
824,732
862,304
2925,148
224,3471
1575,610
840,2000
2088,791
4918,4950
1354,2745
669,3892
3574,3769
1630,662
4540,1887
2252,2756
3449,4421
4122,2844
4388,4018
1856,1393
3874,2693
855,1502
704,2673
16,2727
879,2872
14,1024
1071,3350
1972,1316
2034,361
3034,3253
2665,3854
496,1864
2067,1455
3316,3895
2773,1561
721,859
1992,2526
597,4611
2848,491
4042,504
3384,385
2369,143
663,168
3669,4462
1756,4763
491,567
1384,3642
4655,4527
4451,1074
3210,4902
2880,3254
1595,2843
3785,4796
3255,3873
1251,1459
2145,1497
1752,4905
568,3515
521,1349
992,1685
4007,1002
897,4050
2773,2522
1397,787
3516,2458
3444,10
4860,4681
3174,1285
3821,1675
4629,1918
1483,1264
3937,4764
2025,3264
2029,2470
137,2063
1141,3933
812,3381
3904,2548
1651,2657
4173,3268
4099,850
2068,3986
1799,1450
2340,613
4121,419
3192,4484
2129,3368
2298,3047
251,3946
378,3206
1476,488
2760,1947
3207,1561
2800,1477
1236,375
2200,744
2603,2519
3773,3668
4512,2962
2423,918
2273,1615
1125,2402
2073,4870
451,1605
4205,4655
4843,1231
920,346
2319,4670
729,3295
915,3820
2616,2292
3733,3633
4247,4502
1032,2047
4993,511
2689,4688
2704,4526
3447,2574
2240,3035
2238,3129
894,1122
3153,2990
1013,4452
2177,1399
780,3376
1028,2272
685,3119
1919,2748
2355,697
4088,464
4054,541
302,1918
674,2406
4036,4854
4554,2455
2151,788
4351,2988
232,32
3372,130
3518,1408
242,3413
1466,3924
4719,3510
1726,1299
965,3775
51,350
860,4460
3336,1153
4135,4131
2355,2404
2828,1163
4035,3728
1687,1643
1018,2787
3874,2416
1544,2778
539,838
1660,4709
3838,3222
571,1661
1475,831
2812,929
4493,1715
750,4909
1589,2182
337,475
4146,3673
179,1567
2231,1019
4396,1573
2298,4230
1866,56
4359,611
2967,59
564,1799
1687,2108
715,4301
1194,3884
1991,2386
2257,2270
2119,3918
3613,4989
3204,2901
259,847
3619,4418
2520,1035
1040,1892
1510,2033
3389,3816
2447,2510
4478,940
4192,1791
1357,3385
4123,1903
3839,4621
552,187
44,2049
3363,3914
1998,448
3918,815
776,3999
2185,2948
2414,3159
3706,1098
3507,2418
1287,930
4529,3490
1573,133
2620,448
2729,4659
4867,230
473,2035
3080,1206
4308,887
4724,2786
2063,1086
1163,4424
109,4865
1052,3950
1558,973
1491,3384
4550,1987
96,963
587,43
395,1483
3025,2377
514,1841
1649,4009
4147,2482
836,3383
92,4422
1162,176
4466,2378
3339,3247
1272,1210
2635,3891
1051,1421
4832,4838
1613,2644
1143,1003
4709,480
1442,3358
4926,2463
4753,2022
3318,4504
3620,3457
4242,2724
3432,3202
2582,2913
3701,4535
3110,763
3287,3250
3159,1067
72,426
3342,4243
4927,2115
3377,4078
4831,964
534,3128
1978,1186
2885,4938
1200,4898
1882,3405
3889,4884
3707,42
3275,2584
4276,4667
4659,2496
3525,2906
2158,1596
2594,1063
816,2468
2351,3175
2890,1121
974,3395
2980,394
3819,3726
75,4239
1793,762
1101,2928
1699,2164
4782,2321
4675,532
3505,450
1309,4938
2686,4194
197,1989
665,3365
511,3626
3915,3889
4703,567
1960,445
2870,4153
819,1002
4326,3223
465,174
1969,4777
1137,2997
352,2255
691,4160
328,3515
4650,422
2726,1931
3534,3007
702,3885
4556,3476
2735,2087
1972,3247
3766,3508
3895,1230
4614,2327
1651,2541
147,4535
2469,1108
408,4209
1563,3175
1098,4488
2690,4321
4206,648
2219,788
1880,2549
2217,720
1580,2347
3225,2259
3867,1330
2471,3784
1638,3345
3065,4137
3481,2843
1955,4332
1087,2949
1495,4153
3573,3763
4011,1547
1106,3116
4061,44
3471,1033
3514,820
4529,2450
185,2839
1688,2385
2281,553
1468,841
817,2797
3282,2014
2141,4902
1974,2246
2375,1251
1674,1979
1449,3541
37,4261
1498,2621
4158,3528
4161,4565
738,2795
1891,1376
1684,2443
4975,4808
4169,4276
2008,770
3286,4147
1700,3710
1712,1933
1541,2650
2691,678
4720,4549
2774,1731
1775,1460
4543,1450
1858,2616
4753,462
4582,3905
1371,1503
4594,521
2149,382
1520,3389
4424,1905
2987,1180
481,2978
4308,3882
4895,488
4619,4197
1213,2704
2770,1385
3062,3
4913,4371
2700,2602
4221,3825
1678,4759
4151,2033
2992,2522
1266,2329
4487,2120
711,2083
3090,2935
2537,899
1209,3383
519,2991
1340,2424
268,4745
4447,4796
4914,4373
2116,767
163,2382
3520,3423
2592,74
4209,4306
1836,3930
1472,1490
4572,3005
3395,99
3022,4319
840,1501
4100,2636
3972,2115
2348,4461
1750,2623
3779,1846
4943,1974
3033,2843
4349,4555
2810,4038
2546,3871
697,1494
2427,2047
2767,207
2844,2127
761,3859
1312,4722
1238,172
2832,1708
3358,958
2060,4713
3585,821
4519,333
4292,3856
1692,3721
2620,4352
744,2055
740,4269
462,4054
1092,945
2230,1706
3795,3899
3139,764
3637,3189
2290,1630
1597,1429
1345,2197
3554,4730
695,343
1317,1978
599,2994
4554,1920
2608,2346
1854,1820
1260,4718
3968,3392
3968,2131
3338,804
2079,1213
2745,4010
1003,2473
2982,2188
4020,3843
2570,2476
1327,424
4583,768
1586,2399
1675,3757
1236,4501
1416,763
2912,4208
2986,4852
3890,2018
4073,3885
491,2622
632,777
4392,2217
3323,1915
1145,2398
3448,2225
75,3563
649,149
2445,1426
4740,1000
99,3713
2098,4469
4386,4590
1277,879
3307,278
1030,2159
3439,493
974,1973
1412,2033
2742,4657
1445,1050
4224,3818
2581,3339
3474,3845
2102,4179
4057,3585
2185,2112
3204,4194
2926,2443
1381,1364
291,1577
732,1406
3897,3375
3001,4669
4174,1421
1285,1336
3266,1803
4086,3639
3582,369
4129,2134
2161,4521
4628,4343
2011,3824
2283,2514
3909,3361
1929,2715
4892,4812
2827,2273
4512,4102
3544,3847
4213,2239
4781,2323
4093,3582
2369,1943
3907,209
321,2746
4745,1146
2159,469
2708,1480
81,1625
3717,2638
3475,291
3660,4733
3387,3315
3735,714
3545,1488
586,139
2430,188
641,3884
1759,3791
23,1569
4205,872
2117,871
2983,3692
4034,3180
373,1362
126,1393
4878,2300
3093,899
2136,1798
3648,4171
4264,2627
3733,1028
1958,4837
1298,2772
4321,4355
1332,4740
3787,1848
2553,4872
3186,3474
2185,3010
4796,323
1114,1151
1317,639
151,4251
3284,4680
485,714
2067,1520
3349,491
3116,1309
3795,3218
2162,4995
2072,1105
3835,39
4839,4754
912,594
1308,65
980,2587
2873,2037
1854,3758
4445,4334
2403,543
3813,2360
3714,142
3666,3319
310,2030
2358,3682
3882,2294
2414,2173
837,2063
155,1266
2478,4120
4639,4626
4437,4980
1403,2400
3687,4301
2144,4038
1291,3627
1858,2958
1199,212
2071,3059
1269,3879
823,3758
433,4211
4648,4808
4617,3521
2809,3410
146,211
2543,2828
1129,3868
4538,3007
3695,1339
3494,2226
69,2798
295,3057
3203,2780
3558,388
4426,2439
1644,104
2102,3365
1037,3721
487,2365
4700,1417
1259,4125
3625,280
1362,2803
2702,731
3475,2623
152,3956
563,605
4048,4184
232,3097
3028,485
651,1272
3396,4334
3035,693
837,1260
4886,1910
4672,4547
3904,4234
1520,2386
410,2767
3512,4079
3587,138
3137,2752
342,3574
705,444
3805,534
1014,4760
1078,4330
2817,4692
2900,1722
565,1905
3657,60
1625,2158
2935,2953
1076,2054
4903,3754
3149,1334
4708,3522
3817,3247
4336,1
4802,3172
3060,2646
2699,1435
4294,4865
2900,2057
261,3318
112,3222
2298,2272
2426,847
64,2377
4499,2692
603,2905
3965,789
614,4865
4049,2029
1128,1352
4629,643
1171,4563
2593,807
2229,20
895,2976
2625,4470
2934,165
594,1951
3218,225
3274,2652
2018,3643
3275,3634
4580,1387
1572,4722
2694,4325
1712,2987
1836,928
12,3002
2492,4493
3286,1544
3561,4072
2794,1449
1416,1231
1122,2723
2279,1755
1052,2702
475,4494
4387,2431
4530,4263
1417,1359
2090,3143
1359,1932
1115,3910
2272,3473
2287,1145
4985,630
3769,2907
2898,4132
2686,1471
4676,237
13,1470
4477,3967
906,1236
1422,4440
197,4224
3622,3216
4004,4385
2587,2089
4354,2521
3207,4335
2515,3497
859,85
3092,4991
4836,2375
500,1179
602,1430
4407,4216
3782,4921
4983,3421
2163,3285
4988,3137
3183,1103
687,1563
829,876
2236,866
2126,1427
1791,3716
3776,1622
2473,4958
3514,2308
1282,4895
3368,3238
4856,3458
2823,3534
2465,2093
1229,2799
4274,1383
1800,4
1270,1428
2805,2658
621,3283
1054,4175
1055,1895
4870,4571
1341,1182
4375,1263
984,4388
4533,3787
3747,1548
3927,4612
2883,4155
1164,1577
4375,226
3948,2979
3447,3318
1719,1883
162,4500
2459,1473
2888,4482
4302,1517
1854,1673
1943,512
959,3347
178,361
2265,4858
585,3514
4856,4224
1329,2289
1479,2845
1956,223
1390,4980
1141,3625
1717,3284
2887,4441
2207,1443
1129,4788
1188,805
1965,508
2849,2468
2598,922
1518,1861
3131,1962
2138,4200
4236,4177
4634,333
1213,374
296,4466
2054,4662
1385,2698
326,4686
686,1035
1484,1013
3573,4721
730,1937
2094,1650
2793,4013
4375,553
3172,1106
2256,3288
1135,2037
691,2185
1767,338
2501,901
3484,2447
723,1833
1739,2079
3523,435
189,3152
3206,3714
4613,4560
3602,4479
3780,4316
536,218
2074,1744
2725,1715
3468,902
1012,1001
1007,1483
30,3792
2502,4031
4509,4911
2912,1572
4832,1736
4220,4574
951,2126
2357,1983
3716,855
1491,4608
3335,1679
2443,1363
989,1467
1624,2858
3609,96
772,435
4757,2961
4615,685
899,3100
4975,420
2955,4388
257,1310
3655,4322
2966,253
1259,3122
4157,4954
4062,1751
3045,2174
3731,2159
2160,4025
3874,3296
3541,1540
1484,1842
3036,196
41,2050
1149,3800
378,1391
4944,681
4777,1434
1218,2723
2265,2382
4987,1984
2496,241
1061,101
1711,452
2844,2579
3942,2656
2759,1036
1237,1468
912,4491
2001,4506
4265,3473
3852,3021
2343,3208
137,3233
831,3893
4523,327
840,1409
465,785
1327,4148
2236,3209
1658,1963
3021,853
4625,837
3409,4545
4276,2844
457,1527
837,63
4518,369
4684,3113
1785,4241
3647,2652
253,40
9,3234
2168,440
4716,4380
107,4902
3140,2473
299,3202
2408,472
4905,3144
3709,1055
3835,2573
4938,3047
738,4788
4190,566
4263,1914
4778,242
1193,2828
314,1741
1387,1292
24,4923
1168,685
919,4599
35,3799
1685,3489
1624,898
4056,645
3817,4411
3452,3911
3956,2173
3367,2553
3601,3726
3604,2865
4213,2725
2673,3821
192,3079
2075,3775
945,1895
4719,3900
2030,567
2557,2055
2890,3085
2717,3297
3018,3433
4498,4325
4073,1579
2619,962
2853,3652
2694,1486
1754,761
7,1980
4447,1426
1109,4544
4825,2500
4376,1987
2999,70
2895,3545
4487,808
2590,3020
3667,4411
3590,1145
4287,1763
1091,772
4494,1017
3222,3332
1557,3479
477,2992
1165,4287
19,69
3768,1929
2500,3415
559,58
2501,2465
145,696
3602,4492
2683,3087
4375,1513
979,3657
3172,688
852,1896
3448,2929
315,4886
2615,2472
1771,2680
1820,2948
1555,4481
4638,4592
3405,4760
1561,1973
2212,2640
4497,1219
1518,3051
2762,2540
717,3171
4739,4023
3395,2475
658,4627
1745,1689
4288,3590
3630,3570
4683,208
3670,4919
1508,3154
4016,3489
3550,466
3544,2399
3660,500
246,276
4994,3360
4026,3577
4308,1211
3804,4893
3892,4505
4962,81
3870,4356
3791,2850
1383,924
3789,2247
2240,936
1809,4169
2414,3150
586,1303
1798,2299
201,468
4695,2203
2369,4768
1759,4675
172,235
3637,3068
3610,4601
3592,141
4479,4242
3332,4980
2981,957
2910,2837
2912,1242
1086,2958
2594,2437
463,576
1338,4775
823,3360
615,2143
663,3522
2253,274
3795,3914
2783,4546
710,4733
775,931
162,3347
2794,682
4807,3730
3941,32
3097,4253
4627,2024
884,4417
1404,4193
11,1366
3052,2024
4962,4766
2525,4359
1425,3127
2424,9
2649,4499
4895,4008
2590,245
339,4947
1560,2262
3235,503
1463,1261
1982,3484
144,2723
1276,4934
233,3941
1473,1111
2260,840
1033,2997
3654,4313
3159,2033
4655,1981
711,2210
999,2809
4044,1775
1221,1111
139,4802
1791,1006
2409,4129
2934,4988
4527,1175
1816,627
3310,3485
4337,1685
1180,2905
1786,1038
3013,4492
2530,1655
4505,570
2352,1464
2430,4769
306,2964
2179,337
2034,3661
222,44
1584,242
1761,392
3078,288
2361,2628
4466,4433
2987,2747
2960,2339
2084,1914
4703,1866
1745,4970
2997,4936
1202,4311
906,1587
2048,2072
2147,127
502,4773
4220,21
2641,2426
243,2988
2055,941
1244,4239
1773,2011
4990,80
2684,164
3200,1761
76,3056
1075,603
2070,946
2126,2843
4886,4526
4508,994
4125,3338
734,3965
864,4550
2454,1754
4047,4633
3155,929
2390,3084
1681,3910
1243,2374
110,172
295,4619
1185,2008
4841,3960
3598,4170
4041,2585
3135,796
1702,1754
2240,1040
4076,4686
849,1707
4041,302
3732,1579
453,2771
1600,3704
496,3034
3180,632
4188,2262
77,4689
3919,3658
1238,1860
3761,137
2085,3642
930,403
1773,2113
2297,4090
2747,2132
4232,2116
3941,4927
4537,1603
1555,4415
767,3050
526,3343
3056,4459
3137,798
2084,4958
1912,1634
743,1735
2620,4329
1410,2306
422,4653
2004,4638
4324,4875
4093,2386
4108,4380
3132,50
1404,2048
1866,1332
4624,2077
451,3227
3806,3955
4215,760
3152,3809
479,678
3989,2686
3580,276
3057,2420
231,4222
4552,4920
1142,556
474,1414
114,2063
4486,1692
2778,506
4437,4577
2372,2292
1572,7
4651,4063
2635,4478
195,1525
3867,4569
1997,4634
3391,4532
4644,3892
2666,4168
41,1733
1220,170
2695,3362
4382,1206
3343,1212
1545,20
2472,3643
892,413
2871,4901
4417,676
3447,3063
1970,497
891,3605
1382,2496
1561,361
710,2023
1492,2771
4133,1469
3582,4258
2239,4908
247,4328
1896,1442
449,1771
1612,3052
2857,364
3536,1982
3862,966
636,248
1399,286
2982,712
685,650
2353,986
1772,4673
2484,3738
1782,1720
776,1872
2141,572
1231,3723
3406,2333
4458,2230
2528,900
4935,2339
1412,537
1351,4827
2646,2621
4073,394
3082,2171
458,4881
2001,1151
192,2273
2612,568
3664,986
3138,2567
2453,122
126,1575
3992,1400
2611,3661
4245,914
1977,3942
3646,4527
4045,2005
2544,3964
2215,4303
3331,2425
2004,2511
958,2460
4411,2786
4465,246
1464,1902
2765,4035
2410,4080
2318,764
4728,4009
4869,168
4015,4970
4663,4818
2725,1994
204,466
219,2017
2011,4529
617,2122
652,1496
450,3854
4462,780
2230,4063
813,1178
4890,111
3364,2380
2272,2991
564,4409
1980,1783
461,3288
1196,564
2486,1034
788,506
2147,4300
4791,3144
2921,1521
2349,3845
1107,362
1262,2762
330,3686
4152,2465
3236,4608
679,3990
2403,4962
3277,4179
3673,90
696,3779
1279,2401
744,3674
1765,3150
341,4220
1685,177
3566,3709
1224,1820
999,3097
1192,1095
2726,2765
2491,4869
4638,454
2135,107
2149,3253
3779,746
360,4572
4664,2809
793,4504
1790,2293
3291,1386
3157,3501
696,1026
1965,3718
2228,2623
593,2804
342,2355
755,535
1956,2205
2984,4320
4222,753
3130,2546
1078,2226
3600,4461
1527,1185
4960,733
2530,3075
805,1442
503,2539
4159,3941
529,2982
4819,4619
3711,15
2533,1745
1897,1497
504,549
1919,4969
2252,4236
2524,3540
931,4907
2463,3648
401,152
2534,3625
731,347
2644,471
3169,2089
801,3362
2795,2770
156,3925
2214,2727
2724,2391
3346,417
2002,2264
4707,4204
1974,1073
3246,3913
1412,3618
707,248
4635,2132
2560,1599
3048,4580
2943,3916
2841,900
2364,3600
4418,644
958,1688
2607,68
2966,3032
3022,2566
1128,3602
3025,210
293,4879
4467,290
703,2484
2387,4321
32,4282
4819,1029
2409,2222
4970,348
111,4915
3408,3766
3285,4960
50,1789
3369,1989
1925,4456
4486,337
503,855
3767,4770
647,1202
1779,3098
1814,3524
2216,1028
1047,4480
453,2331
229,2295
4713,1107
3371,3406
784,3438
3783,97
1418,3183
4776,747
4854,1877
3110,4427
3649,4673
3464,1548
2120,437
4075,1832
464,4615
4563,3284
3458,473
1700,3495
1042,3358
1555,251
1878,3397
3697,1730
4489,1812
2699,4449
4504,525
3565,592
3260,522
3747,1841
3320,500
845,2443
2039,995
1507,953
3733,4653
3623,1714
2711,3357
3140,1298
740,4657
3843,4439
3970,3945
4091,60
4385,1274
2956,4902
2669,1502
1170,1085
904,3767
1778,685
3783,1357
873,4852
171,3259
4681,1192
3768,2310
3345,189
3973,1034
4734,2722
750,1995
4304,2568
4697,1840
3356,2213
4879,457
4837,2587
4125,175
2408,226
4827,1096
4924,2631
2350,3989
1618,3327
4023,2651
2310,2172
1046,2181
3971,1013
4298,3259
3870,1109
2640,570
3766,2980
1891,3288
1983,1485
2315,480
3092,4755
2561,4891
3370,4860
241,1748
1416,2383
327,3103
4545,1750
4829,332
3276,2497
3598,220
577,2158
3687,4939
4448,3250
2257,1431
4768,2771
2670,412
1114,4647
1192,1007
4100,1417
1950,2604
2915,2901
3586,4417
2744,1172
3805,687
1435,4382
4864,4541
326,1534
2038,1005
4644,1290
239,814
3238,4476
1176,4051
3655,1499
2963,4736
1463,2605
3603,1015
711,3776
4334,3909
187,927
3556,4459
2031,4602
4720,1951
1432,4680
1877,4071
3997,4358
1284,234
4895,1567
97,398
3576,2863
1068,2391
823,4721
3043,2747
569,3519
4748,2124
1139,4789
416,3073
160,2216
1597,2864
1049,4226
3132,3822
1243,4614
4820,1019
1506,2768
4926,2192
1478,201
1478,3902
2026,1822
1506,139
801,4299
4111,1846
3210,2450
3,793
1935,654
47,2371
1854,1598
4067,4754
1374,2430
4854,1831
2646,1085
4990,3710
607,337
1906,4315
2404,4022
2637,4065
3405,485
1229,447
1116,3356
2575,932
1461,539
4010,685
249,2516
4937,4235
4080,1569
2864,2892
2635,3684
713,290
1999,2235
246,1431
3906,4946
4716,2741
2677,1739
3254,194
3965,1009
4107,2308
3495,1449
766,2276
2347,1595
690,2434
3009,787
3367,733
4789,1951
2728,453
3282,2374
1445,2156
2424,46
128,4794
4645,1171
3310,4448
3034,2948
4980,4280
199,4746
369,2274
3802,1248
4097,1744
3786,3454
1269,437
895,967
3322,89
71,1007
4609,49
1325,3621
697,3886
4182,2358
4589,4796
1857,3540
4706,2737
3797,3620
1056,977
2342,2350
1537,258
2954,1508
2330,1488
1465,595
3273,2638
2689,2847
3776,769
4614,1358
121,2942
1362,3380
580,899
2730,1578
4369,4591
2792,2282
4178,1178
2842,4083
476,2583
3015,257
3722,1365
2141,659
236,963
1325,1041
2653,4015
1872,64
4652,4905
2016,28
4751,704
4526,511
3964,211
4144,3070
638,1160
4716,1287
1088,2080
804,985
1440,191
4139,144
3377,1859
4107,3232
458,2065
4691,2309
3310,4339
1315,3208
3847,768
2487,1262
1521,1184
440,2194
1338,1810
978,1068
392,4561
491,2393
4020,4919
2386,4533
3343,4412
1669,258
4427,2480
918,4626
2778,1817
1769,4030
789,3185
4904,668
3318,4916
3025,4715
3102,381
2400,3416
4822,4700
1796,2876
960,2402
2342,2531
4410,12
1306,4922
3500,2791
168,1397
1058,881
1323,4149
3771,1610
3761,2969
1168,2596
4117,4335
4093,581
4425,3155
2363,1039
1497,2279
1739,214
2173,254
1397,2845
2524,1758
4466,2995
1450,3391
4597,4803
1630,1766
2294,2064
2639,2153
3880,3183
267,1000
2247,839
4610,1886
2353,4783
3248,4187
289,4158
1496,4388
2747,1775
60,4286
4514,1864
1674,3661
4601,1009
3858,252
4758,741
3623,1150
3600,2266
1471,4487
319,733
292,1815
4884,3414
4634,1443
4667,2787
128,4013
535,4047
4160,4289
2551,3730
1537,483
3228,2285
2050,1864
675,1547
4140,4571
4996,2361
248,3944
1440,3128
170,3296
3370,761
1561,1785
3814,2276
3888,2903
1977,3617
1261,668
2175,1560
607,4594
1450,2332
2596,3692
3993,3483
2230,4759
622,4633
3898,4578
1850,1955
3570,706
2127,1245
834,1138
843,233
723,3149
2319,4015
4226,2054
790,4491
4750,1301
1565,1062
461,4554
641,4523
3127,2118
1401,3511
1529,497
4534,1675
4772,1323
520,4951
729,1463
1138,2164
2335,119
4092,1748
3491,4121
2944,3664
3790,1177
3560,3950
118,4116
1989,2653
3821,4290
4771,4100
3158,3031
1369,2513
2293,592
2225,3517
2278,291
1914,2793
2374,4690
4951,776
3902,1298
4438,4041
4399,375
1027,252
142,2915
2106,666
291,1131
4589,1004
2003,3414
164,3946
4082,2601
1981,160
1660,4339
2570,3628
563,3842
2242,449
3932,630
3062,866
2644,1835
4119,3590
4605,268
2460,562
3569,3396
3852,3666
48,4470
1754,2112
4261,4005
322,2719
3301,2894
2913,769
1068,2864
2345,2096
385,233
2651,3206
2646,1417
2897,3577
2382,4129
727,4086
2377,2485
75,3307
2308,2020
540,226
3186,4211
2506,3706
2464,3337
231,4641
1284,4473
1121,1896
1434,3553
2084,1661
1683,4685
211,3325
4531,144
4416,2502
1715,3930
2245,4714
1359,4292
3303,1393
3164,2644
1169,2130
43,2978
1249,3290
4483,1130
1196,3721
3277,4507
930,4108
4436,3880
1800,570
2913,4733
1071,168
3702,887
2429,785
3316,3441
2637,417
2665,4489
1501,80
1872,1506
3445,4994
3098,2139
1129,3063
263,2094
2050,2733
260,2682
3030,3534
3540,3431
1039,119
1882,51
1200,4759
2533,4893
4553,1427
929,1324
4748,3952
2307,2328
1581,900
303,1921
2667,462
1830,2647
4285,1462
2983,755
1536,1897
3235,2395
814,2724
4079,4055
3780,1937
3030,881
743,3946
3190,1006
3542,1285
537,3620
1674,1878
1174,1023
2221,3407
2860,719
3994,2941
445,1363
2355,718
3215,1438
2804,3200
1887,3177
4554,3548
4370,2004
2138,2130
1749,2593
3440,2294
4640,4842
2956,2564
4597,4623
4386,2473
2976,3051
4039,4392
1928,3711
92,3541
1220,2029
1263,78
1491,1516
198,1810
2993,492
4309,922
1093,1549
1225,1931
4408,475
1829,4590
4277,3981
4775,311
2895,3586
1860,3159
652,4007
4081,4460
4770,3623
3042,3694
269,627
1454,4358
826,3960
3816,940
3229,1269
2245,89
3622,3193
2762,4709
741,3738
1351,4487
1513,2522
2714,775
820,1164
4930,2603
488,1447
1758,2032
1519,3337
3383,1893
519,1964
4257,1929
4698,1166
2467,4120
1932,1373
1058,1241
916,3331
4522,1064
2118,3498
399,2775
799,2100
350,3806
1847,3266
4706,3841
380,163
2817,2336
4261,1936
2301,4764
3414,4842
3191,4589
2918,832
3391,2700
3494,3342
3545,568
2227,3944
2088,2822
3757,736
4078,4008
2654,751
1224,339
279,3537
4301,538
4053,4251
4594,1256
4180,1527
2720,1965
1811,201
2110,4492
4486,2003
1130,4569
20,4025
1272,4202
4923,2900
1107,419
531,3629
1382,581
2850,2035
3195,4051
2542,638
2400,615
1296,247
3097,4350
918,1029
4749,4097
1318,2380
1334,2025
4871,3013
2034,2130
1968,4603
3602,3765
825,4031
2979,1114
1946,2391
550,589
4303,880
4933,3084
4280,1577
4920,4465
2151,3967
4921,3260
3734,1749
17,4361
3221,3831
1751,1678
853,2969
1916,2036
3129,2653
197,3196
2270,3086
1844,1127
472,3635
4732,486
4583,2537
4293,2478
792,1456
1982,971
588,3200
671,2749
1330,1297
1424,3434
1782,2893
4614,740
250,350
820,3292
1881,3069
1524,4335
2618,4490
731,4501
320,644
173,191
4325,212
1706,588
1169,4862
2392,4762
2984,1315
4115,2455
1678,2296
2443,841
4337,975
1321,1531
811,2529
1781,2275
3552,576
4930,3105
3873,3999
3787,3896
374,692
4346,964
954,1104
3928,471
4378,999
3396,2803
3553,4606
47,1372
2185,4094
4649,3994
395,2781
825,3401
669,1975
2679,2492
4691,3339
2564,688
3981,3090
2433,3797
473,2822
3911,2358
1332,974
285,3251
4431,2624
697,1458
801,4700
897,2301
3088,3081
1270,4473
325,3242
1050,66
3745,4805
4157,645
4642,1921
457,1635
259,2026
4643,718
4698,3226
3915,3759
1660,4433
93,3499
1889,4899
4627,4898
2499,328
251,60
2012,3072
4462,938
3952,2493
4462,2306
984,4368
92,4335
4487,3073
3949,1168
4284,731
3564,3964
970,4616
4355,4523
1869,1016
2488,2770
1053,1033
2018,859
3257,1277
3333,3668
553,4473
1303,1956
1062,1425
4664,439
4535,206
1265,4541
4815,2871
340,248
3731,265
3742,1123
4265,224
4349,3201
2332,4230
966,2200
2421,3308
4468,448
3891,1491
2263,4416
1994,1615
777,4770
4094,1601
1377,1308
2455,4523
2628,599
872,3793
3332,3888
1168,4962
438,2184
1534,1655
3923,3638
1766,2725
3666,2285
3032,4988
1874,4
3193,2355
4191,1779
2717,2761
1960,4337
4805,3814
3621,994
1554,1046
614,4604
2506,1629
3680,3942
3906,413
2602,4006
1816,1077
4931,2310
4840,3659
4163,534
197,507
2465,4677
678,3417
2210,2431
366,1299
4336,1133
1628,442
1191,2770
3171,511
266,2710
1357,2712
3134,4980
1383,20
1252,1402
70,4786
222,2876
2506,3421
890,1977
4937,3383
3163,3060
3108,1352
3650,1977
2610,3668
2983,4148
1609,1288
4703,1682
3425,1755
1630,4941
3660,267
2382,2399
1597,2233
4883,4869
2575,318
849,2107
3110,1914
394,3204
777,1469
307,1924
2022,3275
1290,585
2979,3127
2021,3206
3035,1876
1717,4844
3960,4553
4339,3193
3906,2328
2334,3055
4515,885
3509,3626
2375,3401
3070,4573
4976,880
3299,3914
4904,4477
4819,4026
2855,3949
3941,862
452,1119
840,4458
3656,915
3136,4493
4382,2816
460,408
1804,3777
3483,3402
443,4588
4562,1583
800,1701
4074,2462
3360,4771
2091,784
741,1842
2529,2912
3582,1045
2973,355
2878,938
4609,2955
890,2417
4401,1195
4466,1480
2171,2396
676,3547
2100,4824
3390,4244
3448,2136
3469,723
3503,1784
4185,327
2809,1283
3763,4172
2403,1425
872,3714
1505,1060
814,2681
1341,2520
846,1703
1171,2536
4187,4
1476,1704
2873,2651
3221,1851
4672,3445
2594,1032
2176,3320
1984,686
713,4950
2179,4540
2971,3350
288,70
1109,3848
3314,4833
2250,2356
2290,262
1016,2010
368,1467
3530,2106
1783,4809
2239,434
3450,769
4729,3420
2975,2257
1691,3094
1990,3184
361,3659
2571,4587
2951,4771
787,1208
4187,1329
2062,4602
3352,3006
330,625
1597,1544
4097,2962
4773,4287
1559,4133
1968,3173
3343,97
2457,559
1708,2786
4735,2288
1148,377
2960,2121
16,1110
4907,409
2826,2585
967,1254
2296,2267
3541,2698
3177,1280
2259,2155
1824,4034
3347,3520
749,1061
904,2895
3785,287
1920,2705
4838,2624
4728,236
1548,4558
1804,699
2109,3660
292,1550
3735,3943
3554,1895
4970,4510
4972,2768
720,1050
33,2080
4880,896
2365,3376
4007,3474
1321,2782
4260,2321
3800,306
3127,2657
147,240
4049,4940
347,2351
164,3275
3549,2050
2530,3569
2084,3835
4834,334
1255,3755
1190,1764
1504,2097
16,452
2527,3784
2071,1517
2559,3271
989,2387
2563,4201
464,1624
3448,1124
258,4440
604,3562
764,695
1579,1997
2754,1609
1674,1232
2448,904
995,2499
4581,4271
2615,4912
4169,423
3521,3183
4089,750
147,1319
4760,2782
485,4685
4778,3582
1810,1835
3347,2325
228,1430
1969,1938
331,2609
4390,994
1912,1288
431,821
3620,3415
3460,3624
3802,4460
2535,4762
1593,281
1532,4137
1829,1367
4302,2464
207,646
3101,3665
3648,179
549,2813
2635,1776
1481,3385
2436,1365
1178,2363
933,2862
562,4551
2292,464
4045,3237
130,4573
4012,419
1376,1269
766,4328
2370,1516
4185,2693
4002,549
1185,4735
4976,4626
1104,3845
2918,4511
803,4979
3074,4565
2430,4519
1466,4470
1680,1019
1677,3229
569,3092
4121,3813
2532,3238
2034,3368
1102,4400
583,791
391,2756
337,265
2770,2270
1003,117
2534,1450
1276,3451
1335,1414
4329,1186
3134,1204
4291,2693
402,4950
2199,3754
1717,3832
4306,1895
2456,1653
1053,1036
170,655
4334,2901
2065,2363
1713,3682
2180,4559
489,4705
2985,3768
3965,2074
4032,2112
2170,2672
1578,3256
4817,1759
457,1694
145,510
1319,1341
3665,568
97,4763
268,2672
501,64
2977,416
4079,4630
3950,263
2459,3897
4504,4143
3636,2696
3593,4175
4465,318
1523,895
4489,2645
3001,248
4731,1509
3160,472
3198,2004
708,1735
3980,4138
3750,4911
3623,2523
550,3853
2058,2506
3893,4458
4729,2385
3908,2690
1784,3652
98,3561
2392,96
318,4072
1647,1087
4650,3342
3183,4354
986,4298
3771,3853
1736,2021
897,935
2407,4281
3965,2655
2908,1868
3548,1343
3593,340
650,3719
1952,349
2190,2515
2035,1471
3245,840
4313,3085
3847,4643
1117,3954
1498,2559
2022,93
923,1564
3518,4787
1812,1495
3986,2470
1969,2283
4311,894
898,210
4869,1648
3232,217
4677,4294
3512,1583
640,457
1971,4371
2551,1366
3257,159
1027,2684
1935,613
2707,3124
4557,2013
176,114
1258,1481
2131,3792
878,3543
4366,4034
1967,4235
2385,2876
4814,3206
1987,4787
4284,3779
803,1057
4908,494
1816,145
2672,4944
4647,3951
2259,183
4053,2347
4128,2901
987,175
525,1901
49,2915
2953,2011
3916,3676
3449,4343
314,3128
3018,37
856,3963
2130,1597
3826,4070
3381,3957
413,3227
318,4108
259,3743
1843,986
3267,3039
184,1480
940,2659
3666,709
966,2670
552,1497
4048,189
4796,4871
2639,1078
4392,610
2642,4036
2989,2859
4944,2715
2477,2554
3294,2904
270,4227
4665,2017
3015,111
578,1450
4950,281
4995,596
3734,2467
1296,2732
4237,4836
3505,2838
1650,4113
968,3311
1894,219
1435,973
2835,830
4510,2307
309,2154
2950,1773
1584,2232
4195,3033
3439,4539
1969,200
2012,1785
1789,519
3869,4088
3732,4007
680,2493
2954,965
2608,2119
3345,4015
4688,4679
3094,786
3788,221
2825,4344
4921,811
2499,1172
2802,95
2636,2333
979,2433
4971,2028
1982,3873
3095,4399
3122,1479
2157,2857
3885,1662
4656,4609
3123,990
3578,787
3196,4643
444,1515
1998,2930
1453,1957
2369,2020
4910,1993
866,1983
2790,4416
2554,2172
4136,4621
1545,3651
992,149
2076,2026
4528,3457
1190,3050
1716,3731
1785,2378
4717,2230
1113,2785
2813,4027
3876,2402
4025,661
4044,1521
1052,3377
454,1771
834,4917
3128,784
4856,569
2016,1529
4247,2560
2093,4473
920,2323
724,2682
4344,346
2084,3374
1780,4405
2975,1621
303,2717
1444,4964
3373,1067
2827,4528
2,135
2760,2994
4819,297
3628,1814
2346,4579
1876,1940
4910,413
3175,6
1015,2802
1019,3564
596,2843
2220,422
1489,1065
1215,2549
314,1979
258,716
2250,1598
4956,2619
2796,1374
4625,4106
666,1450
4334,546
3512,273
3303,4113
2615,2915
3110,4874
3687,1974
1217,3817
4036,2517
3316,1853
2781,1163
2226,3636
639,1446
4654,3945
4549,3678
3714,1334
4996,4628
4838,1835
2087,3282
2515,4478
3048,4104
1805,2108
2428,889
94,963
543,4117
1160,4281
3743,371
2872,4895
3730,1176
278,1782
863,101
772,675
628,471
2068,1501
855,4499
837,4267
3915,717
2743,331
2912,1378
4943,2007
4135,4115
4348,2611
322,3497
3211,4998
2957,4142
451,1165
4950,4218
3739,2862
4112,12
2533,3337
1932,1095
1071,3882
2515,3527
2788,1659
1525,3748
1367,1771
125,4223
3211,226
3749,4281
131,1445
3996,3946
2293,4975
601,2311
3108,1435
4976,4071
1866,4194
3145,2275
1327,405
3753,667
909,2679
2711,4798
2381,4355
1373,2584
3889,218
834,4015
4151,264
4355,3581
3960,3776
2652,3263
2626,4866
3698,3846
1440,4830
3078,2190
1652,4819
285,4127
732,4100
1159,3807
3137,3821
1186,2286
144,1865
4197,296
3168,4628
3605,4648
3438,1490
1103,2337
80,1645
3230,4821
1754,154
4092,4559
822,4030
3410,1017
1135,111
793,221
130,556
906,3574
25,1573
3397,1404
4733,277
1346,2821
4686,783
2744,1294
3334,4719
751,1961
2973,439
1949,4746
4558,4787
488,4622
3101,27
989,4933
4897,2580
4771,541
3144,337
4509,4728
4060,1205
1449,1660
4149,4527
1185,847
4983,135
4986,2655
4104,2972
1498,3647
1989,1267
2752,8
1378,3118
2382,1257
2680,3074
4814,545
944,1117
2490,578
1545,2361
4132,999
2360,4184
4224,1397
4796,1480
4315,4051
4764,683
1779,1291
4813,3476
3419,1360
4062,610
4162,3563
3086,523
2447,2629
135,3319
3596,2538
3093,38
4407,4662
1754,3601
2099,4749
4337,3932
4794,4673
4739,1322
1204,2368
4542,800
2653,3004
1550,2411
2209,995
226,1243
2478,606
165,3244
2452,3576
764,4193
3823,3701
1847,3438
3755,2361
4763,4045
3021,3868
2926,4130
512,311
4138,3937
3213,534
4377,2897
1853,2436
3328,1507
1855,3678
40,107
3290,2337
2773,4381
2234,1527
4632,4082
1739,1127
2115,3085
2165,210
4701,4516
2204,2065
3919,1823
367,4670
573,2523
2410,4585
1046,3809
1539,1446
3631,4113
1747,3811
3664,2280
4721,2454
4166,2834
4456,4012
4812,2318
1841,3241
3832,354
1625,4618
1118,1704
4827,4737
2686,1536
2869,1749
1753,4100
2485,1376
979,4296
615,1559
2571,771
2441,1855
2562,2084
4413,1243
2890,1897
1638,3229
3962,762
464,3263
4474,4548
3550,1677
4193,2971
952,3073
2799,4517
344,1619
90,2491
3207,805
4529,1498
3989,287
1128,2928
4495,1400
2972,927
3847,4316
3747,2393
2956,4287
4785,585
1830,2038
1672,2206
987,2882
321,3129
4467,2187
666,3865
4996,2824
574,743
457,3344
3631,2830
3816,2987
2481,422
3293,1212
1229,1874
1823,2661
2163,806
4515,3527
3064,4498
2847,4032
446,2138
441,3494
681,1957
2696,1075
2818,1633
3305,361
1745,689
3161,1280
1631,3151
1620,4145
825,12
3658,521
3822,4320
1350,2020
4275,3572
516,1714
4029,403
2790,3303
1107,3486
472,2783
2406,531
2870,1698
3765,402
4206,4785
3691,4276
564,3198
918,3117
4320,714
4055,2268
1665,3334
2517,536
1839,217
3914,4155
711,312
3084,1105
3127,2027
2383,3534
3853,3784
3469,4681
2811,2682
336,2601
4611,3582
4935,839
1016,4025
1814,824
3972,3141
3922,3032
1014,3360
2921,3198
2520,338
4353,4124
3258,4236
4824,3437
3491,4040
727,544
4904,4992
3230,2426
4755,3153
1678,3258
2290,1132
3073,559
4610,2101
2811,758
3834,3175
3011,1065
409,3586
1113,3416
553,698
4995,23
71,4537
2523,2883
2711,2214
1638,2836
4509,80
2997,276
672,2069
1609,803
1308,3318
3044,4030
4989,587
3755,4454
2882,4555
36,3478
4838,3826
358,806
4844,1442
4550,4028
3776,2598
1623,2500
1197,185
4327,774
4558,4834
141,1371
2183,3021
3106,1558
2843,4813
2933,842
645,4154
4466,3014
4407,590
3373,204
241,3278
3231,2316
2596,1263
2850,2236
4037,3478
4583,63
4135,1600
3452,365
1610,4204
1114,1336
3116,4682
4415,591
698,3090
1405,3809
4970,1219
4693,2789
4893,3073
3314,1736
1959,4933
967,2132
3469,1579
4288,2854
2275,3158
315,2531
348,843
1215,30
323,983
2046,1543
4286,2329
2581,3502
3908,172
1990,3850
4912,1196
4247,2064
1962,598
1703,2702
4592,4954
3002,476
1720,342
3302,1886
1454,3591
1323,46
3999,2834
4474,4238
444,256
3196,1670
1682,511
4940,2182
4018,4615
3478,2481
597,3
740,2371
3175,2061
1507,3791
756,4031
1806,2753
173,1945
2892,4373
1546,1140
4414,2949
1536,3249
3964,3260
1519,149
4356,1533
2807,3092
1002,1070
4434,10
4525,2912
3831,625
4660,1860
2575,1065
1347,1577
2302,4430
199,3748
3869,4333
4388,4369
2917,2583
4226,317
2478,3373
3929,836
1791,1261
2216,3432
3947,4231
1787,4756
2986,1536
4098,4119
3814,1572
3503,864
1703,4658
2659,1614
2532,339
3759,4545
3031,3703
746,4469
4289,4295
2825,568
2228,690
4889,740
2570,2491
4644,2297
100,2414
4190,3161
4599,349
4926,1909
326,4742
1044,418
629,2094
1671,2782
1023,3217
4986,4237
1437,2371
4774,353
2461,2998
4066,3966
3797,3463
3769,4923
2363,694
1277,3167
4753,1785
4630,3762
1884,684
1968,3517
929,2695
2853,4727
403,2075
3869,2910
3140,2303
2463,2996
821,572
3432,75
3170,3706
2299,4429
89,2496
2455,3826
1889,4964
618,3551
3918,2853
922,1523
708,4248
2454,453
2957,2559
2839,2812
4530,911
4261,3193
1644,1654
733,764
93,313
1421,2337
4036,3914
3698,4590
4755,2254
3988,1019
4205,622
717,4270
4674,3190
4237,3759
3454,3813
1700,3444
2617,4034
545,4738
3313,1645
1986,2836
1465,1385
864,660
1188,4727
2766,3925
4532,4598
3012,275
4258,4856
2948,540
1521,2399
475,4855
534,4286
2768,1754
3526,629
3936,4073
3130,890
351,1054
267,1920
4673,3634
4276,1681
737,3551
2915,4256
1583,4640
1870,1797
772,3936
2998,604
4746,3914
1319,3367
3189,3761
4082,3514
3997,2572
1393,3196
4881,3485
1819,4672
3005,2676
2701,2539
724,2326
3389,4561
3950,4096
3923,3645
1620,1738
4403,4652
4,3813
4851,4028
3789,2005
4723,3605
3564,2946
3688,2243
4978,1937
2840,4811
3887,3214
859,4733
2742,548
4801,3392
1788,4863
2202,931
618,4507
3759,4617
4149,1223
4688,2524
2992,2575
4091,4255
311,3694
4928,2930
4361,2480
855,505
4526,4488
4404,3740
5000,4095
2853,2507
4801,1553
2377,277
3910,162
3766,3441
840,1502
4263,19
1202,3310
892,1743
3305,1948
2046,4489
2758,58
655,3801
730,2278
1593,4345
317,4642
1642,922
1579,4420
4582,1756
712,1964
2909,4807
987,278
4359,775
819,356
1062,2677
3964,622
295,4367
1146,1023
1138,3686
2919,1488
1756,3403
4469,2694
1315,3532
1486,1784
2417,3022
3260,252
1976,1111
3530,2163
167,3261
2198,3910
3958,661
3749,4476
3794,2157
2418,3167
1421,2255
219,4507
2923,1531
2642,1050
3818,1647
2387,514
1068,3638
2004,2853
694,3426
902,4719
584,243
1617,1395
3432,3090
2209,2073
4233,2045
1824,3778
304,668
163,15
4422,484
505,4761
1879,3578
3976,2304
4637,4652
1481,362
1162,2782
2265,4869
691,1357
2074,3617
4937,4527
746,2105
490,452
3035,2609
511,2889
4516,1447
2926,4641
884,2171
2307,1759
4485,2813
4770,2137
4326,3635
2148,3639
3530,1187
4393,1339
1917,2426
1574,2833
1667,2708
3463,242
1586,737
1358,632
694,4116
1804,3095
1806,3419
1804,84
1527,720
4446,923
3964,4620
605,543
3507,283
4762,1608
4375,585
2805,3442
4287,417
565,2110
3629,450
304,1933
3105,1184
3046,1308
115,1370
3914,3210
3510,3904
1395,4970
807,2117
4785,2411
4561,702
1122,1392
1671,4027
2660,4043
3434,4157
807,1496
2039,638
143,3450
1706,3255
2923,319
2925,1489
1532,3808
3640,4356
4697,180
2057,1087
899,4462
4642,4981
360,4805
2323,4656
171,2864
4126,1648
1651,563
2082,4855
3013,4868
3102,1849
4050,4818
401,2958
3073,3802
4496,3010
2013,2082
3231,4070
3416,4693
4409,3141
4843,3799
4546,1382
1051,1648
3709,394
2115,3223
3281,1614
1536,3364
648,568
4632,1502
3123,1043
3499,671
4417,285
1234,255
3861,266
3325,1318
4239,4998
3820,268
267,2569
2842,339
4003,1947
2985,1993
1665,531
2504,3246
4845,1102
3276,1630
4868,3415
1249,40
4933,2054
3153,4351
4453,4436
280,2947
1711,1545
488,2162
4887,3798
4175,939
2686,1998
294,2795
4855,1361
3176,3296
2958,3749
2421,918
4783,3204
2006,1481
4135,596
4185,41
3179,617
3558,2146
1550,582
4429,1859
1284,1796
3209,1601
1390,3115
4960,806
4364,4219
992,4470
4856,4228
4105,3580
4177,3261
1297,3181
3380,3165
4663,3437
1252,2138
4671,4236
482,3098
3687,4664
4183,945
3113,1789
3202,1113
4436,2216
3140,451
1296,1588
1584,902
864,4202
1477,2291
2036,2514
793,2899
4184,385
212,903
2323,3855
3059,3533
398,2537
3645,3842
4414,2858
3719,3963
2722,104
3549,2170
4603,836
1581,1234
3596,4454
4558,800
1075,3831
151,755
3399,3598
3740,3302
3120,303
768,4493
2509,3412
2863,2049
3695,3644
2525,313
1034,1936
769,3337
4086,2065
920,4087
2758,1031
3370,742
3884,3963
1650,4088
2103,3127
2494,1212
2091,4894
3500,3820
3183,2580
2919,73
3086,3541
3113,377
981,377
119,3433
3649,2136
555,4107
3513,4564
2393,859
2311,1941
939,1395
869,3777
3221,4399
625,4292
903,994
420,1339
4558,3781
4246,994
2873,4952
3652,415
3236,2380
3242,434
3257,20
3830,2031
1233,2471
2630,2069
402,2747
2359,4669
4085,901
3000,1493
4738,2874
1507,1972
3654,1035
1445,1290
2423,3267
1585,1562
3768,3062
1292,438
693,200
1952,3546
1522,3114
3520,3474
2593,1498
4848,4469
4234,1235
3409,2098
4984,2140
3700,1844
580,164
2660,2950
3045,325
4173,1722
1110,4419
3621,3599
297,1834
870,3327
4524,3584
406,1283
1828,2560
3657,342
4006,1601
1607,3788
7,3247
3776,3127
1547,3996
2952,4159
1324,3230
4336,4984
3518,2094
2361,4646
1181,1973
4661,4711
2963,4222
2048,3728
1879,2131
4156,217
4538,4803
2803,1209
1201,2788
997,4472
1463,2430
3272,557
4508,2254
760,1094
634,2968
4320,3733
2513,2712
416,145
248,2623
3642,594
3504,1300
4718,1526
2979,4667
793,4631
1476,2761
3780,2168
1505,1663
688,2572
1999,2788
2344,3183
3549,4867
2962,355
1934,291
1438,232
4640,4143
2883,2468
2045,3848
3033,1290
1702,4996
1213,4281
1517,2271
1231,1201
848,4617
4069,4940
3226,1864
502,2075
3771,2596
455,1389
128,3392
864,891
4849,2340
2865,260
1399,2823
2424,4406
3485,1268
2980,1335
929,3322
405,4630
3572,3453
2065,474
4603,1389
1789,1019
3306,2718
2950,3267
2784,4139
3470,2124
4395,2984
3205,4488
4159,1763
3513,4662
831,2738
2633,3370
4762,3000
325,2088
4580,4272
2932,3556
607,452
929,4556
154,4896
3911,423
124,302
4594,2064
1647,2420
2686,1434
3848,159
404,1088
547,2039
623,202
1236,3390
3865,3716
2878,2172
4219,450
769,2482
3670,2958
721,1102
4263,1529
2810,4379
905,3934
717,3855
3176,4971
1868,1943
970,3186
916,990
4263,3571
1213,4341
2613,61
2723,2692
497,4083
4722,497
4806,4257
1728,700
4396,222
2542,2308
2832,855
3051,3466
518,117
1805,2321
3460,2391
1780,475
1686,2254
3537,3962
764,4934
2618,50
113,1174
1684,3741
1569,2653
4784,4034
3340,599
4323,2618
1826,803
4385,1887
3710,1332
4508,201
2201,3697
3716,500
3477,4285
4585,577
4117,3756
1704,3412
1298,1642
2438,1036
3216,1355
4794,3047
4433,682
1302,1736
1896,280
4575,4678
1504,4655
1487,3661
994,254
1406,2859
2199,4935
4316,478
211,4619
2157,2060
3066,2758
3786,2118
3806,2088
2941,887
1292,135
1152,2439
2535,1840
2116,1966
3079,1988
3417,3444
2863,3545
3260,1369
1958,1964
1062,3940
458,935
3702,198
2238,129
3216,1324
2552,3229
4918,2551
1699,4243
3021,3784
4598,427
4634,1508
55,1992
3316,3153
4160,1424
809,2000
3074,1022
2181,4062
512,128
3543,1888
3680,1591
3524,3803
3892,753
293,3558
4177,4689
1264,2355
1294,4759
3427,1007
1779,2699
2547,4045
4806,1959
2678,1429
178,2661
3592,1181
2044,1542
1516,4231
2285,1603
3757,3409
2813,202
3201,2661
2838,1050
176,4800
2736,836
4553,2829
16,2072
3445,198
1385,45
3919,2067
3778,1398
2815,1684
4260,4792
3627,3450
2069,2879
586,1518
3925,2673
4004,133
3006,3756
1327,680
1629,109
2942,4166
549,931
2980,1845
4224,300
1067,3399
3165,828
1059,1924
4831,2713
1115,1532
3192,4510
668,4158
3319,788
3250,4253
1765,2982
3026,3344
2931,4806
4347,4139
628,1764
809,3377
1300,4646
2070,940
3020,2821
3263,1640
4732,2670
1240,1143
2689,1260
2849,4289
520,1435
3096,4390
93,2763
209,844
600,762
1889,2683
4060,4549
2925,3793
2704,1047
3263,3182
1718,463
595,2098
2746,2231
2124,442
4738,4611
1115,3348
2824,1107
1736,3290
2973,1553
4152,3047
3924,3572
802,3885
284,624
1412,2949
2986,52
2584,289
1063,3017
1387,283
844,1050
2759,499
654,2961
2267,1519
4263,1482
4524,2269
1790,515
4052,4464
2803,1023
3799,4874
2956,4873
4992,3925
1547,2091
3516,3866
4366,3524
2618,4439
97,1597
3833,3901
2717,4028
3486,2914
1697,2768
1096,1473
2199,569
3336,4502
2907,3759
2192,2990
1265,1739
2343,2651
2340,3751
3447,1602
132,2715
3220,4639
3944,495
4631,2811
4243,3487
1272,2265
2749,1765
416,4491
4224,1255
2598,2276
4107,3822
1403,2825
2091,4745
3694,4937
4715,4883
4190,1831
560,1521
1369,3996
2450,3074
4584,2190
2534,4590
1062,653
2604,4907
4518,1723
458,3802
2621,3203
90,4968
3696,1913
30,4766
4091,2069
1656,1351
3372,326
3844,1590
288,2958
2540,2045
4661,4712
3836,1472
3635,3108
3086,2986
3845,218
4076,2149
900,3204
114,3812
2926,2626
1520,4625
1518,466
295,4719
2037,4449
844,4895
1,4654
4417,2344
4586,149
596,11
2876,1014
4128,232
2562,3635
430,1046
3104,2128
2633,1862
4064,4463
4519,524
4060,1075
1569,3020
3481,204
1186,2480
2110,3753
258,1947
357,3105
3810,4815
4426,1915
1413,2040
2782,4981
4348,1024
504,3267
893,2001
2480,4807
4066,4113
1743,2306
1530,267
1525,3465
3692,3539
4357,1190
4544,2053
4533,3765
669,1733
12,3587
4292,2340
4962,4610
2156,3005
858,614
73,2424
2740,3752
378,1614
1278,2736
4720,3929
2686,1733
3091,2817
2956,2311
3645,1445
4948,551
4567,4550
405,4190
3300,222
1006,2928
712,639
2477,3398
355,3342
2730,3110
3727,1375
3910,1174
3880,2949
443,1956
1477,3423
1785,3786
239,2339
1295,1985
2333,1893
2682,2657
2175,4352
706,4794
3559,1625
1768,4504
64,4120
4473,1962
2499,2523
127,4514
2827,965
2717,4433
2146,3697
3558,4281
2709,2541
1384,1879
189,1108
2787,2865
3099,4553
755,2056
3362,779
4238,844
3111,4203
360,921
2988,1523
2258,3971
1334,2718
883,3988
531,3805
542,4428
2240,1815
4289,4704
1809,832
15,1321
2291,551
461,4441
4766,236
3768,181
4445,323
3330,4405
1287,455
2794,3072
2277,150
217,1042
4613,2478
4322,3947
3608,12
1418,3952
706,2766
2865,3877
4325,4156
2564,2102
2430,2676
4685,1951
2234,1489
49,240
3199,3247
221,2927
2023,545
3942,1888
523,366
3229,4145
4888,1035
1894,3693
4754,4045
2847,967
660,271
3459,2757
4095,4735
2975,4548
2688,132
2424,3467
3786,3083
4926,3935
2965,4796
1897,2023
2761,4161
4748,253
2144,2114
4572,1469
2591,2718
1520,2305
1490,848
1166,1341
3023,1356
3870,4005
791,4211
3457,2313
59,1408
2190,1554
2003,2615
232,2373
3241,4950
191,651
2208,1068
2320,3864
4658,1295
1531,1064
3644,219
4706,2111
4210,3252
1086,3532
4944,2395
176,2151
683,952
1012,2951
152,2302
2860,143
156,25
1152,2824
3496,2266
4932,3113
4408,3497
4702,1450
2722,4861
266,4182
1856,3399
4433,2305
1003,2181
1761,3123
1570,2642
4775,105
2713,381
1406,2465
1864,1109
1995,2870
111,3325
3336,1487
1748,219
2617,3540
2866,1606
173,2472
4423,2718
348,1292
1865,2780
594,2188
200,4370
3782,1409
3663,319
2759,3291
378,3472
3409,979
4710,799
4219,913
4058,8
3098,4570
4371,3903
2673,569
4102,719
1371,3641
440,3285
1158,4539
1075,4271
4667,305
1996,1778
3568,1574
999,2976
4449,2512
390,3460
4405,2820
2002,4949
1219,4868
1012,1182
1030,2198
3068,1437
3253,128
3413,3603
1939,4944
1000,3308
3739,3478
1778,4329
4767,395
122,520
4280,2967
392,4357
930,4794
638,2318
4545,865
1212,4081
3131,4505
3959,1757
3746,4147
3563,1956
4665,4304
251,1561
924,2497
3230,2764
3158,330
4425,355
861,886
773,520
1500,2902
256,4477
3895,2404
3942,711
1017,4770
4369,2271
470,2163
1664,2588
4952,778
4488,2864
4677,1491
3634,1508
648,2187
3282,3289
4002,871
584,1797
613,3528
1889,4182
2732,327
514,1361
3496,3784
2492,3465
4516,3271
2767,168
2262,3173
4824,4163
1034,3085
1664,240
3217,4983
696,4854
3482,2016
3598,2309
248,412
2657,929
999,1130
3472,2986
2420,4963
4735,2027
3605,126
4750,2392
4057,1722
3789,522
1108,2644
1642,1420
1078,2509
4857,2974
1450,3709
3150,4961
502,2340
3476,3483
3435,3628
1520,4760
4914,3379
4232,2263
2422,1611
2358,1783
1095,145
1651,4854
1127,4173
3451,4267
4618,4975
3796,3738
4960,1687
3681,507
2020,4699
4024,4268
4988,16
3177,4707
1774,4954
262,14
35,1151
1294,946
142,4262
5,1187
3036,2740
1875,4390
3264,1716
1615,3507
427,34
2241,19
4744,139
1526,4990
2145,1279
4672,1248
1412,2814
642,3849
3666,2735
4451,109
2824,3557
3226,3657
669,3517
4669,3089
4717,1332
4141,4931
4939,4899
4676,4113
16,2173
3964,3747
346,1945
16,531
3705,1851
3954,3580
3547,633
1454,3091
1036,3668
719,2560
1044,1948
1888,3441
3086,3625
4077,3404
248,1261
2687,3157
3885,1429
2688,1880
3289,4425
4819,1840
1757,4119
34,1145
1939,965
1668,3065
1803,2768
1735,214
837,4264
1358,2678
4935,409
762,254
640,4012
1420,605
3968,3188
1108,1647
714,2681
4740,3232
1499,2196
332,2599
4532,3026
1027,1143
4331,4613
3649,1435
4336,3845
464,3028
4110,2636
3344,1032
3547,2876
2102,2922
1248,1505
4477,3793
339,3036
4531,1905
1290,1881
2112,4548
2430,3579
2298,3566
4514,1669
2360,1396
2362,3015
2579,3355
989,1447
2255,1392
1159,4871
539,22
3737,1364
4285,2724
2983,731
1529,3175
2925,2858
3714,4840
677,3726
3683,803
832,2912
2839,2411
3938,1011
2654,1653
2064,3225
2968,3800
2170,3542
3187,4305
4073,3168
3784,4265
3163,2643
823,3660
1479,893
4839,4626
4636,3214
4251,3358
3669,1295
3711,2042
1929,354
4778,2895
3331,3192
3258,3533
1397,2513
3514,4633
4410,1160
4387,3848
4992,3337
3897,485
3957,1034
4245,1302
3988,2201
1088,91
3600,3882
1280,913
4730,183
137,1174
3446,3605
2102,2428
2378,3357
1491,1922
2333,4307
2343,2276
2501,1158
357,3401
4130,3442
4757,2573
4983,847
2044,3839
3280,4737
879,1598
1319,255
3962,1556
1568,3693
2716,3066
2682,641
1455,3212
955,2304
1474,1481
1340,1497
2973,2681
3834,2137
1331,3997
4227,28
947,4951
746,3288
337,4941
4259,3786
324,433
892,156
3412,4231
1422,3890
2445,2333
4473,13
4726,3161
4023,3994
1879,3573
3962,1179
1745,3685
3851,1866
1672,4014
3194,4258
83,355
1531,272
2062,1683
2388,1804
1117,1467
2859,4314
2419,3855
4176,3411
3949,3123
955,3505
1853,1170
1022,3294
507,2376
1582,3614
339,4519
155,2298
3520,3334
3266,1594
2106,290
1609,3911
1587,793
3131,2617
650,3728
4090,2054
4768,4829
399,1272
2196,3422
1012,751
2562,4090
4108,3906
3159,1544
4675,1882
1735,4520
2208,4953
1951,4874
3283,174
1034,1342
950,1424
1982,3251
409,1415
2490,1083
236,2169
2138,4232
1875,2806
285,3946
3855,3991
2990,3087
1195,1997
3003,120
972,2108
2147,2816
1454,3294
1258,3640
4234,4490
2381,4194
232,3623
4142,4611
1452,2177
196,920
3529,4965
1886,351
2520,1745
2776,248
1693,2301
2024,2733
4343,2433
4921,4622
2910,2032
144,4682
249,3175
573,3146
3681,2060
3188,2964
451,1895
1663,1246
1161,1544
1461,426
3652,2754
3919,1702
2319,675
4810,3790
2452,2766
3957,3889
4219,4383
3384,552
4496,2489
1303,1802
2920,1301
3108,2523
4396,4460
870,3688
2287,4621
4451,3414
786,1906
4525,2726
4132,4557
3934,901
4800,3941
4599,2220
2506,3552
3715,1051
1527,2857
1480,3254
2754,3881
2720,3713
1312,4530
4980,361
2156,4098
4592,2343
1263,2973
3883,2825
3197,3858
1399,2857
1449,1155
1966,381
3859,4871
865,3181
3547,1691
2119,3868
1307,4916
3984,2660
1142,544
2296,2034
865,3257
4324,3431
2996,2286
2845,2940
3931,1057
4838,4652
3458,281
2286,3615
1835,1413
432,4440
2861,821
1501,3730
3520,4906
2946,4717
2524,1028
1893,4364
1023,52
254,2129
1467,410
2390,4414
4158,1672
2688,4616
3095,43
2862,4813
3133,3099
2172,514
4123,704
4975,208
3142,4154
3947,1103
4644,912
1497,4730
4930,1022
2005,489
138,3958
257,3709
4720,1896
4944,567
92,4868
4107,1046
2590,2654
2100,2396
120,133
150,3266
3273,2312
2354,1224
1658,2551
2620,1218
2467,3518
3722,3257
1988,4090
4966,2668
2830,2729
1697,1541
429,295
4067,1053
4075,907
1005,2382
151,3501
3977,2791
4353,3285
4562,1267
4319,4030
3242,4553
2143,2132
2780,10
1069,3777
1009,2089
3300,3886
2405,3221
3224,4250
270,1708
1395,2092
4773,426
2786,4310
3163,786
2926,1862
1174,1926
3034,1039
1935,283
126,4388
735,2793
2639,4543
1591,592
1296,854
2828,620
1510,1177
2266,3290
3935,1584
2214,3912
2962,3040
1313,1615
1966,1475
3022,2898
1946,4659
1877,4424
1211,1677
4783,4502
2898,1139
1816,910
2348,1176
1833,3231
3747,880
2956,594
7,1541
4958,1759
4075,3369
3903,1236
2729,3088
1057,3425
2574,352
4019,2625
4832,1344
1535,4078
868,4187
2007,2404
4591,472
118,2979
4637,3548
3323,4137
1958,821
4586,4480
1242,870
417,857
4112,4038
3373,1984
4794,743
1127,583
4430,2900
544,1735
4228,2150
3178,892
1901,3821
3140,4870
1884,2316
668,3682
4905,4051
4634,1680
938,946
633,1265
2577,3664
2034,3795
330,4595
2648,1030
188,1869
773,2567
570,2102
1945,3891
2668,3686
2373,1841
3202,3783
653,261
647,4769
458,1400
763,998
1227,1139
897,1849
4593,1251
2492,3230
708,4787
2928,2956
1560,2639
2995,3653
1844,3695
146,4358
3109,1484
4454,1211
1306,927
1988,2682
3120,1767
616,596
759,4549
2201,3716
4169,2225
3082,344
843,1882
2984,3645
3113,3867
1058,3645
4616,3819
472,3578
1471,4194
1526,4810
3857,838
4590,2024
2179,2470
1829,4785
103,1398
4598,517
45,4257
2589,2856
575,1535
3347,3786
4757,1098
3238,3903
1595,4052
4120,1262
4650,767
4873,1892
2231,4070
3019,1478
1838,2373
4058,511
186,106
2118,603
3737,4446
74,665
4387,2721
1396,1293
3670,4809
512,753
3057,2272
4239,1916
3535,168
2513,3484
3417,2257
1833,1089
4113,451
1740,3693
4150,844
2634,1351
1804,4190
3779,4311
4352,3717
103,1964
1663,3120
2471,4160
3891,3002
2647,3449
699,3440
4437,2728
124,4972
4334,724
4997,470
2250,3959
1657,3594
981,4392
687,2641
1003,3086
4004,2637
3808,3587
4412,1600
4558,2009
4044,3888
333,962
2508,2461
3745,3499
1183,4173
1122,3394
2348,1095
452,1792
1298,4631
3527,3093
1581,2741
4681,83
2733,291
3717,520
1733,1937
4002,221
34,697
2774,1589
1813,1659
4824,4341
3867,3132
2931,1460
1076,3002
1184,3395
2358,3753
1561,2681
3393,3674
3600,1097
195,204
4198,3793
1919,705
759,1855
337,973
3420,1466
2079,1765
1815,921
677,1556
1712,1143
4181,1093
4522,3132
1591,405
3286,4923
1595,4497
3630,2343
2084,4538
140,3049
1550,2547
2687,3471
3273,762
660,1062
2955,3467
3515,4498
917,2718
926,881
4554,266
738,1027
548,2246
4996,4683
4546,3147
526,354
3810,1939
2333,3122
2709,2207
3835,3289
4322,3084
3262,658
4710,4937
2576,3566
48,1241
1221,1931
1980,3501
966,2171
2387,786
3170,284
1069,3348
3738,3492
1089,1265
82,3208
2754,2900
2422,3096
1774,4423
4847,709
161,4200
4701,2628
2854,4578
4886,3946
2848,3835
4600,3305
933,944
319,1691
811,1493
2683,801
2784,4311
28,4479
590,4073
3181,4395
2761,4239
4826,3992
2163,542
568,4449
4617,3282
4290,28
428,908
2289,1288
3342,4631
4260,1821
1985,86
1878,1010
2178,4817
678,2462
205,2336
2593,3980
4185,4332
57,625
2947,397
2251,3590
1917,3057
549,2955
2843,585
909,3414
3469,4121
4808,886
1648,589
2527,2242
1970,366
4728,3980
1355,4532
2974,2343
2188,198
1223,4353
4520,1985
2423,2444
2837,4677
317,78
1724,157
3237,1441
1712,457
3642,4129
2188,2828
1366,1844
994,1171
3278,4085
1284,43
2906,3536
3672,3417
2798,1061
4245,2979
1009,1090
1598,346
2625,2756
3962,1987
3825,2618
1287,1569
906,4413
2615,938
4522,2672
4900,4651
4350,77
3860,628
4592,4696
4478,1270
1285,183
1918,1343
1438,210
3965,2154
955,573
1170,3181
192,910
3896,3696
4902,949
4183,3652
1771,871
4205,4002
2554,1153
557,1075
451,3658
2638,902
2408,821
1485,4189
67,1552
1591,1213
3642,3152
818,3659
2059,3943
214,2968
3618,958
2704,3453
1845,4818
3536,395
2032,4061
3962,2620
3639,3391
2655,3553
4054,4346
1695,912
3722,4000
1494,4812
2966,1586
2831,3630
1723,1627
1177,4267
3141,988
2441,3212
2148,2570
3313,1296
1143,214
1306,4024
4907,2961
1744,4935
2467,238
3566,2831
1510,58
4508,3564
4687,1274
1532,1305
4319,3756
4037,4679
2388,3707
4127,1397
2532,2573
356,4241
3479,4037
2967,175
4117,3139
3312,3454
2772,2581
2375,2892
3603,4822
3740,287
3109,3504
4506,1264
3564,4258
3574,696
2961,2563
2465,4997
183,2534
1581,4027
2479,2894
3863,2938
168,4149
1885,2840
805,1901
2650,4339
1528,2679
3261,4836
4631,4036
2809,4363
4787,3911
1563,2347
2913,1066
4368,1634
4423,4547
1465,4794
4685,1380
2094,1037
2501,71
3689,1290
2815,4389
2,1284
2743,4805
1831,3781
6,1189
727,4475
4095,2081
1194,3230
1398,4352
2340,3371
43,3231
2152,3016
3944,4936
1125,320
394,2947
2780,3417
1223,2300
2491,386
4741,2328
1462,3380
2946,1235
1817,351
4985,740
2761,2046
948,3691
4273,2159
527,727
4325,3060
3535,1786
4402,3699
385,1020
759,3118
2612,1069
2754,3094
2383,586
1216,370
2000,2329
3803,513
822,202
1040,1990
3322,301
4157,2386
1731,1400
662,1763
4569,3699
2849,103
4445,3367
1491,3744
4539,1594
4584,1978
2727,1517
377,3425
841,2123
2990,3395
2493,2259
230,202
943,3651
927,1155
2429,3385
3583,1803
1724,4754
3283,3841
2948,3410
2579,3091
1492,2604
1645,619
1773,191
1533,2263
3876,1706
2414,2038
4101,4741
3531,1380
3433,3035
4339,2990
2555,3280
2868,3128
3203,1219
3663,2447
4039,3713
3673,4211
940,3740
669,4965
4879,2280
1082,1557
1511,272
4067,4227
4259,1533
4289,1243
186,4786
4919,478
4266,2164
2665,2800
1596,2292
4388,1018
14,3147
1463,2308
4359,2170
2465,942
4778,350
4355,3768
1634,4300
2252,1640
3117,4567
3245,3464
1018,3402
2818,1024
3977,3159
255,407
4785,804
450,1974
2145,3998
1186,3442
3542,1733
2916,1107
2961,4241
3295,4824
4075,1434
2818,2225
4095,3382
3364,2988
2441,1490
3485,844
3696,1222
482,2423
4950,4653
68,3580
1948,3483
1680,539
2366,2341
1132,3179
3352,2120
4469,2534
1916,1488
1572,4599
1483,515
464,4331
2871,4845
426,874
3528,451
366,1984
3111,4507
3526,4319
2296,3849
4411,347
3877,2782
2159,1311
1515,1284
278,2703
4493,1345
2103,704
1336,1019
3511,3645
4519,3531
1836,413
808,155
2390,716
3370,1831
831,1413
789,712
4382,4616
2344,2193
3267,4433
268,3430
3487,1566
4459,3468
3238,2312
4674,1487
3048,3988
2865,727
1844,3456
4279,1155
788,4764
688,387
758,2019
983,1302
1308,3677
4258,2304
2268,1147
3565,3357
2392,4886
3337,1440
2979,895
1261,2843
3799,3834
2558,1377
1714,2914
1023,2317
3236,249
4536,660
4497,2963
1443,1066
4505,3511
4316,3651
209,927
3631,3175
1795,4659
4535,2005
1725,4593
4624,3949
704,1517
2836,1062
2969,3616
4690,2831
4226,4608
3566,2231
1237,4791
619,2534
743,1087
1191,1789
3642,2191
1856,3445
1710,590
3744,505
3816,3108
827,1106
2632,2685
3859,3472
2723,2331
886,1709
168,2137
2112,131
4850,4928
3529,4652
3292,834
3152,716
2506,2252
4253,444
3720,4510
1383,3377
905,3735
3927,3063
2729,2821
2835,1753
2111,4292
2537,2344
913,1415
1194,3329
4361,2344
3069,3337
51,2010
2506,1084
4314,2280
2691,4248
2432,683
2832,2397
1812,2210
2223,2199
752,4684
1460,645
1013,2759
2137,1373
3881,1985
4252,4643
3163,4428
2175,1473
4295,812
4264,1158
4342,3504
4519,2742
4697,4228
3572,222
3403,3547
4933,2753
2384,1216
152,2189
326,3709
2861,1483
2744,4490
1073,2136
3037,4206
1903,843
811,3258
4510,4046
3752,2791
2741,1722
1293,3089
1726,4408
2490,1021
2261,4554
584,2038
3277,394
4130,2920
2900,2268
1777,3292
1195,3676
1825,1147
4184,2703
2921,4877
788,1162
4568,3975
2917,964
4103,3159
1082,335
3622,4626
3441,2657
2856,3828
3259,4940
666,925
3612,1324
2878,1494
4815,1494
3504,39
3147,1640
1568,1096
4532,1588
1022,2613
1974,2462
1264,2225
1419,3039
896,4545
4064,1167
954,2027
4400,2373
1990,2506
2432,725
874,3912
311,2581
2730,2424
4275,1977
910,4199
839,2089
2806,1632
4590,1166
1503,1247
2626,4024
4669,3440
1319,3695
3285,1560
398,465
2601,3465
1348,907
3442,2397
2979,3444
1173,3648
4447,526
1421,4731
1954,1836
4096,2848
4669,549
2984,3460
2950,1158
3435,3619
3585,3770
1651,1379
2133,4434
4553,539
2144,2785
963,700
4129,1873
4697,1999
2860,438
4720,4731
3506,1634
292,2981
4559,1401
4392,2554
1980,1882
261,3873
316,4924
1182,4870
3387,1199
1736,192
4035,3757
637,1344
3271,2878
4689,3337
2015,845
2214,3007
112,1369
588,1402
3558,3657
3320,201
777,4169
1379,769
4271,786
2295,56
2651,4940
3275,4207
1435,2080
3394,792
902,3892
2780,2613
3814,42
1362,3968
4623,2290
1787,133
266,2605
4836,1786
3506,1240
1061,2400
2706,4362
4810,3649
2831,4472
2682,2711
504,913
2794,2255
3968,3957
4574,1028
2795,471
4223,4840
608,1570
2478,660
2832,1434
4195,578
4507,4959
314,3231
4452,3966
403,1748
1073,4251
2078,2158
174,2696
800,2166
2493,1447
42,878
1520,425
2813,173
4179,2368
3622,3397
1992,1810
208,1255
3617,2118
3312,206
1601,3321
4457,2145
524,2231
1488,4799
4450,3718
2072,3844
3589,4655
1413,2174
1230,4594
2117,2149
3515,2087
305,3675
239,1645
1272,2355
4236,136
2816,4940
436,2834
4410,144
4183,2025
1095,1259
2398,541
3440,2445
4357,1756
3259,2146
1038,2970
3482,598
3240,4410
1322,792
3041,1411
1857,814
2913,225
1737,1517
1980,342
4735,854
3842,3065
3984,930
3609,2114
3284,466
2736,4697
1995,3747
449,711
4171,417
4537,2238
2430,2374
2563,417
1889,3841
3707,697
4333,2485
1458,2295
916,872
4632,4516
4339,3413
1766,1417
181,4641
1629,636
897,2683
2408,4760
1310,2381
4165,2522
613,4961
726,187
3185,2273
2461,2290
4951,596
508,2771
648,1599
4151,517
2513,2456
3049,2612
4511,4533
951,1593
628,1107
1379,692
1467,2179
814,1215
2062,808
3165,3642
4666,2324
4115,1999
950,1706
4848,4892
609,658
559,130
3912,4697
4300,1981
2994,1169
810,1864
2291,3390
1952,362
4918,4771
2720,1292
1490,580
3300,1438
2886,1076
353,1800
506,60
482,4772
135,1353
2786,3991
860,3817
1939,1563
308,2848
4791,2161
4385,2868
2443,3770
4625,2968
3942,2354
3363,3604
554,445
1490,3730
1218,1519
3969,2689
2080,1511
1550,97
2325,4321
296,783
3922,1642
1212,195
2888,3020
2864,3198
2323,313
4092,4221
4797,695
3392,3648
4131,4543
3350,1005
3277,1173
4962,3926
2731,3664
3731,312
1546,2471
545,3364
567,1978
4722,1034
1713,2286
2,520
792,3326
2454,3628
3962,2005
755,2844
4096,2691
4388,1227
2297,1945
1843,3277
3863,2885
1327,3113
2153,4873
1975,3694
4246,3441
1991,4774
1806,4116
4597,1096
4372,1933
1892,469
2556,530
64,2600
1383,1483
904,2444
360,238
1657,313
2336,4630
4244,61
2888,2128
1800,2166
643,930
2520,3646
4806,1805
1321,1945
1309,1781
3130,3880
4880,4956
899,388
1019,248
637,1397
4063,1028
50,159
867,4385
2115,4899
2406,4963
3762,3419
4200,4178
90,4674
647,413
3589,2499
4103,357
88,3127
1774,2667
1416,1413
2507,3264
1243,2590
3603,154
1938,2674
1208,3215
4742,321
2118,2321
2398,2251
30,3571
3337,54
1502,4209
1431,2125
3129,2098
1109,1955
392,1421
3685,133
2555,2930
4067,3504
2017,4867
3951,801
3670,2869
1443,340
132,4729
2907,1521
686,4148
1473,4019
549,4962
2448,4982
1033,3740
1999,4458
3635,811
4341,2946
2721,1622
2340,3218
47,2553
2438,2352
3699,4568
1595,3181
4971,4927
2251,3922
4285,3916
1736,762
782,2621
2329,2560
1238,539
351,4697
3528,2857
3844,251
1778,3733
857,2580
1088,568
834,2727
1181,2048
3410,4578
862,4258
2346,1699
432,495
3437,4724
272,2627
4028,1521
766,4407
4182,4939
4928,2202
3296,1724
2143,2804
4773,2448
800,1009
4889,4639
1006,3858
1354,232
34,498
666,1781
4560,316
3266,1540
1315,736
4436,1309
2308,3830
3728,407
2302,2173
3523,4928
4645,2187
727,359
3717,60
662,4096
4522,958
3359,1054
169,1798
2945,1742
2362,656
2814,3322
2549,4819
2141,699
2539,2310
1388,2832
3063,575
2778,3204
4162,4518
146,4914
2151,1010
2769,4331
1776,3112
3410,617
3192,4793
4341,1139
3567,4034
3444,308
3781,1363
1894,4508
3438,1976
1594,1922
1780,500
814,3501
4335,2644
2811,1898
1667,4422
4326,2999
3516,1709
2631,4795
3366,2416
1210,28
91,4475
4377,1962
1863,2462
705,3952
3992,4120
4302,3332
1381,3436
788,4809
3920,626
3366,349
4904,3265
3146,1956
1385,3369
4211,4131
2949,4685
1580,2051
3722,706
710,2314
1081,1267
1370,3836
3840,473
4440,2256
4179,3057
1276,1149
3559,2505
115,76
1464,1449
2125,3111
4716,1324
3884,725
1720,2025
815,699
3238,2972
452,1521
1538,3607
807,4088
4575,844
2536,4742
4224,3577
2441,1940
2138,3542
4488,4904
2859,3100
3632,2092
2574,252
4215,3998
2930,4572
1275,2038
1078,2641
3150,4730
2614,1131
463,4297
1686,2228
1142,4878
3701,557
1050,4586
4259,205
2476,4395
4823,1988
3560,3443
1070,4868
1129,1815
3387,2722
3323,1415
4142,4949
4449,285
3041,3930
2271,426
4986,3381
4541,1518
1126,891
667,3277
2279,2255
389,1943
177,2578
138,4836
2010,4174
3547,665
1887,1859
740,2977
1706,305
1598,3695
2918,3160
2231,3265
3345,6
2625,4945
1819,4639
925,176
224,731
3569,4188
906,444
2007,3445
3446,2573
125,4172
2493,3218
1401,1017
1964,1034
1344,2035
4150,1979
4838,2660
1893,2714
4447,4743
3007,2194
3419,3786
4660,420
1370,4568
3805,544
665,145
2063,238
2069,1429
4621,2269
3728,364
2421,3428
2132,666
4344,1142
2593,1224
49,4811
3716,1847
372,3958
4145,1363
4017,3998
620,3314
1007,4843
1717,3765
402,1614
3292,41
4163,2810
1913,3065
136,4585
472,227
4231,2237
1720,3806
2077,3341
4358,54
2408,4147
1165,3774
3957,3883
3133,1686
4020,1597
2341,2992
263,3786
732,1483
2529,2953
529,2437
1962,547
4214,511
1191,2238
4829,4948
2820,2879
879,1357
2108,606
1422,4869
656,258
2819,2194
2345,2459
939,2593
416,4825
2059,4462
2707,2315
4761,4571
842,281
198,4456
2034,584
2962,1982
2419,2611
3673,4457
451,3087
3918,4032
1713,449
3517,2863
1305,4544
3959,490
4907,286
177,2644
388,1823
4346,1912
1034,2273
2395,3957
4707,2736
2535,3115
1656,4344
1973,3060
484,965
3321,2825
4047,23
896,1719
4484,3004
441,2492
745,1721
4140,258
1194,3665
1824,1149
4279,2576
2522,1798
2013,1475
2987,3494
3145,2456
3893,1095
140,557
1817,2298
792,1926
1938,3692
1150,464
71,291
15,3265
4432,1402
344,443
1577,3187
59,3494
1990,1572
2728,4105
3243,2109
885,1736
3792,939
4982,4599
596,2135
429,1500
4559,1745
596,3938
2276,3894
3971,1154
3934,2111
239,3557
4044,876
3667,507
2758,564
151,4343
1327,1533
1696,1170
849,488
2625,2147
4371,515
625,2963
2113,697
1453,848
3991,2985
2469,87
1195,1723
1315,1422
2929,2964
3774,4380
1530,1818
3148,3610
4053,2298
1129,586
712,4126
3860,1446
1960,3918
1794,2955
3012,3775
4464,983
233,2007
135,3433
3206,4179
815,4212
1977,50
4221,2975
687,2925
4341,2310
2775,435
2798,2443
4358,3930
4067,4676
1280,1252
2931,2209
3377,4833
2533,980
117,1795
2072,2472
686,1604
448,2577
2437,2758
1255,3858
3108,4549
3625,1903
1315,2648
789,3061
3456,4034
4297,3002
3670,2761
4705,70
3556,1293
463,4456
3128,1736
1435,3217
2056,3551
2940,4532
3168,1834
287,4815
2922,4850
2173,1489
1571,2942
4447,4072
3285,4892
898,414
3647,4903
963,719
255,3219
2533,3767
4590,1666
2712,4935
200,103
1256,805
3212,1342
3264,2407
1884,756
4707,4441
4681,1018
3149,2510
2192,3175
4920,1114
1965,2963
1156,3501
3092,3659
2482,2825
546,1179
1502,4230
2353,1698
152,994
4884,1235
1616,2109
3039,3694
1794,193
3936,656
2491,1632
950,4183
3739,4894
2491,4450
4874,3477
3856,2677
2435,1861
1223,3010
1857,2664
3897,3697
2696,1313
3039,1719
1074,2618
392,394
4874,1831
4702,997
895,4803
4,3968
1289,3540
4307,2889
4555,1636
2133,4677
4764,4644
3350,899
2314,3065
2020,409
2016,247
3654,1912
333,1305
2897,2374
761,833
2885,1649
1163,4351
3266,4097
2142,989
4599,106
4538,3623
1063,2119
1022,3221
3993,3882
1953,1768
2515,4065
2701,1180
2308,149
1122,1509
3988,4032
336,1517
2022,4716
651,2054
2663,1912
713,3208
2300,3365
3773,4462
1192,4579
4405,4301
2342,875
358,864
2176,879
2758,2515
4333,1272
2011,4716
2902,4925
993,2016
2933,4918
3304,1692
1410,3685
2949,2342
46,3473
3734,1118
1656,599
2044,88
4640,3282
1714,2157
1742,3614
1772,2345
1055,3984
2167,4528
4080,3284
792,3610
2614,519
2404,3728
999,1017
530,1550
1905,712
2354,4868
1611,3441
2246,3994
3787,984
991,2830
3458,4130
734,3932
1696,2042
4392,3556
3927,3542
2419,769
4003,4818
4788,3638
2231,2847
3394,3288
1499,382
4543,1802
4895,1734
615,1992
4370,1836
4272,739
2659,4620
3801,2560
2535,1655
2339,1120
2890,4666
4054,1641
1196,1683
790,4960
1108,1546
161,1319
1861,4185
1172,4070
3622,2089
2941,3982
3792,3812
2558,3768
2003,3459
813,4150
1222,3912
2169,1083
3767,1176
4976,56
2296,3297
1075,4
1569,4739
3234,3174
4681,2201
4443,4129
887,3049
336,991
3109,2511
820,3117
4075,841
3363,1966
2492,3938
2955,2600
1934,4204
614,4792
282,4025
1475,3250
3046,2165
457,221
2633,348
2177,1930
2598,774
4162,2400
504,984
1929,1743
1962,2970
3632,224
2117,1869
4482,3501
807,848
156,4947
1422,3153
1822,537
2472,998
882,3222
28,3405
2813,4248
2881,4906
1238,1108
4393,3123
4491,2982
4027,3731
3988,3584
1827,2412
1996,2297
4052,3818
2477,1432
1266,3083
27,750
4170,3252
2448,2570
805,1425
2049,2564
4875,1408
569,3358
1169,4845
2410,499
4157,4981
379,4957
3749,3697
3723,3973
3149,2706
533,1168
3054,105
2733,2923
1352,2293
4725,1549
535,387
4940,4811
3068,2444
561,2235
4410,1822
3236,4820
4887,789
166,4277
4092,641
1955,4035
4010,4944
3830,636
1028,3155
4775,600
3399,2139
2639,2010
2465,2494
4656,356
803,1056
2669,490
1670,3989
1767,4382
4401,1853
4356,1613
356,707
1807,2011
2918,2017
3139,2812
3066,4609
3800,275
2793,3108
93,1134
2802,4629
1036,600
3142,95
2979,1414
1819,4084
13,114
4292,4410
810,1970
2494,4085
2959,269
1274,4811
3525,2598
4159,2334
1083,3201
4933,4665
2655,1112
4188,4766
4324,1622
1106,4490
101,1652
1878,2254
2693,1355
4093,854
1834,170
2130,1918
1357,631
2670,1176
409,155
4301,4563
4681,1363
2186,3915
3871,4973
1209,499
2004,3725
3007,4596
3697,2044
517,1958
2238,1855
1704,134
2381,2531
3722,1185
2860,3049
3322,1232
290,743
3835,3132
3543,8
3321,2260
3746,796
226,4704
42,1607
4795,686
4631,4826
2224,1500
2097,1737
164,1241
4121,3896
10,1996
4961,1181
4000,3248
1803,1811
2669,2733
642,763
1588,3988
259,4533
2587,3904
4651,3690
3790,2291
2333,4881
3450,2410
4209,1777
4739,599
4558,2935
1062,296
2222,4417
4483,3695
3410,2596
1116,573
664,2820
1129,3501
2356,2532
2229,3830
3544,1609
4136,4860
2709,4538
548,257
4533,2279
2296,2831
1371,1018
4742,2352
1635,2963
874,2365
2022,3775
1372,638
3018,2834
890,1393
3355,2770
342,3984
427,1453
4911,4274
4541,499
259,679
4940,117
1966,1472
3374,2465
3655,2192
2235,402
4432,1495
4614,2866
576,3109
4508,917
20,22
2206,1412
3599,250
4909,552
4313,466
4221,3510
2002,1120
4870,4986
1840,2280
750,4145
778,1045
4355,1261
3461,845
2509,4756
3605,602
1168,3335
1970,3037
2409,1581
2949,3660
2392,4495
3650,4047
683,4219
3610,1716
3271,138
4814,2115
3928,1629
4495,178
2708,731
4328,2184
2001,1278
3516,18
98,3945
1420,4657
4951,4831
4293,754
2015,4818
1428,2510
3046,1914
985,2271
1744,1353
3674,4592
2193,3615
1934,4364
2789,671
420,2870
2979,4912
4615,2316
4421,805
844,2256
3142,1181
4591,1743
2505,1943
1943,2654
4130,1286
4126,4507
2136,1403
660,108
1396,3454
109,171
2615,4166
700,1214
2333,2692
2231,2744
2654,2632
920,3711
1932,284
884,2538
3714,1642
3468,3624
4385,4892
4371,4200
1731,1612
3799,970
3152,724
2167,4719
4584,680
2399,280
3078,3425
984,2556
1850,3587
2476,837
819,3515
2939,2076
1055,3447
3680,1123
3328,2514
3941,3280
1209,688
3453,2068
1393,3824
1975,574
3594,2878
1768,1631
715,1668
4828,2466
2715,3763
715,3663
2006,1090
3131,4113
2119,2509
2209,1214
1862,2078
52,348
2942,3695
1878,4150
3599,199
1948,2639
2981,3762
376,1906
262,1454
2067,4683
4480,1804
1838,1141
1608,1502
3579,3535
3867,1350
2195,727
920,265
1761,3596
3947,632
1703,2269
4328,979
1786,4558
441,1780
4670,2786
1552,2393
3402,1379
962,4686
3612,3934
2204,1882
2274,2312
2078,3861
4195,1531
870,988
3628,1482
3321,3162
554,4808
2236,2913
1101,2924
105,2935
4046,4965
2074,2430
2028,4741
1998,785
2164,2612
2871,4841
790,4199
4875,4593
1882,4648
583,2967
2142,4097
2851,1982
858,3059
946,2510
828,4484
1978,1204
2782,1458
3129,1703
3564,1355
2366,3994
1554,4497
2058,3912
2443,4023
1891,3691
4867,158
4764,3103
3614,304
2798,2365
4435,1235
96,1479
1329,758
1057,1499
2024,1268
4124,3229
4622,149
601,566
2701,2776
2293,2486
359,3096
3049,882
843,420
2313,2895
4525,777
4265,3575
1462,4430
3196,312
4945,2695
2535,3126
874,4715
1159,4750
4246,2955
1518,2066
2270,3643
2332,1619
4999,1774
3201,4034
4265,1329
410,194
698,1836
3128,2408
3885,1576
4361,1421
1178,1244
1758,2262
734,1269
648,3533
2365,2116
1388,4792
1907,518
2537,3972
2461,1873
486,205
3484,1060
76,3424
2839,2250
2215,4399
1273,2913
3243,648
4298,1966
1973,251
1137,4843
4027,4314
4790,4625
1960,1053
1550,3461
606,2694
1413,1748
2296,3526
2471,4244
3869,1333
2128,949
844,2082
3843,2896
3015,248
2655,2823
3483,1082
3802,2339
4976,4791
3964,1070
3545,149
427,50
4657,1858
3970,3570
4163,3968
6,3707
4037,1450
1413,1831
4351,777
4545,3064
1617,3642
4664,3634
250,2733
4048,1349
323,1356
3797,1661
2895,2668
4808,2912
2341,413
2109,3301
1925,464
65,2668
3309,1255
2919,3489
771,659
326,1416
2954,3894
3209,535
2308,416
3227,141
3736,1878
4284,2774
1467,929
2716,2648
2279,3098
2349,1074
1956,898
4742,4357
2919,2238
1324,4322
1381,4270
971,653
4893,52
2527,4930
2085,2819
2555,2285
1410,3476
1746,3340
3823,1996
3520,4501
3271,3293
1200,4613
3931,2803
2349,3220
589,4761
695,2761
4722,1817
4860,3159
1078,4747
2567,2667
534,1334
598,2919
2725,1602
1245,2779
4742,1011
11,650
1328,628
212,590
658,1936
1522,216
1820,3379
2239,4976
2945,3346
4597,1629
1335,862
3986,46
2777,395
962,25
2386,3361
2119,1734
3361,1015
2171,4082
3072,3814
2387,4749
1491,3599
4590,3541
787,3666
3521,3480
3289,3580
537,672
964,2056
2112,1304
4827,303
930,1024
4381,4717
903,3241
3217,3861
932,3456
71,4277
3903,1078
849,932
3685,3000
4034,4289
4257,4724
1827,3448
4527,1125
2270,3172
156,4148
429,4435
633,728
3044,3522
2267,1751
3665,1584
3040,3007
4771,3058
3260,1864
277,4219
1644,1602
4490,1394
3156,4299
1955,1381
4134,3281
2284,1176
2853,932
2527,639
3089,4693
4499,1694
2479,3617
2948,2479
3635,359
2753,4226
3849,4195
4768,1682
5,3142
3110,2835
4577,85
1304,2950
286,3400
3132,479
4689,1470
3877,2127
3155,1424
1319,1759
1848,1286
3471,4943
4123,403
1385,2911
2039,3799
2037,4663
1643,2577
768,3582
2867,4599
2705,1893
3022,817
1001,3497
494,2592
2976,429
2631,691
3971,2123
1615,2348
3300,748
3035,1355
3187,1844
2375,3505
963,3818
4269,539
976,2002
2023,1542
2747,3021
3012,3849
4821,84
3166,2573
3723,1074
3687,4
1700,3150
2994,1038
4724,4662
2001,1114
4305,2299
3291,4612
697,2200
171,2857
4279,1863
4816,567
2209,2333
4736,1414
1274,522
1816,2253
216,4504
3334,763
1130,4216
2573,4082
3120,4715
3200,1018
3241,3277
3064,1801
1368,1842
3636,2107
727,1895
3188,732
2320,3630
1111,301
4466,1298
4283,3320
1993,4501
4998,1325
3673,2549
736,1404
525,2652
1451,3222
2623,2786
1639,4596
3109,2530
4072,29
29,1251
2153,2842
4767,4935
3215,4344
1965,3998
595,3016
3097,2928
3664,35
1607,1987
2835,1421
2561,4390
1094,4761
3327,4577
907,4158
4903,4430
924,2204
3363,754
2776,1527
4893,4942
1645,4902
2072,1969
3358,1133
1668,58
4825,3573
4585,2456
4034,3659
3970,4534
2370,2724
2029,3316
153,4125
4969,3420
1692,2361
1203,4277
1828,3545
541,2050
3709,3787
3359,1508
1520,3431
27,3208
2082,4234
3043,3753
4079,466
4878,1531
4863,3591
522,3600
2034,4895
4616,357
2233,4139
3683,2014
3274,4761
1909,2356
179,3053
1916,1837
3264,3146
1281,1696
4951,306
1213,1941
2704,4008
2441,2793
141,458
4663,4810
1380,3304
2777,2718
4321,1567
1575,1206
769,2470
4810,1702
2327,2817
3409,668
2766,3538
944,4701
4675,4188
2840,4073
1202,2370
4431,1498
168,800
726,1424
1385,1010
1719,482
4912,269
279,1951
73,3342
61,2648
514,1581
1238,2293
4444,677
3219,3178
1435,2728
1242,1120
2145,3546
2761,1507
1097,161
293,1613
1763,4732
4116,3371
1788,1321
4538,4667
2425,1398
286,1993
1002,2701
3219,3250
1831,1071
3612,280
3699,4963
2220,688
3603,1216
901,2854
393,1436
701,3511
4508,2653
1612,626
991,4256
1387,2774
4461,4785
2388,4623
377,3976
4023,3543
3696,498
1239,2237
3888,2773
1610,1421
1522,4655
4477,1632
3439,1584
4082,350
1498,3132
1457,439
3412,903
4531,3777
1563,3176
2540,913
688,2017
4579,3438
2315,2203
2802,2410
181,429
1003,1250
2998,1689
2715,1455
520,3700
4265,2503
4234,3962
3167,626
4073,3682
1787,3680
1610,4205
2094,4145
3512,254
3493,1850
3171,1484
4520,3614
3842,3879
2048,1507
1310,1065
4204,2735
1663,979
2198,3283
3682,4112
3152,1038
2997,772
4470,3156
2366,1693
4626,1903
1795,277
1670,4067
1882,482
3017,3700
3483,4626
2267,3908
26,4927
4637,3929
120,4798
1737,1019
323,2427
213,218
3413,318
3475,4640
1387,3779
110,1888
1462,2260
730,1471
1371,2801
1311,1696
12,85
2310,4017
609,1451
2147,4824
2154,3289
2816,109
4919,2369
2369,3328
2376,3190
1395,1204
206,1681
2987,3258
977,147
180,1948
1185,1907
4213,149
3163,4045
4315,1406
2548,2817
4101,1999
3354,4557
351,1335
1622,4721
2135,2247
4270,474
342,4750
2600,149
1427,2064
1276,1368
4402,2275
3442,921
2311,4176
3722,1624
3764,3084
537,2378
4412,944
1116,3498
3219,3802
1805,1115
3004,503
4084,2770
1814,1691
2266,97
910,2313
557,237
2329,168
2305,3343
3013,1768
1829,650
1317,226
1637,198
3322,2450
670,732
3643,2310
2088,2487
494,1717
3038,505
3913,4061
3330,4801
3805,1075
3124,26
3955,1
3120,2194
1866,4480
1648,1118
109,3565
4661,4147
449,4218
715,629
4369,3018
4122,3362
2239,4029
1442,3401
3026,2833
4266,2571
293,3098
178,3561
1560,2454
2957,4479
643,208
1336,4874
68,240
1569,1735
4967,4176
2577,94
3459,192
3034,3601
2421,813
1603,150
1836,1215
4626,1841
3683,2453
2723,3275
747,2974
2269,4210
1315,5
994,862
978,3901
4931,2137
3263,4716
1295,859
3405,4003
754,322
979,4751
1357,2197
3781,3664
4706,1703
4168,4236
1949,4088
872,396
3733,1301
4131,2184
2303,439
1593,3158
2838,3664
896,2913
3137,1307
4677,4317
826,604
825,4865
3951,995
749,3456
2602,3672
4427,2350
4214,2564
348,3147
4503,210
1663,4979
4659,4156
3939,3387
174,2310
2766,1212
2193,2390
3488,829
3168,4691
755,153
2706,3362
2534,3696
1901,2349
2130,2759
2134,4835
4963,4613
2931,873
4606,463
2499,766
2416,3177
4531,1261
135,3969
1398,441
4489,2403
710,1716
4499,4528
591,877
2214,844
2295,4410
4247,1594
1016,698
2489,22
2114,1325
2676,2630
4248,2704
1657,4692
3042,1268
2865,2430
1293,181
627,501
1955,4038
2905,3347
4659,4096
1930,3658
4226,4940
924,4524
2273,4725
2910,657
3958,31
1295,2622
2241,305
2821,673
3557,837
3635,476
1932,1019
346,357
1371,4062
2826,4793
1165,1037
1705,582
2836,3725
1406,4984
4930,1182
1830,2471
4054,2976
1333,3102
358,1268
791,3348
1216,3309
931,4410
4245,631
1667,1740
1505,3534
2896,3381
4461,1771
990,269
933,4359
552,4961
3592,3726
1570,2221
2765,3695
2263,2966
2523,1187
147,368
1938,363
3186,3637
1932,218
4731,3726
3636,1956
3555,4719
4810,155
2201,52
4969,3019
1343,4254
4924,963
4579,3168
2542,3525
5,1172
3237,1123
4224,4561
1896,2505
3014,4862
4965,4032
528,1941
3501,3538
2636,2020
3340,2028
4907,234
2723,3876
2289,1538
3313,3386
2409,790
823,273
4937,1800
3613,2629
2982,928
1239,4705
3847,2874
3926,608
593,1900
2201,1599
3391,3254
1029,4805
4286,1463
2778,1103
488,4929
3329,2396
4506,1812
4463,852
1968,3099
3759,4394
2057,466
458,585
1430,4793
2544,2196
152,647
2409,1074
4391,1423
3782,230
1556,3293
1969,1284
103,4020
2076,747
10,4804
1604,4833
2511,2485
484,192
3706,3013
3819,1900
1420,3331
1322,502
4416,1931
1426,1274
2522,4119
861,4834
3239,3968
1636,1253
4637,1713
4929,1133
4944,2375
1452,3229
209,2349
4422,3496
1853,879
1635,3680
4186,4657
3156,4043
3699,4242
4765,1605
4118,4114
808,1987
4661,4251
620,513
3602,4013
3072,2067
1853,2679
3744,945
3226,4946
3223,1664
328,2477
3497,3883
884,2245
687,3480
775,968
1780,906
523,3801
1600,3051
2653,4351
1906,4987
983,3577
1848,589
4365,2144
3740,3883
215,3449
4478,2825
3720,1652
4403,2304
2318,352
1864,824
90,4769
2734,2370
4960,2681
2818,1398
26,4219
3060,3989
649,597
2887,1618
1859,990
4473,3586
764,4366
2815,2450
2794,912
4786,586
3758,4700
3725,2850
4900,4416
2272,4723
4202,80
845,971
4243,163
3192,2825
4782,2291
4,2590
2814,399
2799,4897
412,2169
2245,4530
1314,4552
4555,3441
1347,3602
47,39
101,2132
850,3996
2417,4852
2308,3108
332,1264
644,1784
2907,3838
122,4869
4522,2983
460,4147
3051,4974
4381,545
2192,4056
3810,3836
4328,3483
3959,313
1633,4080
795,3137
4018,2477
3209,1960
4472,4647
2240,4731
2178,3269
4103,2089
1036,4632
4200,1690
1965,2466
142,3844
3330,3122
4933,4681
1501,3390
3134,2733
3723,2405
1816,1263
1500,1081
4739,2726
391,1428
4925,4426
2147,4494
3763,2303
2269,3386
688,2120
761,1248
3934,219
4394,2610
1439,4928
2074,2955
4968,3082
1935,479
1268,791
1430,2929
3613,2516
412,1131
978,4362
609,1667
3054,2635
3940,3665
3462,2219
1654,1568
298,1481
2344,917
4231,1118
1400,2797
1285,3370
4628,4305
2046,4050
3523,1187
41,1300
2537,3761
513,4962
326,1724
3828,1408
753,4756
1155,4905
1081,3721
1795,4858
2713,558
4730,1321
425,3623
795,4195
3240,2191
4220,3656
1648,3914
68,3678
4790,3191
4998,2187
932,246
1224,3488
3224,2
943,2860
3280,3594
638,2484
1848,11
4738,3367
4022,126
4729,1377
2118,3106
3605,1376
4596,4224
1752,4582
1711,1812
1769,3409
2902,208
93,1209
4084,413
282,2411
472,807
3542,684
2138,4465
1643,3801
1780,1941
184,2533
4952,2095
459,3984
451,1084
1101,2262
883,3
3214,2543
2839,3572
4905,1413
2502,3089
4148,2150
269,238
4248,1830
680,99
3706,3783
3303,1732
1887,3783
657,4257
2722,1054
4829,1991
4578,3305
2247,3019
3096,856
3739,4770
4988,2191
1847,3775
3417,3845
992,1740
4707,3388
4012,1086
1195,3146
4086,1959
3962,2461
2734,976
2283,3969
3468,1981
3708,3037
655,832
1581,3985
1520,759
1285,3260
3570,1068
3159,171
3179,3433
1618,3184
1540,3276
110,574
384,1819
2034,4519
7,3029
307,3155
4726,2562
1474,3794
1552,3221
4226,249
2259,2336
1429,1586
1001,3137
2045,2238
3647,436
4874,3966
291,4921
288,4155
2980,184
2194,2760
4926,1615
4307,958
4122,212
4802,2565
554,1600
1225,2192
860,4768
4665,1351
1061,506
1568,3534
2227,2024
67,3025
953,1166
3168,1007
1901,2522
125,3168
2755,1544
3719,815
4183,1068
2856,3712
1072,2819
4525,4725
2777,1934
1396,588
4870,2635
665,2518
3810,1910
3117,104
255,4338
4653,2276
470,2164
3511,370
356,4127
316,3386
2079,965
1641,3071
4388,1619
3384,2071
629,2980
1471,2941
251,4810
1839,949
785,4406
4862,2295
3897,4798
3101,179
4994,2518
3415,2055
4468,2770
2721,546
751,1872
2478,4386
2111,4536
885,1159
2571,2036
698,4250
1125,2700
4193,4901
3207,4708
3667,227
1026,4694
1325,3317
717,2348
2160,1392
3810,2754
2194,4761
2869,437
525,4402
3774,2980
1188,1703
2465,4074
3138,239
3682,2869
1920,299
1039,1004
4590,746
469,1244
1348,4963
597,3753
27,45
1673,319
955,2791
499,1063
956,1915
2520,2159
1219,3886
4192,4788
2749,2814
3245,131
2916,86
1,2011
4372,684
3820,2983
4965,2057
1373,4136
2116,3183
783,2632
1089,4537
2123,2032
3509,844
2464,1627
1872,1695
3547,4907
3833,2191
3451,1806
4015,1017
1567,2937
2818,187
3709,4295
2849,3307
3767,200
3288,477
838,2670
2291,2329
380,4021
568,830
810,3730
3855,4566
826,2530
3829,1397
1706,3500
144,1604
1971,1244
3891,4880
3409,4129
1140,458
2751,2169
4683,45
4637,1044
2617,4387
4973,1536
2195,1765
2149,2746
3340,2215
1830,3366
1918,1389
4955,4816
4730,3002
3410,3415
4724,2490
421,41
3992,3639
3810,1901
947,670
4404,4005
1391,2304
578,915
2203,4005
1704,4740
2434,4480
4692,741
4030,2189
4650,3411
19,2620
1542,4127
2416,1456
3913,2833
4378,2836
4111,3930
3350,2051
548,2919
2991,4838
4726,2686
117,790
4308,2804
1481,201
1522,3878
1513,441
4873,2458
4527,1987
3099,3533
3226,814
649,3194
766,974
2965,3186
603,23
10,585
2260,3825
3406,4111
703,2018
4588,274
1612,3160
844,516
606,3878
2317,3624
3130,4010
3138,753
3262,1972
4882,4547
1841,4269
4720,2644
2797,1947
4184,4709
2359,1880
4417,80
3176,3311
100,788
960,26
377,963
667,3044
4489,4546
1604,3023
2322,1937
1582,1576
4759,2315
2560,1471
1530,4938
2727,1895
2630,2432
837,762
414,885
39,611
1120,3166
2797,3210
4129,2900
561,83
545,3817
1142,1062
1384,3332
1695,3551
3893,4488
1369,4401
3657,4248
4476,1374
4831,1584
686,1747
1795,1101
1802,4388
1594,2879
2696,1421
1159,1600
2416,1709
2550,2949
307,4588
2437,2172
661,856
2796,4118
462,1650
1746,4924
814,3571
2857,3232
4955,1750
1056,3683
3480,4805
168,88
2361,486
1441,2676
654,4672
4094,4515
238,3346
1876,2994
2858,2077
1571,185
511,2844
4524,4671
4052,3961
3727,1690
1442,402
3669,3623
1449,2445
3195,641
2178,2925
3628,2512
2353,2321
2963,4887
623,3236
3006,2451
360,774
2163,1611
2525,2775
2356,2175
4487,3284
143,1204
4655,60
1100,2262
4670,2454
2685,4596
3229,1062
3502,3939
3906,1770
2500,3754
3352,2435
4767,1883
4641,301
148,3131
130,3757
4453,5000
2373,4831
4392,4578
529,3761
3345,4620
4534,3702
1190,3870
1774,585
4834,3440
3116,3854
2511,582
805,2273
2454,607
434,1638
3775,3045
116,3593
2489,486
855,1039
891,3569
382,899
4018,4954
1164,4436
4677,4283
3357,4309
4237,3311
4258,4541
4545,1340
3767,3757
1202,4683
3289,2091
4048,2718
3014,2398
4398,4758
2398,3193
3569,3019
307,1437
3861,2162
4260,1124
3337,590
3540,803
4844,1761
771,2001
1533,2427
4316,2066
3329,791
4540,4047
3287,4420
1945,1501
4067,1949
268,4173
3977,2167
3383,1146
4334,3651
1424,1751
2060,3066
20,1446
96,1748
960,4830
444,1560
2665,1007
3630,1759
683,136
3289,770
907,3636
4524,2138
3872,2443
4787,3890
100,4774
3239,1725
2040,1895
1941,2832
2144,142
2872,2305
3761,2337
2322,1086
49,1661
1469,3098
1587,19
1091,4611
1614,637
1547,1566
2549,4085
3780,1832
3150,4767
1403,465
4725,2812
472,2572
4673,4907
4093,4432
2130,16
3202,1005
2019,3912
4850,1076
4893,1904
3885,2359
14,3941
4104,2731
1757,2733
1253,2424
2881,3070
597,4137
560,3482
1897,128
1651,857
2462,1910
1165,4547
144,1260
3692,357
3461,840
3511,4103
2400,1411
3677,2238
1411,4010
4817,156
4486,3875
1335,1820
4226,2423
3155,1255
4102,3437
1841,2981
1574,2653
3641,4223
849,4172
3614,2694
1686,2719
148,1636
4891,1762
4689,2451
3984,4920
3267,1212
4324,3399
160,4250
223,4135
2058,4016
3431,2465
1497,3998
1473,1837
1721,3521
389,3898
4478,3380
1688,313
313,2590
1858,1267
1548,858
3952,2701
4980,4302
3288,3078
263,4823
697,446
4322,2305
3828,445
4122,4173
2616,4968
175,681
4422,2305
947,3634
999,2625
3806,4624
4477,4979
3375,770
3797,2955
4549,4595
2945,2522
3553,3614
2476,203
191,4704
1128,785
302,796
1759,3146
2377,1796
2038,2387
2037,3320
4837,4666
1867,1519
515,104
82,459
4871,1697
828,3550
604,962
3870,4817
2887,4245
803,1789
1734,2553
1642,2620
1679,4000
3864,2511
3584,2935
2141,4169
3077,1141
738,1680
3616,205
2147,4172
2033,2350
4172,900
4672,571
409,4882
4481,3671
2729,1584
3092,1485
2319,752
4382,236
723,2102
3450,3291
2475,3562
1619,1760
559,4634
208,4835
313,2967
4657,3367
4809,3381
3660,3708
4099,1743
2879,2490
3480,419
2529,3920
3867,3526
2453,3637
1854,2408
2431,4336
3674,1845
4778,3643
4433,233
885,4308
3078,2336
4734,4246
2596,492
547,1926
4579,1823
3036,4983
4855,1163
159,3398
4012,4054
3519,1200
2345,4687
2213,1640
619,312
4631,3494
4499,4377
2853,4579
4892,2380
269,247
699,2551
3188,2848
3313,2610
3968,4232
1217,4722
3039,4093
1957,4699
3819,3156
3600,2085
3942,3784
4019,223
4247,1368
1881,3411
593,723
4576,834
306,1376
2111,4011
4271,421
957,2817
4286,4957
3870,3049
4814,649
3511,3009
3090,2347
1130,4166
3304,28
2563,1091
1905,4484
837,4502
4567,4379
3057,390
2651,348
2958,4362
1036,201
2182,725
3390,119
474,1326
3589,1638
4311,1217
503,2299
685,500
4655,3970
4004,3954
2711,4778
2310,3762
698,3543
1792,740
3433,1471
59,2786
3940,2500
2899,3720
3964,4987
751,2837
2957,3720
466,1698
3694,3272
1338,4917
3636,1256
3425,4336
3992,3491
2067,2204
2734,3069
2082,1640
3909,445
3489,2652
3100,4873
1268,643
3522,3784
723,3728
3073,921
4,3403
2066,2777
2891,2506
4874,3279
4848,4523
996,1697
3241,2116
658,3965
1739,483
2425,2168
462,3094
4306,1986
4046,673
4873,264
4866,834
292,4365
3729,3195
2171,297
3777,4817
1686,4562
4975,3548
2723,472
2819,145
2836,2966
1803,4458
864,2750
2079,2604
1316,4789
2915,4165
4009,4063
4649,265
4210,3845
3494,4297
614,1056
1430,2614
1762,3198
2381,2245
83,274
4072,22
4738,1349
2078,2888
3334,689
2355,2549
2630,2131
677,1256
191,4807
976,1428
1605,1506
4416,136
1662,4414
3154,4193
4302,949
2515,822
2831,1605
4379,4733
1696,2164
1797,2464
2737,1649
3837,2696
677,1993
4979,622
4725,3441
1099,2144
4809,1773
1081,2006
350,3091
2739,2315
4194,1302
2510,4555
4978,4924
1092,680
758,4595
12,4510
656,2289
1553,148
4359,2007
4919,1602
1639,3123
3816,956
214,4102
594,3294
1938,245
1834,4421
591,1854
479,3895
2306,3949
2582,3591
920,961
3802,3450
1616,877
4562,1369
1891,953
4478,3980
2012,1110
1657,1451
3434,2184
1090,630
512,3488
4605,3137
2958,2175
2675,502
994,129
1638,4276
2223,4584
3345,572
210,699
587,3623
2819,2691
303,2644
1133,2582
3671,844
366,4981
3235,4583
350,183
3755,815
1679,1009
3147,768
4611,3024
2170,3291
940,3720
4753,3855
2058,365
3246,4205
1436,2736
2976,2312
3061,3132
4068,4350
1287,1862
1112,1952
1735,137
928,2261
1987,2004
4773,4025
912,2176
2810,3642
1543,227
4825,639
3165,4856
4562,3146
87,4354
675,2770
4909,923
239,3955
968,4102
647,1699
4087,3842
4257,610
4409,4186
2270,2238
4494,2232
119,2329
2169,194
344,28
1334,1077
271,1241
888,2857
1228,1036
1432,4379
1979,4218
4168,2863
2250,3411
3393,252
3811,2928
1915,1036
3490,2394
4026,3326
2571,2755
989,1073
464,2598
3837,3457
3481,2508
3352,3631
207,2605
1258,3460
3750,3657
1113,778
4663,958
2222,1758
4075,823
1042,703
1380,3027
1103,1179
3410,4752
4209,4544
146,1483
3457,1305
1724,3932
4035,435
2882,1675
2089,3548
1919,2080
586,1209
2339,4302
3003,3187
3847,2101
823,4547
2182,2903
3421,951
3082,3235
1024,2266
3654,2386
1351,4338
4584,2395
2535,2821
2310,1350
1469,1406
1579,4365
3618,3352
593,2011
1966,3060
1036,1654
3323,1012
1378,4957
1868,937
3588,2726
440,476
3583,818
4792,2190
4547,1707
1918,1196
1021,3942
355,1644
4514,4868
4448,3377
3192,3533
2994,4483
1184,2471
2552,628
4505,1406
1010,1851
593,1021
2699,351
1429,1710
807,1887
977,141
1139,3716
1000,1898
527,3227
965,2190
3639,4787
2195,3733
3543,695
3195,4443
2032,3044
448,708
1429,4076
4411,4720
1386,1854
73,466
2132,3095
4691,1161
1364,3591
3144,4779
510,743
3720,1205
2960,3055
2252,2236
1537,3170
21,1055
4273,4460
3238,1317
2029,111
2629,962
808,2390
1393,3192
544,4391
934,998
4183,640
4532,3958
1239,1163
380,1393
1671,1440
968,1643
3194,4295
1808,1499
1882,971
3432,4150
2505,3217
96,4608
1858,2604
4594,3293
235,2579
2,1362
2685,3476
764,513
4297,2038
2421,1694
1246,1833
358,1598
3924,144
137,4013
2268,576
1735,2420
1473,3455
158,1934
3959,106
1286,3179
4216,4438
3194,4615
1307,967
4786,958
3089,465
2041,164
333,1626
896,3801
947,1349
982,2106
4352,554
4774,702
4509,3398
1151,3531
2347,4708
2974,242
2099,1714
2479,2531
2933,4695
919,4921
3542,3451
2091,4925
2782,1376
4914,1758
3782,1479
3857,865
4595,1686
1427,636
160,4121
2110,208
3174,293
3741,3908
2209,2592
1344,3406
1750,1254
4774,4452
1844,4575
4371,1477
1462,576
4395,3504
3308,4408
747,3255
1788,1299
1692,4768
1287,3813
755,3108
2043,2996
108,3826
4281,2371
2523,4841
109,755
4734,138
4539,2319
3325,3527
2349,4025
1190,4778
445,2130
959,1612
2116,3618
1392,2709
753,3360
4371,2801
4285,1251
4956,2257
886,1001
3003,4301
1913,4986
2726,118
725,4851
3632,2010
3391,4362
1784,2687
313,3678
1112,1800
4686,2007
3239,2044
3206,3990
1601,3958
4505,1984
3728,4575
3817,4249
1842,3363
2457,3465
928,4123
1530,4385
4520,1530
285,3599
2759,3305
4659,1660
223,3861
4856,1695
2357,817
4943,2784
555,537
1580,431
1138,4221
2577,2538
385,4733
2034,1075
4122,2706
3860,708
4927,1405
432,588
4305,2435
1246,4661
2330,4468
4656,2713
2572,1993
4338,3776
3099,2613
489,3255
187,59
366,3537
4569,4640
4506,4015
2719,4784
3211,4211
2106,1507
4326,378
4190,2021
3822,2274
4111,1136
2410,3101
2885,4092
1759,1182
4623,3469
3727,56
2468,10
2679,2785
758,904
1297,202
3292,1255
938,4353
388,615
3334,3638
2852,2931
3435,4737
2899,3392
4521,1731
242,67
1771,863
3188,190
2446,34
2984,2333
2149,935
132,2500
3557,4232
2326,2859
2379,3866
3622,4267
4974,1848
4514,4310
1471,1293
4730,3297
416,3918
280,4822
4495,1927
3079,2487
956,972
3649,1140
1473,1801
3285,1120
1350,1422
4422,2903
4157,4961
3558,1240
667,3866
3957,2763
2141,70
206,2699
2623,665
3713,2761
692,2380
2047,3421
791,1133
664,3436
1223,4537
1587,1365
4668,3332
3691,4358
3525,3290
478,2972
3601,988
1522,2223
482,1701
3788,4188
415,4701
804,2388
513,438
301,2825
1588,3587
2574,3647
2940,2176
1360,4691
1820,4016
3706,2623
4274,1368
111,1281
1035,1040
2993,527
317,2930
4825,970
3582,4784
3838,630
2079,226
1007,714
2481,2122
4217,4329
4690,2325
2140,2859
4137,3634
32,2225
1356,4374
2004,4987
869,3509
2793,1273
1606,1156
1340,1715
583,4297
77,1135
4924,3036
4522,4100
3422,901
3163,2388
2700,430
1124,3036
4081,3644
23,1485
2644,2158
1818,987
1061,3288
1961,2295
3209,413
645,3484
128,2977
1801,2258
1397,1510
496,3759
484,4649
3441,1411
2451,569
1220,2342
3608,2610
2556,4348
2731,3309
820,4658
4117,935
4729,2291
1649,520
588,3663
1522,2130
1846,633
565,2072
3097,4522
4376,272
1419,4247
4661,1496
61,594
1966,1109
4982,3587
39,4734
1411,4495
2305,3643
505,1541
3182,4737
4678,354
4771,4702
1472,2063
3946,620
625,1522
3909,1034
26,3130
2398,1147
2947,4116
2155,3832
4708,3512
634,4811
1859,4907
4407,997
2101,1933
3198,4819
1488,4815
3746,4778
100,1791
2929,3055
4769,1002
3974,1838
4052,2321
4292,800
4150,4385
1569,4168
4395,3151
3675,4437
3906,2510
2113,222
2171,3640
4692,2315
311,3212
3207,1720
399,1195
347,1450
468,3193
3871,606
305,4565
4483,700
3296,1556
2578,3882
4561,4272
572,1899
4178,4259
1310,4190
2901,4216
3045,4562
2499,1728
4039,1725
1556,3760
1005,886
4279,2401
1670,2275
1765,575
1615,3425
3373,2796
4044,2431
193,415
1393,146
995,2691
3146,3232
2165,1503
4134,2859
3211,1102
534,3461
862,269
4589,1984
3467,4768
3334,1702
805,3077
2814,2751
2096,439
624,68
4964,3640
639,4335
3157,1639
3408,1720
3367,568
1448,1523
161,4606
1246,2083
3083,2274
2233,179
4274,4204
4152,3541
1165,4057
4703,4245
2418,3394
3854,4004
2692,665
1798,1056
4578,4538
1224,1674
3529,1186
2431,2327
1476,3459
4170,3704
809,1128
3471,3383
848,3559
3567,4522
3690,2274
2508,1889
1665,39
807,169
3072,490
2163,3887
238,2276
1298,2839
1344,3981
3325,4095
288,3658
1834,656
2271,1618
3243,3734
3159,2521
1484,3672
4640,2060
1717,1225
4945,4709
3118,1516
1150,3350
2616,799
1448,3893
2699,2715
1562,950
348,2332
3362,1480
2378,3396
2631,4179
3966,1078
2476,2095
3871,3723
2847,3280
755,2847
4942,4216
374,4808
38,339
1191,2212
2370,265
249,2666
4532,1321
1056,3393
3980,3741
3328,2497
1887,4791
1998,4943
3892,530
2867,990
4818,144
1573,2004
1035,3586
4625,650
3769,3147
3794,356
2955,3646
1205,3884
312,4730
4281,2013
2661,856
2823,3804
1345,854
2494,2594
3869,2165
2010,4928
1834,580
2890,3843
4488,715
4408,2512
4264,4247
1094,590
2151,902
1019,917
4652,2265
413,2085
2150,4169
1670,512
2780,3050
3568,3208
1099,4971
3170,504
2777,3475
965,2043
928,752
4407,1318
4237,3552
2742,327
4358,4644
1389,3833
4507,56
4954,893
1540,3879
1611,199
4098,2631
3751,979
2296,602
892,3263
1597,1207
2143,3843
4684,1504
4359,1380
2300,1711
4640,3250
2752,4902
2842,2447
2487,4531
3368,2199
1628,1817
844,3158
3796,1854
862,4442
4373,2263
3976,1230
2710,2146
4236,1852
1949,2338
298,1765
3114,3807
2680,2487
2921,760
3098,3768
2648,2904
321,57
3693,2430
2896,3634
3617,3865
713,2620
4289,1370
2850,4822
2265,3280
2879,4686
4203,4199
4948,4186
3228,4758
2543,1770
3863,4582
247,2034
3285,1490
1719,4848
4255,1762
3966,2394
503,124
1613,1819
568,3829
3906,1797
1236,1342
4098,4600
1217,2442
3108,2900
3551,2574
854,2554
3284,3776
4936,2530
2474,1252
1607,335
858,1956
157,3370
1933,4624
1817,3645
4509,950
1193,4807
1669,4911
1182,2589
4775,2104
2502,2508
4073,352
1319,2504
2374,1976
3530,4164
1804,228
1854,3030
588,693
439,3792
2779,3355
2528,414
2394,2051
4669,1313
991,371
3744,3649
2790,2647
3570,3049
1236,861
4656,284
3290,3297
326,511
4761,1122
200,2150
3845,2404
4725,4370
2371,2077
3900,4222
2643,297
1703,1564
1923,1661
4751,4077
715,4733
3368,1386
857,4761
4408,3656
3876,3139
3434,2148
18,1201
2945,1783
234,1197
4170,4194
613,2052
581,1531
2961,2570
285,894
1205,872
2130,3206
3077,572
2144,1845
2099,2679
2603,1808
3112,3736
4057,233
2656,3453
372,818
286,615
1151,2800
4403,799
4882,103
4544,1404
272,205
620,4525
2862,1148
3447,2942
4088,3994
3313,950
4190,1142
4264,3847
267,4634
517,1976
2636,4914
1040,2136
4149,520
1501,3901
4808,52
1152,1172
660,2811
4826,4046
1128,2055
199,4574
372,168
3263,3875
4381,89
1937,1639
2269,171
472,2061
3397,3790
1315,1088
4018,2197
1550,3655
719,92
2011,4255
2616,4342
3753,1559
111,4966
1116,2543
4407,3225
1594,755
2809,828
4197,2737
1652,4388
2649,799
2096,754
1190,417
1035,887
4388,3697
3440,2288
1816,3716
3974,3458
2105,4971
1808,4866
2891,4325
4695,3308
4749,43
2907,779
3518,4532
1746,3284
266,1438
4920,1269
3196,4620
626,1425
724,119
3439,4565
3841,2173
214,4372
2575,4753
833,1899
3323,2493
862,1278
2937,2389
404,428
4464,4394
1728,4976
1110,4116
2822,1061
4503,2621
532,1407
4181,3362
650,3589
3064,3787
2895,922
1913,2790
743,4998
1074,179
2709,2511
4812,2552
1871,1725
4674,3063
3279,1471
3938,1737
1754,3273
2646,2625
4131,2711
4293,1979
4537,198
4641,2978
4016,250
1532,2436
169,3891
3973,4364
514,1421
3743,3507
3180,884
630,2152
1196,3372
3733,1566
2973,1087
681,3703
2177,1438
2832,3663
2792,1189
3458,4424
369,4548
3146,4603
994,1936
365,2542
4340,742
1023,4229
4225,1105
140,4571
1151,1557
2147,2820
4248,459
4503,3395
859,997
4437,1900
1687,1328
1836,3596
1062,39
3541,4466
736,4075
125,1297
678,1346
890,1378
334,2191
681,4351
2100,639
4735,3940
767,4336
4094,2298
425,4918
3268,4693
1375,3100
629,993
3155,1763
1531,2700
4373,2638
789,923
525,4464
2059,2355
2824,2898
4118,1121
3041,38
4876,3504
2671,2756
1953,2836
450,218
4671,2776
2280,216
3509,1600
3501,2577
4928,1880
634,3059
4941,3918
543,3208
1869,2810
2854,3160
3777,1781
4037,1443
1118,2901
4275,4992
1652,3523
127,3647
586,1844
3521,2414
895,481
2274,4666
1008,1435
3963,4858
2708,770
759,590
4893,2320
4583,2365
2382,4119
4116,4699
3033,759
2722,2022
1803,1185
2511,4196
854,1677
448,2141
4133,2730
1443,2602
4762,3176
2017,216
4416,1681
1617,1549
2573,1008
3495,483
3247,952
4798,2786
1056,580
309,3457
1331,1262
2941,3118
3029,3127
159,4438
718,1716
2781,1039
4043,644
4276,4149
4941,4122
106,493
645,2082
4395,782
1920,3657
62,4695
4024,1078
4091,19
712,27
4112,4408
3552,544
3960,4254
3683,501
3422,1294
904,3539
4245,2933
4145,1880
2555,1513
1043,517
1399,2184
803,1866
3372,4984
3576,1267
3245,1789
4180,4036
4332,1432
1427,3403
565,4053
906,705
432,2959
1589,1092
1820,3193
1104,3756
989,4252
3742,1376
565,1655
2236,2231
519,2017
3087,3531
3171,240
1224,341
4018,3579
2770,828
4848,1059
1826,3131
3243,4986
1415,1605
3359,1999
4562,1199
2102,4197
2289,2377
4410,271
4895,4459
2372,2481
4247,3342
3110,1819
3088,1247
3842,3837
4574,2214
3264,561
4061,1263
2605,1364
4308,4729
249,742
2746,617
116,686
2062,302
2537,4097
4251,260
1775,62
3927,1320
2878,2863
2669,4203
1045,2650
4314,3608
3950,3626
3251,1529
686,2331
3877,2129
1356,3771
3509,3149
2053,3710
2483,1968
1713,3960
2861,2556
4168,3086
3795,4695
3102,4440
4785,4807
2028,3854
1299,1179
3326,148
2693,2141
4695,960
3667,1412
2426,3822
1141,2848
4594,1085
419,4052
3142,3187
4785,2382
257,131
409,412
4253,3658
4970,1849
2872,2195
4251,571
776,4410
3411,1
2317,2837
1110,1858
1249,4630
902,3323
1782,1881
1871,2791
4454,738
4797,1561
1737,3107
3010,793
2862,307
2565,4577
765,2619
2494,2414
1511,315
1094,3927
582,4622
483,2436
536,711
2767,4728
2203,3602
748,4216
990,2117
1700,423
4925,2678
1222,2433
2414,4942
482,1500
1730,4480
4346,2734
2661,545
1775,4884
1743,4339
2634,3013
1731,3714
1304,1748
3409,402
4153,687
2530,4938
3,502
3118,4949
2268,3380
4711,2867
4988,522
1968,2942
1232,1110
4018,4465
1615,3501
4253,3879
3470,3501
3173,2476
427,357
2088,3086
3356,3963
2917,3199
29,4451
1688,3283
957,682
3689,3998
4697,82
3878,123
2567,1841
14,4365
2906,3789
4041,899
2171,4724
3667,687
2480,2894
1527,471
3634,2297
1218,494
1075,1658
3332,589
664,4321
3007,2388
3560,4295
500,2713
4978,637
130,1558
3374,2725
4275,1255
3885,3362
4253,2027
856,4365
1539,3937
4191,4203
2499,786
2371,1984
2773,65
1747,3157
4401,3987
283,4325
4932,1327
896,1951
1023,4713
464,1322
4355,4359
4338,3708
1383,3397
59,3523
2707,2782
1339,262
2745,1034
2510,4606
2204,4417
1762,2759
1361,3327
1435,326
4995,2137
3375,3255
2783,4434
461,528
4018,3034
753,891
4711,318
902,2783
4358,3439
357,611
159,1598
1386,4613
682,1829
2230,2196
2442,608
1935,4612
682,1093
4845,960
958,1368
2433,2487
4535,1590
2379,2730
4078,3223
3070,3433
647,2466
1359,772
1961,1548
489,2006
3397,627
4380,4712
2715,2392
180,864
724,1765
4496,1271
4845,2096
3349,915
592,2747
424,3497
4898,1726
4973,2754
2939,586
876,2644
4263,4168
4683,164
4761,1044
4801,2193
1462,501
4214,389
1666,4500
2851,963
439,1039
3458,1140
1936,1889
4982,2292
4124,2603
4110,4321
4158,1902
4407,4609
1488,3183
4928,4358
2410,48
3379,3871
3210,317
858,1709
1450,1472
3669,27
337,3048
4604,4791
1789,2700
2444,1926
39,25
2420,3473
3825,1993
4922,4931
3971,3116
3562,3650
4228,2441
2159,933
4554,3655
591,705
4993,1569
4471,1288
3587,1025
4791,931
396,1774
4610,25
3854,3371
3540,2005
767,1297
3867,982
310,543
3135,4746
2031,3525
812,395
2053,1244
4030,1521
755,1031
2087,3922
845,4549
2359,73
388,1601
2728,258
2270,1396
3565,3748
217,1071
1265,889
1694,284
4933,4924
2993,1468
1888,2564
2146,1256
4550,161
3989,2022
503,3296
1656,2119
3591,2873
4763,671
2180,3091
2518,2237
1325,1762
269,2110
435,4619
3930,1333
1154,2192
4835,3226
3246,414
3440,4364
2114,4380
859,2423
2981,2574
813,212
1570,2582
4387,4212
3430,1871
4968,2122
1799,2022
4022,2367
3636,1009
1098,2192
1996,2732
878,2802
660,320
4239,2185
3037,1124
3115,1532
4123,2033
3713,2564
1608,1126
2082,2112
1551,1284
3586,2036
2384,3629
3759,2111
1244,4653
3580,4383
769,4416
1952,220
4279,2696
2416,2459
3343,3126
4177,2070
3940,4326
1426,600
627,2842
3579,3929
3915,1636
4667,740
3313,2189
465,4748
2962,2842
591,2535
4656,1433
1226,4854
3215,3303
1495,29
269,2540
3443,3807
2070,210
3546,3357
2600,3588
4906,429
2561,4532
3885,4564
770,3161
4758,2323
1180,577
11,3810
1856,937
360,258
578,1606
146,3418
2467,4748
2949,469
1146,2745
575,1923
570,24
1003,4702
1484,1917
1369,4418
274,4468
3253,1167
3094,264
1774,4017
1079,1782
3274,3340
1428,2102
1082,4304
2402,594
4875,816
628,4494
1602,619
711,557
3873,541
4152,2349
1258,1470
2042,1885
2743,1403
973,6
2642,3542
4580,4974
1386,1005
4335,1855
2514,1384
2964,1998
1392,248
2249,4226
2675,594
2618,4665
1482,3682
3368,4356
3995,193
1475,901
46,501
4657,914
3045,1290
4645,2078
346,4641
1541,4662
1295,4925
1444,2730
4182,740
4021,4885
3696,392
2303,3538
3998,4973
2234,32
4880,816
1836,1854
1291,1708
832,4267
4520,4158
1214,1729
3314,2396
632,1624
2577,560
3207,163
1172,4801
4850,492
1952,4631
2414,4676
2840,2423
960,627
1720,2067
2476,3048
4689,3040
3962,2830
3946,3955
4642,3141
1793,1684
3053,2014
2163,3821
2975,2259
2222,2459
4548,1274
590,1540
1796,3094
4744,4014
2280,932
553,4104
1108,2164
158,1002
3819,2295
4293,3482
411,3921
2336,2372
1659,3064
4783,2134
3508,3
3618,3552
3220,4351
3823,2104
4900,1861
147,460
685,2067
4692,1184
1818,2319
2636,2911
1815,4219
2268,2228
4108,1004
4322,278
502,3258
1494,205
1613,477
3238,3983
3710,3506
2530,1543
1724,1781
564,1874
361,3321
2778,4192
4212,2959
4371,3481
3916,1019
4452,1417
2997,3166
4018,1884
1681,4147
285,1821
3872,1655
19,4301
4187,1327
2650,2292
170,1666
3241,4718
4428,3412
3630,4316
2996,1621
396,3928
2905,746
2055,2755
229,2753
1139,4510
2422,182
2772,2238
1043,4309
1491,2486
3908,4638
854,1786
114,1299
3553,154
3617,486
2104,96
2983,2402
1710,2896
3038,54
2746,317
4242,4839
194,350
650,3075
3069,3845
1906,1608
3913,1658
4417,3216
1383,628
2079,1623
3666,2815
2099,2281
2620,3759
4350,3926
1196,203
1133,2041
2497,2027
1779,2982
1096,1472
3422,2629
4977,2288
436,4662
3952,4614
2279,4139
2909,3700
3294,744
2911,4777
4625,920
1008,3398
3396,1256
3434,3480
3476,4386
4077,878
3572,2386
4788,3882
2296,3618
1843,1466
2851,3599
3643,822
4051,3430
3665,1816
2764,637
1078,2467
4307,1252
133,4154
3314,4673
4184,4018
4489,2762
4054,3005
4493,959
1424,3543
1785,428
1847,274
3779,3449
1818,3826
849,3405
3391,3413
1851,2906
273,2984
3216,171
147,1751
6,3185
795,4114
4937,4883
767,996
1556,541
3,794
3643,2455
4000,1323
3998,3940
4465,4901
940,751
4090,2169
172,1785
4442,1650
302,1921
2728,1382
4865,2598
1650,318
3725,1092
778,1466
895,578
2153,3623
3145,3812
1408,101
1684,353
3250,289
987,3742
2901,967
664,3681
1086,675
1911,3090
774,1304
3509,4887
109,4622
2074,24
704,1108
2700,4990
1272,4749
3359,836
3181,150
303,380
1359,3585
22,1722
4228,2031
1588,4039
727,4017
3027,4009
2649,31
3015,927
289,4005
2744,2228
156,1848
2200,2131
2459,874
3921,4653
3051,3816
3244,3518
1656,22
944,543
2133,671
1167,2506
2662,1228
550,598
2697,3677
1063,2097
1093,3130
4687,2502
4063,2731
1233,4505
2518,3461
935,3038
1577,4450
4619,3290
3147,2368
3060,1675
2862,1936
58,2835
4643,2042
1382,3542
3739,3245
3856,3898
1799,4377
4222,570
4795,3699
1339,2670
3153,4182
2514,2277
2279,3406
1442,4377
3821,2239
157,2996
2251,2010
4551,2219
1448,3930
2316,2120
1241,4800
4903,1268
4565,2702
3433,3237
1134,3030
4200,1484
1557,4130
424,3873
27,2586
4136,4088
1326,4056
4416,2098
4827,4181
1754,3208
4141,4266
311,988
4128,1372
2988,3338
3837,2012
115,3119
382,1990
3662,4718
2290,911
1560,244
2290,402
3053,4448
1323,3911
3027,3799
835,4161
4602,3175
3037,2200
3065,1378
1195,4211
1866,1932
860,4976
2833,4033
1146,4553
4955,4189
357,1349
4276,882
1884,1794
265,1240
2111,4375
1284,4773
931,2338
766,4466
1827,892
3512,3415
1790,3649
4710,4383
4277,1209
929,3036
144,3650
1688,3836
4729,3487
3958,1945
3354,3525
1712,107
661,1497
4672,4748
1550,1251
4002,2893
1395,1749
402,1345
4766,4746
232,844
1849,2423
4671,1701
2715,939
1933,4230
4291,4279
3130,4966
285,1310
1903,1009
4281,995
511,2247
2673,2597
1538,2725
1387,303
3354,1835
588,4403
1751,2696
1374,916
1930,484
4745,2419
2436,2293
2970,8
3528,4373
4528,1323
3458,1980
3128,4149
3962,1038
4671,730
144,4467
488,2624
1193,4102
2535,2160
1213,3802
1040,2307
3166,3503
3001,362
2290,4158
4951,1951
3650,3749
4224,1663
1137,4628
3487,3927
2779,750
2016,4571
432,406
1400,3667
2669,2465
3283,2209
816,1226
3642,174
442,2891
3546,2988
4980,3717
1964,1868
2200,457
1130,3946
28,3225
1490,1938
1549,914
4518,2015
355,3230
4843,2570
4630,1277
2466,3407
2088,102
479,3718
882,3868
3303,1379
3538,44
3737,1672
1687,4558
2290,2953
1593,3050
206,3105
4754,3216
1381,4573
4393,332
861,4337
1696,3984
2540,1315
1553,3874
663,3846
1146,2701
1394,4254
290,2252
4973,1903
2209,1209
4445,4561
4698,2931
2757,1483
3808,603
1281,2179
3347,1104
4518,423
2372,597
1277,4782
2649,1871
1398,2143
367,3531
829,4505
3427,869
739,2484
2049,711
3695,2211
3437,2331
4786,4476
1472,2139
3905,4297
4345,2687
1271,334
2453,3235
2183,2665
845,3614
3488,943
1700,4102
3928,3135
4044,264
1291,603
3236,1962
2384,896
4064,441
2729,1207
2294,4440
1099,2553
279,1435
3472,1432
1570,1185
3938,1083
3440,3983
2082,1546
3911,150
4480,2516
4833,3734
4422,3097
529,2061
3825,3890
4704,2567
2794,1643
2946,3959
697,2482
2085,1613
2586,3796
2937,1596
4684,3784
898,1005
3631,519
3419,1971
3078,2781
4463,3083
2516,448
413,567
2849,1381
3175,1249
3488,468
1060,3437
4078,2829
2577,2454
677,1219
4728,818
1654,560
3084,2610
3448,4290
1738,255
3180,199
3888,4679
3047,3678
1339,2698
3352,608
1633,1610
3355,2782
3511,588
999,1472
957,3259
158,1089
4005,1355
2525,2344
4179,3188
4249,2836
820,3912
3499,3565
1561,1474
2078,379
1835,2111
911,2360
2401,4945
1985,1453
4395,4810
1528,3832
2355,4384
4075,4384
648,3878
2886,278
1814,2526
2032,3206
2985,4698
4803,1504
397,525
1031,2375
3558,3001
3782,189
2100,2060
196,342
159,3789
21,2780
4067,2748
4820,666
3275,4898
2160,4036
3502,4891
3553,2641
1638,4189
3535,1914
394,2447
1506,1999
1984,4074
837,3344
2565,379
390,4669
2171,116
55,4074
3524,2348
4167,4179
1274,2786
1704,3410
1807,24
3135,3352
3036,1290
2838,190
3878,164
3383,432
4475,4681
4480,80
1031,2767
4118,1038
4764,3581
3793,4947
829,2552
2156,2263
1248,3507
3684,148
4348,1388
2201,2169
2160,1101
2997,2408
3830,3109
2366,2607
3418,2189
2107,365
4571,1910
2451,1544
3262,2498
22,1887
261,2895
1016,2975
961,3968
531,2285
1314,781
139,3452
4678,3142
4097,1987
477,906
1225,2509
2307,3539
2213,1818
642,4850
3476,3665
4264,639
1827,4629
3859,2598
860,1278
1631,1412
2351,1920
2113,736
4488,4678
4906,1684
2214,3476
956,4284
1962,3688
2780,279
2042,1484
4586,2832
4977,2854
414,603
2967,1298
2840,1815
2390,2896
1843,2337
2305,4817
1896,4808
4950,1990
2138,2635
139,1687
2119,533
1944,178
888,3470
176,1954
1093,1979
100,3008
4264,1859
3685,3948
2330,562
4244,924
3885,4181
1858,925
1051,2041
4437,1112
4414,1675
2632,2822
2516,1270
3432,3508
3078,4408
1819,566
1227,2218
479,147
4503,995
4920,264
3604,3052
3535,4294
3795,951
1080,1230
4249,1103
1839,109
1751,2050
3120,2748
1069,287
3445,254
4869,4896
3384,3234
2046,1753
4249,2147
4517,1109
225,4588
88,4833
1945,3324
3662,3365
4789,2500
4402,3084
881,4398
3196,2357
4807,3159
4599,486
837,398
146,2226
1017,3620
964,4234
1147,1749
3205,1120
1567,4089
2404,1641
4803,3721
241,1174
267,2457
3383,782
3068,1499
4625,4227
2029,213
3329,1225
793,3932
3263,3117
1303,1376
3232,2779
4517,3926
3079,1088
4271,324
2774,3645
3600,2460
4848,2788
3182,2140
2088,3232
1297,3770
4045,2616
2998,2802
3482,3205
2317,4285
2398,2098
3946,2953
850,1251
3303,3261
4119,2112
4469,2577
736,918
1397,619
4875,466
4440,1528
4559,1872
4287,4634
595,1434
1304,2092
20,3500
4589,4907
1615,2323
1615,2949
3042,1150
2312,3152
1246,240
41,1694
1132,4064
1790,4443
4639,1873
4353,611
2636,1182
3344,4229
3733,2268
2590,3573
4625,2312
450,1609
389,1233
3301,3884
2142,4091
1393,1266
3760,418
2429,1968
4006,2106
1955,3487
1855,4799
85,3049
2045,2933
4860,1014
4540,2083
2059,2877
1672,957
4201,2118
1038,3545
1217,1137
929,528
2663,830
4282,1836
1297,4074
726,4198
4672,547
3089,4585
2904,2825
3015,74
3030,3593
901,1760
4736,2738
3789,1897
4016,2287
4912,3871
4976,3725
2955,511
1008,285
1653,4383
1139,3637
4069,1030
1963,1316
3186,4613
2899,3265
1695,2380
522,3111
4986,3942
1490,214
3823,1871
2598,3942
2769,1675
757,4507
1054,1093
189,2314
4148,2817
619,3210
627,2374
1823,1455
855,4447
4992,505
2758,780
3406,3838
3753,445
3071,1978
1329,1407
3479,3509
3643,4374
3624,2207
4101,1134
2620,1668
3562,733
3733,1279
3666,4247
534,1348
2372,2453
2330,30
1701,363
720,3621
2373,1827
2367,1649
4009,1545
596,1221
306,4958
673,2703
2705,2780
3647,3077
2947,614
2870,722
1533,2786
1471,3549
1836,2337
2763,422
4721,4223
434,2480
3039,3295
3801,2169
602,1315
4383,1561
480,188
3526,7
3815,2403
4727,1544
4762,4382
442,3294
381,3736
1930,23
2302,974
1509,542
2989,3883
3058,3149
3934,808
4910,2583
2175,4479
4288,4614
122,4316
3903,1875
3200,1818
4779,2984
3589,1223
2569,931
4881,3603
3127,1105
4248,4258
4530,4091
3302,4750
1935,553
3509,193
3636,3484
1631,1999
1199,3511
4968,3396
4227,199
3037,168
2080,1827
2695,2908
1143,1723
2264,488
4198,4131
2005,999
2034,3958
2164,1074
3465,3771
3282,1129
4053,4516
1203,1531
524,1147
2068,2284
3855,3269
802,4120
3945,193
2091,4203
1254,3128
4072,1162
2475,2864
3661,313
3524,1701
4828,3084
4266,103
1441,3197
4749,861
1028,3477
414,2467
1538,1543
4983,1389
4490,2753
3044,4782
3449,3957
4274,670
2106,4076
1329,1553
432,1630
26,4616
4819,475
1675,2752
3294,1005
1674,3695
3486,586
3746,866
768,879
34,3795
1142,973
3705,2115
2107,1210
1508,3733
2765,1182
3052,3127
3295,1429
1688,1250
3957,1349
1414,3678
530,4773
4785,1852
4178,4780
1798,1359
1374,2263
818,3017
2920,2923
134,1218
4999,1227
3735,4594
4623,1214
1334,1718
2798,4205
3586,451
440,89
3077,1347
518,1693
2305,1799
1132,2050
3713,1001
919,1445
4678,1653
972,3304
1170,571
4661,3269
560,287
1545,1630
988,1384
3432,2011
3627,2090
1030,774
3422,3902
2356,3817
3802,280
1787,4199
2153,3167
1272,2724
4010,1097
3561,4573
1155,1215
1630,4468
3769,884
1836,728
1371,4188
4997,3229
4235,2094
1635,2510
136,4945
833,1093
2614,347
2602,3320
411,2213
1758,809
4143,2413
401,3915
4949,270
2180,1284
4559,1114
2671,625
4568,2345
885,2113
4111,301
3203,132
1809,1151
795,1078
1635,1686
2753,888
168,2472
2369,4891
1227,4219
1868,2567
3111,3100
252,91
3513,1165
1705,3445
2128,3244
3509,2406
236,879
3553,3163
2713,3722
2031,579
4564,1628
568,4860
3844,1455
4998,2448
1813,399
3516,2435
3687,134
3680,2111
3532,1845
4194,2902
1362,2007
176,3188
1624,1487
4239,916
2346,3303
3877,3536
744,265
498,4159
2585,559
2724,1066
4763,883
1784,3024
3059,3506
1996,2047
3682,4165
1367,1584
214,3562
1048,3120
1647,3690
692,3041
669,1988
665,1429
3569,4625
1709,1577
4738,1478
4824,509
1488,1447
3308,4817
3398,4398
808,122
3004,1713
1048,1275
4033,2457
2448,3419
3686,3265
4494,3616
4696,265
3751,765
3500,2063
2985,2558
1153,2399
4725,1548
4170,4250
1796,4792
2227,2158
2220,1538
4181,1832
2194,1035
4067,787
1298,2456
3893,4935
1590,2336
4894,686
435,1923
4658,2285
2810,3025
1262,4784
43,1569
2050,4220
4434,4173
3916,3951
3738,3400
2371,3676
4929,1893
4020,3501
4043,3223
71,1
3971,357
3118,1224
4587,3409
2664,659
2167,4278
762,4053
1708,842
2157,4341
4541,4318
366,3305
2490,2124
4748,3455
2278,4018
3538,1504
3416,1082
2724,2049
4752,1982
849,3440
1723,1705
2790,2416
2212,906
1573,2755
1380,172
2009,4106
2443,373
30,2931
4609,1226
939,70
3123,1967
2874,2292
4962,2306
4442,896
3207,3775
3293,2590
4910,2294
4811,3975
1634,3581
285,493
3321,2956
4031,1574
2277,605
4329,2586
1230,3818
2959,36
1227,2978
617,85
3322,3020
674,807
1079,4581
4558,1884
1592,1718
2532,3040
3134,1478
4929,4750
3227,3651
939,2832
237,1938
1442,2770
4711,1923
2763,944
7,285
3063,4935
432,3209
3729,166
3791,4309
2280,124
2117,713
173,2322
4830,4706
4875,1371
946,3081
1201,4439
4630,2772
2180,4016
3905,1353
69,2369
1794,4719
2842,3492
32,1216
4256,3743
1062,160
1734,4634
4574,4098
3684,1781
66,2875
233,2443
1565,4801
4360,4925
3662,3086
2203,2218
1070,2918
1122,360
1914,1926
4144,3368
3999,4356
4219,917
3960,3772
2120,4508
3306,1964
4126,966
2723,225
1274,213
376,2487
2328,144
3562,3831
2779,3698
3979,2730
2869,1685
2887,2586
2689,1880
2054,196
2161,3309
1939,432
503,2758
2812,3083
1511,4559
2687,3615
1100,3425
536,323
3456,256
3900,209
3485,1379
3916,844
3958,674
3095,2460
4690,718
2615,124
2795,3011
3985,3940
1522,2581
3142,4831
2371,1396
3221,2800
2050,366
4147,4939
2809,418
2505,4627
1434,1013
4596,1107
2607,1781
132,50
2802,1053
4559,3240
4054,1470
2158,3644
1618,1176
2528,2836
4221,3586
4678,657
175,2785
2273,1067
4209,238
524,3743
4176,3409
434,1514
267,1048
696,3467
4654,194
429,2892
1227,3890
4427,4625
750,3996
4997,548
4563,3059
1042,2644
1869,1531
4533,4938
2732,1858
2740,1071
3708,3369
1784,525
783,2517
1026,3722
4262,4868
2766,1883
294,229
3404,3330
1865,3134
1159,3031
4940,3266
1422,1384
998,3021
2723,1083
2147,4165
4790,1192
3717,116
2248,1723
3541,4284
4339,4487
557,3879
4318,4855
2352,2168
3419,1164
672,940
554,2717
2720,4844
4903,3960
3515,1230
78,3481
2821,3087
3288,137
1199,2031
2563,2791
3258,2811
813,318
4773,4435
4472,3738
3891,3529
3335,1063
4233,2043
2091,1058
386,4480
3900,4603
3399,3096
1091,2472
4168,3327
4750,4159
33,3284
2568,454
2602,4892
3648,16
3212,2515
4928,852
2966,4424
4531,3086
93,4245
3068,2992
506,4597
3202,4645
2118,2296
852,4847
1392,333
3045,963
1082,4092
2573,73
2805,445
3102,2878
2546,3425
1068,1369
952,3786
4107,2941
723,3304
1052,697
3255,2896
3007,3913
1182,2131
2658,3330
3063,3275
4165,4207
1872,4035
4438,3772
912,3366
587,2672
2198,3688
4366,4294
73,2839
487,241
3026,4976
4895,2122
4091,1348
3689,2444
1111,1886
1132,293
558,2375
1756,992
1184,2906
3251,4600
2206,3163
1777,2269
4336,3969
4505,907
202,1454
1972,739
301,3789
984,4443
3303,1864
4364,1878
1685,2582
2991,1738
368,1302
3498,4540
1565,4448
924,1344
4187,1793
4292,1009
4737,2097
1124,1005
2099,4661
3765,3155
2026,3483
4890,2252
99,2398
2511,3554
1207,3920
2244,1037
4384,299
875,3422
3859,1800
126,917
854,1912
2459,3730
3934,4378
3027,3916
2004,252
4183,4381
4438,3949
4721,4554
172,3425
1363,2693
2755,42
2963,4113
2216,109
3180,3456
1954,174
3335,2303
3400,785
2364,3029
3355,291
3978,1791
4791,1235
4812,560
2474,2707
82,2988
3116,1770
4805,2864
3409,2856
4397,1597
443,4917
4330,3296
412,1763
2910,3972
242,1935
3007,1117
2981,4701
4298,1283
4365,2186
1943,1843
277,3371
2578,1335
1199,4080
1384,1925
1393,3873
4044,843
3577,2653
1870,2346
2154,188
19,2689
2330,4789
997,145
2413,3887
2679,4852
2665,2123
2916,2910
4197,272
1101,1701
1833,4077
4788,4839
3327,2247
4957,1319
4664,524
3729,4785
2254,1928
733,3767
4818,2187
3596,2322
2153,1194
1622,3971
3368,1382
4126,2664
4304,683
783,67
4607,4155
2910,1678
3867,3820
2555,4185
339,4483
4365,1933
1646,549
2772,2753
2036,4048
4515,4579
3706,3080
4118,2133
3597,3024
4040,3038
4014,2937
4565,1141
4343,3546
697,497
683,1616
3579,472
1574,1327
4826,4970
2366,4994
4967,2150
4299,2300
500,2205
700,2971
3722,2843
25,4249
3404,434
2535,2697
3143,1623
1493,736
4308,1656
2657,986
3079,2921
3989,2086
816,2000
3618,3670
4730,4082
644,3320
3178,176
1241,2810
2372,4018
2472,664
4554,763
3916,4187
705,997
2981,3303
4301,3910
4134,45
480,4925
4642,2462
2790,3263
1096,138
4804,3995
2268,2899
2753,164
278,4897
143,2163
4901,1428
3254,248
192,1984
4932,1350
1859,813
1470,1994
4225,1890
762,154
943,3051
2846,4699
3958,2997
3558,3538
4282,142
4608,121
3649,3143
2129,4009
3357,1149
288,4461
108,3001
1816,1931
821,1045
4947,1308
3565,1965
693,1950
2276,3833
3628,4971
2486,4043
1104,4118
3808,4969
1394,313
1521,3518
1337,3802
4970,3341
4852,3328
1169,4283
3945,949
4789,3758
536,671
4972,246
737,1273
3669,1856
2480,3699
3491,2523
1420,2140
4150,34
2653,1225
1409,4324
2635,4931
3831,1355
4504,2405
1726,1146
314,2968
4175,3675
4840,63
4656,636
3475,3564
2425,4188
4344,3695
1173,1022
4703,727
597,925
3348,3942
2084,4173
4093,1612
4203,2088
3681,3814
3393,4602
2387,3563
3096,23
4423,4278
2834,803
2773,155
3217,503
4421,3077
232,3480
4794,1518
1829,3578
4813,3460
2703,2366
3167,2531
4876,3011
2012,3157
1408,182
287,4874
4685,2020
708,3889
4972,2797
1821,2129
1274,4364
4125,1251
957,1835
3092,275
3337,2987
3768,3957
885,1761
92,3144
393,1641
4132,4819
305,925
4665,531
3971,3439
585,508
3661,3932
3983,3101
4658,1241
106,58
2575,2758
3019,1579
2347,67
1402,750
978,632
3944,2140
2191,1898
4445,624
207,3644
983,566
978,90
3510,2533
4369,3630
4921,4680
314,3103
512,1097
3106,1086
641,2770
3606,2194
4827,791
3971,2612
1041,2768
4743,4613
4085,1265
4375,4467
2393,2151
1814,386
3726,2358
299,3462
2181,2361
1658,3505
4456,588
1873,1877
4899,2493
2664,724
2782,1396
3974,1868
1766,735
339,1500
1164,81
3209,403
3107,963
1404,641
1840,1120
716,1400
3180,4836
2039,4893
4686,546
852,2293
4029,996
3550,4349
1089,4453
611,2821
1825,4318
307,436
1541,3074
1527,614
2192,2195
3044,580
2245,321
3028,1738
3507,246
1215,3333
3511,2636
3702,4041
2904,4370
3171,3224
3012,2426
1048,106
3958,1204
46,1429
1836,4648
18,1592
180,379
1946,3400
2219,1554
2363,4060
2620,3915
4411,4460
3045,2799
1311,4542
4073,1349
367,4536
1755,3827
3524,93
2737,4607
2978,3598
2824,4028
579,1756
3341,722
4276,3705
3149,3942
2917,629
810,1551
382,1139
126,418
2369,4326
3650,4434
3622,4778
17,418
4069,2638
4774,2627
4555,4771
4271,2354
3257,99
3253,552
47,4801
2463,2217
2531,4832
77,4787
2968,2184
4987,28
3944,1081
497,2382
2988,4862
2159,4295
2814,2714
4153,2274
953,4282
190,2868
3483,627
111,2171
4959,1853
1728,869
4515,1747
3283,2388
503,3179
4311,73
312,168
3828,4243
1620,213
334,2982
1543,3091
1087,4057
3364,3033
1223,546
955,3553
1786,96
2639,4708
436,4016
1438,937
471,2074
573,4172
3,1540
613,3904
161,3484
3858,3082
2606,4359
1603,4639
305,40
3630,2937
1454,209
2884,2587
2034,2954
1491,2011
608,1433
4472,1180
3045,1164
2481,2832
1380,4568
4075,175
2490,1270
1588,2111
2997,4617
875,2689
330,409
3764,3421
3737,3435
2418,1640
1205,4039
1113,632
3011,1510
1997,388
436,2986
673,1120
779,2814
3089,2856
1998,1392
1411,2776
3632,301
1819,863
4955,1475
1497,574
4627,4638
176,784
2744,1724
2161,1242
4655,2826
513,825
659,1547
1841,4949
4195,3906
4620,1628
4118,3586
1080,3286
2168,1550
2540,358
2859,2839
3947,1083
4546,4743
3368,1334
1884,2223
4043,1764
378,3540
4975,1025
1835,2808
3047,2197
2060,4063
446,4246
662,771
3603,3041
3599,3394
883,4814
344,1425
646,3526
4326,209
3214,3837
579,3242
4134,2648
3638,4417
3860,989
2737,2923
3661,511
4475,1183
1272,2124
4372,4129
879,2974
2661,3831
3122,1990
558,4849
2765,100
1443,3202
128,406
510,140
3760,4582
718,297
2914,4399
1918,4516
383,4062
287,3772
2482,2624
1382,3194
2118,4598
3804,4913
4467,2428
3081,1638
4446,3610
1650,4062
301,2665
1155,548
3753,4196
1710,2041
4782,303
227,1009
2399,1391
2608,4639
4042,4302
16,4672
3583,690
3731,3862
3044,3424
88,481
2220,3009
2792,2100
2473,606
3121,4960
1636,892
190,2816
2110,4398
3703,4490
2680,4765
1925,47
4340,1633
662,1357
1716,1115
3366,3971
1614,2708
2634,532
4730,1049
1396,3117
1273,4962
4923,67
62,815
1095,403
3171,4144
4460,2726
3864,2931
1695,662
2866,944
1457,738
4925,2881
1853,3823
3677,454
1100,2195
3788,3996
4871,4653
1819,2819
1394,2638
2117,4914
2500,1947
385,838
3187,2883
200,64
2779,188
2598,2774
1586,620
589,3220
2444,3261
3537,4867
2305,2946
2312,120
2479,2734
1514,4038
2491,2107
3941,3717
590,24
96,2484
4079,4747
3949,3463
4738,3124
2436,4158
4192,4691
3743,3493
358,3095
3172,1709
726,3925
1437,4319
4529,3676
3708,2777
39,4320
4597,2659
112,441
2921,3393
3733,2546
3564,4210
871,389
1113,3421
2101,4447
1234,1135
317,4984
4939,1905
1241,2830
2831,3536
4389,3149
1550,3217
2803,2660
1032,941
950,2966
2791,2760
4934,1877
2964,2209
3873,202
2788,241
1119,3204
2325,414
2094,2567
421,3369
2552,2104
637,3964
883,4971
3490,935
2363,4234
2326,2481
1463,3280
782,4833
4152,4627
2314,1678
3203,1781
2698,2504
27,1718
4161,4578
3889,1218
2187,2242
3320,1415
4034,3233
2558,2179
2827,3760
981,3764
795,453
925,1199
1411,4708
3291,4319
1851,4286
819,610
3758,602
3326,2988
2362,3735
3307,769
1514,108
1878,3747
4348,2726
479,2676
2898,720
4472,2380
114,3413
899,746
1980,2782
3992,735
1044,160
4527,1155
1035,4334
4464,1590
507,4605
3862,84
3368,3025
4333,2554
1104,379
1500,3642
1837,3345
4999,1123
3454,373
2296,2386
359,4482
337,3589
2782,4741
4156,4027
4657,657
4545,3808
1630,745
2984,3908
777,3193
1214,1442
2071,3164
2500,26
3102,215
3840,3845
2902,4251
121,3870
4252,1425
1141,1715
3283,1929
1706,2819
1117,2499
1028,141
1329,854
1912,1346
2659,4298
1036,696
3624,3602
459,624
1065,1817
1867,846
4192,2832
2595,4903
1198,1868
3564,4745
185,4059
2555,2224
2259,2857
4303,106
2797,2179
2639,2613
2662,582
4286,1395
813,2326
175,1792
588,1045
3022,1583
3554,2862
1496,4066
1445,1665
2765,3633
391,3485
4077,1356
2396,2318
4575,1127
3639,1053
4271,3069
4675,852
2771,2807
3593,2543
1802,458
1369,1071
1998,4595
1774,764
3290,1797
3632,2718
1633,3977
4414,1512
495,4727
697,1363
4302,424
4905,1804
4326,4710
1993,4265
4397,1682
4805,973
4126,3229
4221,4973
3787,4621
3137,3356
1537,3130
3095,2768
1597,3703
3440,559
599,2
3544,362
870,1888
2797,2398
3026,4971
2015,4499
4848,1765
2123,4760
240,2916
1252,3691
4751,2668
2362,73
2857,2745
4621,2163
728,3042
1339,2581
1362,4753
2291,3961
724,1185
2558,3949
2433,2182
4242,2499
976,3037
1603,2079
2296,4560
3734,483
610,2304
4610,722
589,2199
1626,4475
3824,4598
1830,1772
2782,1079
731,2263
4407,4293
3439,362
3602,2373
4513,3825
1874,2341
176,199
3081,2925
2041,913
3661,3046
581,342
3760,2761
3565,559
1332,4617
2907,565
95,131
3070,3279
657,422
2377,2717
4127,1940
2234,4598
723,35
1904,3941
4677,3133
1886,3758
4689,3222
4248,4330
1189,3632
3797,821
3678,609
1262,672
3811,445
3276,1701
2837,4881
2242,2632
1148,1615
3991,900
3660,3517
1652,2546
4337,290
1469,4996
2651,4227
2451,1385
3551,2254
1462,3199
3902,2359
4731,2770
621,2722
1354,4463
4051,1739
3491,2951
3243,4154
4363,4508
1449,1385
1948,3603
451,2151
2429,2322
278,1310
742,4138
3575,3277
623,2497
3836,201
2461,3385
4119,4590
3284,1612
2997,3533
349,2449
4638,934
4197,3915
641,4055
1223,497
1317,2927
936,973
2792,756
1979,4734
4001,1797
523,2323
540,4604
3213,2033
385,1990
4828,3012
4988,3357
2475,3815
2357,1975
1598,208
980,3769
3346,840
4375,3974
4020,2007
586,4503
2489,2092
1542,1876
3158,1709
2637,2040
380,1354
4066,4069
1452,1038
3451,3327
3776,4493
2493,1887
3410,1736
1623,2936
761,1155
3071,142
3437,3825
2265,4377
2494,4474
4105,4689
1310,3662
2293,4936
2256,575
3268,3592
1612,3859
2113,3419
4211,1390
4702,1227
3828,523
1448,2180
3310,2180
397,1918
1835,1798
3367,3404
208,216
4820,1464
3489,3085
916,276
134,2341
1510,2979
1423,845
3012,2574
4238,3967
3299,1486
4466,4388
1861,4670
3826,4344
3000,1805
1091,3176
2529,743
3944,4933
4269,796
1840,4799
3176,4075
179,4907
935,1666
4725,335
658,4871
3505,3385
1183,601
2156,64
3734,3925
1412,3732
2041,2069
2344,2665
2718,3414
4206,1350
2012,250
1843,2726
195,602
3728,2407
1133,1707
4744,2332
135,4674
388,4786
887,4690
3222,2662
1611,4919
1920,1341
217,4581
2074,4352
1729,2629
2526,4480
4221,616
4207,2066
4752,4135
3705,3284
432,3643
3091,24
1206,1733
575,4491
3281,1886
2653,2041
276,4733
4182,2312
277,4874
927,4704
3316,2909
3062,4194
3976,4056
2088,1128
663,161
1550,1928
3562,2388
4118,2403
3500,2307
1783,4200
2816,4884
622,3094
1051,2795
4822,595
1852,2298
487,3009
2191,4492
4096,3398
638,2836
1253,266
465,2270
89,2051
4040,1910
4348,2490
38,2953
1601,491
3960,618
4009,966
2770,1372
1937,1940
2451,3385
392,4746
472,3736
2740,1120
4064,4814
1261,2123
3085,1572
4908,774
2140,2102
388,806
3041,321
1480,3995
3328,1293
4362,417
4609,609
3887,1480
3767,789
980,912
577,2339
74,1428
3959,817
2387,2086
659,185
3717,2836
3315,2192
2196,4225
487,4537
1053,3743
2887,164
3539,3305
147,3182
1553,1987
3068,345
2671,2431
2180,2867
193,1190
3762,4106
180,609
798,1314
3898,2942
4539,4638
235,3990
3582,1216
3434,3264
569,967
410,3082
4963,1107
882,4037
1815,3598
3813,1792
1561,476
841,4224
4658,637
2642,929
1446,821
751,4796
4074,4968
3946,4192
1608,1569
2923,4110
1147,3681
1242,2817
4701,97
3169,988
3409,3242
2535,3014
2668,3889
2378,509
2567,3133
2574,4281
3152,4718
1945,340
873,4773
3493,4172
3854,642
3845,3386
3108,4376
163,2361
350,2878
4398,1113
4191,571
3051,423
3733,3874
604,793
3047,4375
4864,1924
3939,2718
3301,2508
1449,553
142,4082
3407,2498
4709,1652
3952,3627
4957,2449
660,1496
4572,3118
4466,4518
4627,3264
3155,1031
3312,4780
2318,4645
2059,2277
614,4438
2454,4252
647,2879
573,932
697,2343
1223,2250
1131,4196
4014,2564
1948,3194
4228,2724
4099,4420
3553,4138
3779,4696
3598,4625
12,4386
395,726
4216,3569
3560,601
1189,916
258,4886
2967,2517
1846,3775
5,3033
3766,3109
2363,3206
4777,4772
674,1648
1894,1338
2576,4290
3797,2847
4506,743
2255,2349
935,1766
821,294
3282,3865
177,188
1933,250
1062,1728
2011,3043
2642,353
2752,1696
4797,4857
1230,2621
3844,78
688,1630
3998,2797
3018,3573
4176,1970
4033,4976
3108,428
3328,4396
2257,3528
3080,2493
2427,2300
1015,3002
3245,453
745,1888
4548,2694
1348,462
3240,285
3481,3811
2461,1783
126,3687
3522,4826
1941,3046
3048,3346
2515,1272
1306,2050
2774,2284
4218,4410
4451,2033
1355,978
1875,437
1722,2500
241,3095
135,3781
1701,1035
1461,802
2607,1017
4297,2403
1401,3336
1967,3561
702,33
1432,795
2340,2899
3043,126
1278,4437
4537,2422
52,2238
2796,2501
2029,1595
2367,3898
4781,4665
1107,1556
3979,2843
4791,84
1571,676
574,3488
3799,726
528,4779
227,2581
4052,3045
3479,3800
3191,3242
4498,4440
1393,3619
4041,3663
1240,1603
3412,1492
2261,3106
3894,1621
1281,3861
888,3166
4206,4224
2395,4184
770,3933
66,652
261,1057
2253,769
899,4599
3944,2466
2224,2379
1870,4045
3100,3149
2553,1080
1773,1809
3185,3068
1162,1614
4940,1241
3840,4417
2280,1211
391,4949
2144,4411
4155,3772
3376,2010
4657,4682
2408,273
3615,4216
4845,2645
2645,2892
11,2396
2080,917
2585,3110
783,1288
3817,3319
1724,701
3088,598
3752,260
2478,4844
3344,2503
1154,4674
3222,1409
1407,838
1963,1540
2032,3047
2773,4196
1399,404
4405,3126
2722,852
1936,1990
384,4295
3555,3770
3598,4647
3079,2189
4761,3415
2636,3973
4995,1522
1565,4021
1439,1367
3021,2179
4380,57
2922,4185
680,197
1104,4818
2355,228
3066,3806
244,1552
82,3068
2026,2402
2734,181
1916,3152
2772,914
3014,3106
1584,1410
3472,461
2746,4079
289,205
3099,1779
2421,2629
4563,3594
4729,2394
1977,1955
4013,3279
2121,3253
1500,4097
607,4554
1251,3985
1250,1137
1287,2160
4224,893
3870,3220
3814,141
3836,108
1270,2866
398,4640
3431,4
2160,1712
3256,4494
2862,2851
4622,2077
2434,3448
3738,1195
1016,2303
4976,1230
4799,3945
2816,3758
1251,4131
3328,3614
4184,3788
2778,3441
2152,3068
539,1209
3292,2991
460,2473
2242,145
2328,4602
2217,130
264,1537
663,3767
1024,1987
499,3625
2449,4855
904,3778
4716,348
3327,3693
677,3968
2337,2294
2105,1256
4952,2075
2277,2634
4278,3762
629,4880
5000,3092
511,3857
4402,3402
2837,943
3433,3424
3759,1736
4075,999
1204,423
2204,2442
1016,191
2056,4229
1821,1630
703,2457
1870,3498
3657,3095
885,3827
1491,2340
3803,4784
3438,4218
3282,4061
4730,4994
1386,1180
2812,4318
23,1281
2668,2444
2278,1994
1544,3422
3581,4702
2916,2807
2477,3443
891,162
2698,4868
209,117
387,4812
2529,915
1441,4416
2766,1960
2685,2156
2405,3517
2464,1977
3296,2861
2758,4846
1690,3180
637,2228
2797,3054
780,578
2751,155
3932,2896
2313,1106
4162,4479
4935,193
1385,4848
1068,2853
4987,3714
2219,3457
2853,1669
3888,3059
1264,3065
2233,3642
861,3884
3710,288
175,2696
4950,554
935,359
4923,1197
2237,4687
1118,4919
2230,224
2666,2176
1715,1782
4192,2135
503,423
4707,4757
4461,368
80,3971
2757,1690
951,2436
2340,593
641,241
1069,2624
247,3127
1673,3966
1664,2310
4637,3898
4298,3736
3483,2462
1812,3273
1792,2302
2834,692
3248,4848
2141,2548
3475,486
3880,2051
4416,1715
2221,655
4464,2792
3672,4248
4735,4014
1082,1548
4419,2411
3584,3810
1983,4425
2474,2371
1990,67
3953,3249
1703,1045
3655,1138
724,2676
3706,3364
3024,3573
1811,2424
689,1775
2951,2577
869,3606
535,401
3093,1530
1064,2644
3349,3091
4956,841
309,2350
4332,4583
976,72
3710,1930
2177,3172
952,1546
37,4707
2377,4982
3731,4187
2583,3040
4156,2764
75,4570
4238,2
2239,4341
673,4410
1161,1994
884,2511
1462,786
2102,1139
3613,2550
1355,36
712,2400
866,4890
3325,2769
3649,225
2575,1201
2121,1350
4226,641
2253,1609
1445,3960
2211,4407
4946,2175
3036,3097
3604,3132
1919,833
3824,1439
9,2099
1786,4151
1876,4876
394,2726
636,2401
3240,77
4093,4238
1479,2690
3346,2291
371,2321
3702,2553
4661,1219
1014,1055
2566,4984
2166,2285
1464,1720
544,4331
1976,2820
4381,4384
2271,938
1914,1717
1484,2290
2733,3073
751,3352
4372,4107
2604,318
813,2784
1367,4778
1007,4423
3408,131
3642,1533
3450,3375
3435,3080
3439,3962
507,2449
2608,3421
1463,3847
235,241
1552,2580
1827,73
4869,2103
662,4705
689,4360
4981,4517
1007,4437
3220,1870
3477,4235
3641,3058
3596,696
898,3875
510,2502
1799,1185
2349,779
3017,2750
1155,4467
3428,1709
1176,132
242,4434
4691,4938
3237,3404
1685,2800
1615,4928
3435,1071
294,58
1250,3152
3233,1161
2821,4128
1749,15
2317,1354
535,67
1304,1958
3370,4308
3112,1891
1781,1469
2259,1239
3246,2548
3214,4970
966,3021
4027,2078
2722,4368
3381,2776
3759,3039
2648,2555
3939,1046
511,37
2801,1992
2886,2183
1248,2479
3076,4824
1378,3263
4504,2917
1011,1710
4954,2789
1656,1753
2751,4205
873,500
314,1081
4585,1460
3404,4317
1718,1833
4717,2623
804,1811
4058,1689
2883,711
2613,1689
2491,3898
1275,3964
4007,3291
1345,1641
4217,733
4632,1126
4910,1577
3231,484
124,2470
442,2603
1281,4588
751,968
3360,1872
3416,191
1304,4935
828,2060
1436,267
3454,787
2569,2203
3966,1610
1651,1835
367,1309
3740,3274
4254,1777
3988,4590
4011,3533
3200,4631
4504,853
1547,3307
2322,3572
2100,7
1215,2273
1514,161
2140,729
3054,4991
815,3869
1479,4
4703,341
4265,141
2699,3594
4808,80
171,4857
908,1792
2762,3838
1262,1296
2291,3034
4575,3222
1951,266
2191,3960
4477,2916
3110,2365
3292,284
2089,259
321,1491
306,3862
4058,421
992,4822
3765,1646
661,4664
3089,3904
873,572
2568,1401
4197,3808
2228,3036
479,4853
313,1585
723,1573
2651,4756
3699,2235
4758,595
3432,464
3343,2412
1678,4823
2088,4809
3913,4158
376,1659
4295,2941
592,3288
590,4548
3236,1522
509,1760
3732,741
3530,666
4530,2985
1984,2958
2483,3160
2525,4545
1551,3537
4137,2550
3810,3564
1859,362
484,152
4655,1473
1525,378
4566,2873
4616,1555
1890,2263
4197,4650
4,1705
1558,4601
3922,57
4596,923
1303,1072
1604,3256
3104,664
3982,2529
151,2867
1124,615
1910,4063
1969,4661
2318,3767
51,1536
4626,4299
4059,3824
3620,4780
3790,4931
3557,2875
4195,3588
2172,2340
1638,52
3686,1551
3596,3526
23,2204
2297,4863
3811,4754
3108,196
1068,4831
4990,1872
2606,4258
2641,1629
3302,3175
4796,2116
742,3663
11,2837
832,4674
2737,2880
2647,4893
4347,3351
3693,2454
815,3827
2918,3544
2353,3901
3407,3751
3070,3
2989,2665
318,255
447,4860
3853,2792
2614,2660
4761,3117
1526,4692
483,1868
234,709
3465,3167
2850,4477
3828,2698
3281,384
4563,1886
1131,540
727,289
3755,252
4969,3103
1931,3735
1411,132
3105,232
3601,650
353,2880
1515,2070
4938,1621
4069,1730
4812,922
3959,1342
3042,4924
3584,2929
660,293
4181,1105
3567,1833
2088,4206
617,4594
1449,117
2707,3542
4552,1073
1277,3961
273,658
3333,4515
4777,2392
117,4476
3094,2192
2691,4292
4940,289
1183,659
889,2698
4984,2392
1824,2066
4221,493
2107,4972
3681,1926
896,3690
494,1515
193,293
4914,2790
1820,996
3777,4632
2557,302
296,1266
3309,2500
4802,87
1952,4654
2639,1661
3299,895
2324,746
621,3629
4470,2997
977,2869
821,2543
1216,1659
3936,2387
1363,4806
1361,2379
1041,2901
275,3758
742,1310
293,2545
3630,3847
2312,1191
2295,4601
2273,2023
11,82
2488,4361
3239,4335
2631,860
3618,2446
1487,3841
1066,4777
56,2772
3055,4269
1355,532
87,1700
4520,1607
4390,3540
2259,3468
4842,3066
564,2408
4636,2627
1423,2956
3904,4598
2893,3474
1067,609
4449,588
1295,2136
1697,3298
3246,3289
3492,496
1799,4383
2862,2121
2998,3416
1748,3634
3240,3566
914,2529
791,2045
1502,2049
3716,2335
1185,2605
1666,2304
4976,1788
801,4415
3983,1179
1917,316
2885,3696
3794,1815
4876,458
2625,3000
757,4154
2684,663
3886,3308
4696,3484
2328,2540
4536,2905
4093,4796
1358,4125
4774,4354
1895,3034
2457,1072
4168,1996
3249,2893
4586,2690
3750,1723
417,114
842,2475
770,4313
4438,1875
1532,182
3083,601
2526,3345
3418,1754
4295,1176
2405,2093
4810,486
2354,4183
4402,3649
3570,3852
800,1934
4927,3695
3197,4366
4091,1294
389,3043
4586,2117
3093,2416
4301,1477
265,1215
490,1840
1810,295
2164,4641
1400,383
4690,4116
4841,3646
1744,244
1529,2716
291,1298
3509,1127
336,1985
3089,2724
2253,2720
4380,1799
2453,574
4862,4574
4013,612
4205,2752
1496,3632
1522,150
3181,2246
2034,2958
2502,3771
4330,3825
1011,3232
4088,3350
2178,723
1787,2788
4485,1214
1185,4729
1473,4384
521,1954
2008,3287
4307,3402
4295,2597
4350,394
1902,1124
4811,2144
494,3866
4397,385
79,4340
3559,2004
165,3440
3911,2536
2333,2739
3558,319
2457,2009
3324,3353
1645,2141
2602,2284
1119,2984
3077,2248
3376,206
4062,2795
520,291
3337,1688
2149,1344
1443,383
4472,2013
3193,4354
1273,1341
3024,1417
230,2638
2253,3065
4670,1306
2393,4613
828,1964
4623,2113
2507,4991
3124,4875
3031,1761
3692,1574
3173,3933
1986,4626
4854,1641
4533,1920
1969,4770
263,757
1197,4708
3382,4575
154,1601
2854,1137
2092,2755
3065,4211
2297,2291
823,1602
1751,3721
4478,3576
4533,4212
911,1373
3851,1918
3683,3352
1238,3878
4899,2102
1455,2801
685,826
1784,3722
150,766
4055,4842
4924,200
193,1540
1834,3202
4585,3374
1046,3913
4251,4446
3073,750
2010,3509
1130,853
3586,418
2622,4626
1962,4075
4968,2794
876,1389
4553,4684
1547,2170
580,3788
4423,118
2279,1607
3310,4079
3529,37
3132,2990
1248,3282
2161,1166
3785,4292
4738,2324
4537,1682
4798,442
2504,2332
2706,3534
4642,3994
2148,3948
401,1534
4957,3395
4099,1760
4478,3131
3103,4919
1604,4102
710,1350
985,3630
2327,4353
3327,1052
3248,3988
3753,2945
3119,3234
3099,1720
3671,4710
2718,3552
3287,4165
2274,4358
2395,1427
4242,4727
2091,4450
3858,475
3887,2454
863,1087
4403,4034
1108,1083
1973,4996
3854,3811
1483,2230
764,1507
3624,3164
3965,4420
3819,2261
4138,4681
2816,1264
4118,3806
749,3361
3740,1428
2733,4261
796,347
2982,3242
4667,2575
2011,4774
3201,218
4489,3731
3430,3840
3937,216
3498,1192
2157,4926
3412,2577
730,4547
1972,4546
393,858
2686,3432
3308,3282
339,2214
582,4309
1762,2212
1633,116
2602,4315
868,2656
1100,3935
4467,2754
2376,3023
158,2855
2259,3027
1540,78
755,329
1139,4584
2145,3201
4143,3043
1767,1034
1679,162
2252,4762
572,249
2809,937
3036,2729
2562,3769
354,2214
1292,3410
4091,1733
1958,887
2683,4871
2422,2664
3682,1382
2483,2718
4699,1095
1669,1303
861,4150
3550,838
4276,2409
1784,2694
4061,851
523,4842
1259,3736
668,2120
1455,4355
458,2604
572,279
3194,4119
1558,826
2973,4303
3230,646
67,4063
1001,4493
2826,3336
1248,1191
4250,3896
2536,642
3022,1179
1599,1767
2710,3987
2005,2595
1407,4486
1728,1035
4717,1741
4651,4236
125,4240
3297,3724
2034,2282
2970,3131
95,4328
1486,3005
2630,2892
1981,1832
3789,1727
4928,941
1833,1072
1959,1216
3468,4664
4747,3827
2015,2809
4641,3195
3383,1472
3142,3481
2492,599
4645,1298
3135,4664
1237,4904
299,280
633,3239
2442,1829
2483,3771
1461,1054
2273,2097
3967,3117
1940,1255
4521,3627
1804,2514
209,1654
4973,3390
1839,3813
3858,4573
3554,3526
3293,4281
2644,3557
4569,2091
2855,2242
2007,2764
4089,1977
4842,2597
4685,4237
4447,4909
278,2605
2823,1835
3104,1117
1149,3323
2088,2145
3787,2690
3450,1280
1650,2625
3570,3368
336,861
361,4253
2001,927
651,1899
228,1360
4157,4136
3263,1697
1601,3908
1018,4245
2885,4906
1360,1240
1257,2724
3789,1838
4600,2990
4909,1381
19,1087
547,2474
4507,648
3772,653
4240,1926
2204,1989
4818,1169
4639,1457
1403,2146
1419,3473
3609,1425
3916,3026
4418,1734
113,4552
708,1030
4044,3051
2260,3268
2518,1669
997,2384
2738,1487
2327,1951
3999,2402
2464,1017
351,1660
685,4379
2899,3101
2011,4335
1830,1943
3176,2459
3921,4987
2722,4446
2745,4867
4534,3071
2126,1221
4693,2736
1286,490
1507,301
384,4687
283,2575
4387,3938
4442,4194
2268,316
4544,32
4618,2553
2890,4868
2109,1971
2001,2441
4120,300
1278,4885
3864,4153
3839,65
446,840
350,2573
2282,4283
798,1164
4840,2790
1878,950
1126,25
1580,1565
1375,3959
2329,1377
18,2905
1663,901
1354,1458
955,3052
3123,660
2038,3461
3432,2074
1248,4796
4274,2655
4329,697
285,3137
2721,1657
1194,509
3639,1567
539,2292
2266,265
1744,36
820,705
3486,17
4540,1805
4434,3499
3151,2518
596,2527
3387,2148
730,3487
3481,3164
2943,980
1296,3510
4716,1435
3890,3486
547,2581
3542,3670
4389,2663
1704,874
3074,4579
2559,3294
1668,4709
950,997
342,285
4725,2206
2124,1682
507,4426
2284,492
3334,22
3606,454
4025,623
1361,1951
4199,963
4994,4535
1414,2690
1777,4314
4796,575
1907,3641
46,4589
1732,3153
2604,3692
597,3406
3266,3407
3320,3568
4505,3794
3241,2733
2366,2450
133,2619
382,166
3312,981
495,2968
3697,2195
1367,1344
505,197
2067,2961
3893,2905
1230,4966
1970,4063
2689,3156
4374,3242
3862,540
2365,249
4448,2992
4895,413
3486,3081
1654,4531
2407,1165
2160,4147
1729,3743
3420,4286
4470,4059
4677,2202
2396,644
2190,4902
395,3810
3932,4318
4801,2516
4357,2930
656,1573
490,1436
206,4674
1669,3402
2294,3842
626,3117
2766,2647
4069,3503
4473,1104
528,3024
445,823
1456,4700
4542,3205
2659,3974
834,3920
2970,3514
2294,2650
3486,3104
1830,4051
2111,2747
4553,4833
4776,2527
602,587
2056,2852
730,963
2010,1975
348,1129
1602,3873
4752,2980
2686,3814
1896,959
1141,2550
3580,4356
3355,3246
3698,3993
2624,444
4904,4016
2184,797
1339,2191
4843,2965
4278,2099
610,3406
710,1967
471,4082
2213,996
4055,3892
2879,1287
471,2139
799,2829
1325,3984
4194,4880
2705,1410
670,993
1993,1850
670,2092
1685,4101
1006,3255
2743,4849
2018,2265
1547,4193
4499,821
2503,3333
4086,4389
1595,3686
3487,4832
3261,1673
306,91
701,3292
4670,3147
2806,2068
1973,408
3573,3986
2415,455
3763,2402
2614,657
833,4934
3845,1816
2642,2045
891,987
3828,4517
530,1903
4684,4925
4005,1664
3744,1280
1020,3357
4876,1298
3679,2585
4465,3020
1301,3090
212,4971
2650,364
4603,2008
2577,1141
1425,3413
597,3450
1341,4101
4649,4488
3588,1774
2909,3452
716,1858
2708,3833
4672,3138
566,3913
1953,45
2580,2713
1968,3737
3183,1312
452,2841
4270,254
3055,3748
3221,1097
1871,831
1795,2431
2756,4682
1034,4567
1961,1887
2261,4072
4007,3594
4853,3079
906,4493
150,3269
4820,3677
1919,508
884,1424
1609,2177
4888,2822
4212,257
4149,2629
2032,882
2438,316
1119,3509
3449,408
1809,4102
3555,2407
4926,2053
606,1354
4270,687
1085,4191
2359,1540
4257,3092
4729,3991
1322,1449
3944,2795
584,1419
4607,930
605,2715
4114,1367
1312,136
1175,2466
2187,4065
4258,1905
4220,4174
4788,1300
1006,3532
4027,1978
2038,1524
4620,4300
3864,1850
462,145
1588,860
3974,234
4821,2932
2856,4210
3264,1507
2859,2791
2656,775
3094,1668
2873,318
618,4609
278,2022
3279,4155
4625,4870
1242,558
330,2242
720,4339
2980,3905
4590,1684
3229,2820
2158,138
2753,1335
2052,2832
2477,632
2343,1310
3273,244
1387,3817
2800,1679
576,1064
2492,1410
3800,583
196,2313
310,2910
1766,4549
1470,2908
307,370
331,3610
1841,4242
197,2143
4973,2156
4988,2819
6,2329
1605,1962
4794,1097
363,2645
3995,3343
3897,4460
268,2356
4588,1128
1976,2881
2383,3065
4836,1765
1745,865
2111,3351
3175,1853
856,4417
1779,3514
1987,2137
4586,4067
4656,1545
1536,3465
620,2968
3058,1048
3603,4313
4016,3090
806,2770
4562,1338
3507,2302
1040,1065
883,1816
607,1508
4678,3109
3622,444
3983,4584
520,3245
71,1638
1973,4871
2504,2640
2081,129
2861,1878
424,3438
1678,393
2776,2810
2130,4774
4160,834
4092,2424
1674,2851
3762,4590
1591,2354
806,1068
4994,4756
2064,4514
2409,4065
82,1630
336,3803
4733,4992
1189,4818
2514,3711
2109,1548
2206,3840
359,2488
4606,513
761,899
2736,384
1194,4289
3062,1969
3458,1739
3765,4441
1006,3780
1751,1845
2308,2497
1962,4275
4201,2466
1451,3266
441,3994
1512,3139
4404,2731
3024,3830
3389,1828
3770,2894
2883,2434
3551,4030
1136,4185
4903,4200
4257,3904
3030,1089
720,1209
1201,4218
1505,1605
4558,2158
4549,411
2717,85
2728,2859
2897,3258
3070,1851
2089,4901
2654,384
274,826
3239,4024
997,730
4255,350
3502,2125
4440,3740
2193,3959
3807,601
438,3668
1928,4785
492,972
155,1
4776,1132
4906,3788
3257,289
3835,3893
2751,4837
4685,1939
526,4605
2123,3847
2829,3378
2757,2091
3373,713
442,1765
3479,1720
4354,3277
4156,4684
4092,2934
2403,4206
424,3314
2236,2721
4617,455
1095,3668
2446,4373
3890,1412
1195,2355
2773,4968
1751,1117
2468,1961
3700,1616
2728,2972
1452,4657
4001,5
50,2223
1670,3318
1053,4988
1302,4959
3564,1040
1028,2043
1312,4563
2199,742
2258,2227
4642,2245
3403,3176
4286,2624
3718,3141
4501,4466
3202,3514
1966,2575
4465,1156
3563,470
3115,531
3318,2742
369,4526
334,1933
3546,4924
2848,3693
2589,2607
921,1169
1076,3942
647,899
3298,2116
3331,580
4896,3655
602,815
4999,1320
2389,4038
4268,2229
2730,4866
3187,2041
2795,799
3612,1507
724,665
834,958
1140,2771
236,2725
1211,4744
3781,1908
1403,4348
4060,528
3749,1896
484,1701
1879,3215
3682,2292
2171,2323
1423,3976
1178,4373
904,4344
4037,1672
427,3723
3579,662
251,1841
3135,761
4783,4864
3088,3869
4951,3453
3014,617
1134,632
321,3660
474,4855
1471,4746
1535,2057
4879,2732
4586,4835
226,4398
357,4046
606,704
24,4545
2196,4016
4869,3534
4180,3738
2654,1768
1838,4055
327,1844
2934,3987
658,2646
2751,1640
2192,1180
629,1488
4000,3035
4260,3006
4564,1025
2071,2845
3268,4861
1219,4637
24,2626
1796,407
1568,523
3650,3688
2676,1530
1667,1390
1993,4012
1209,3472
3961,4211
1505,3705
4268,365
511,2123
4101,1389
132,611
3554,792
2731,3967
4838,702
4152,683
1821,972
3431,1026
2779,1213
4507,1355
4720,1119
473,1354
2828,3372
3318,3970
1928,3653
3829,901
4064,2168
197,4142
763,3876
1758,3042
1741,1218
1617,4797
2039,4821
2571,2200
46,3279
891,4023
1364,517
3374,4287
3914,1310
3994,873
4274,4378
2090,1160
1775,1897
1836,1104
4065,926
3104,2196
3915,2096
266,2562
3172,630
562,1082
2415,4621
4461,538
3387,4406
3373,3420
4056,4456
4513,579
3829,4966
1430,3844
1979,4496
2628,3642
1254,2706
1737,378
3519,354
4003,3030
2693,4059
505,2464
275,2506
1217,2825
1595,1090
2870,1287
787,4059
2221,782
1739,693
3535,4773
1066,3589
4555,431
2239,980
4001,3685
4395,4834
1890,360
4383,2910
3985,2961
3076,3178
259,2401
1176,474
479,292
4452,3989
4710,1704
4857,4740
1708,705
3375,4888
3359,151
4147,3250
88,3649
2879,1267
3278,693
918,858
910,3311
1104,3839
692,735
3481,1812
2470,290
3258,183
1223,2348
3500,3123
3807,4880
890,3044
3265,3725
1435,3809
850,3552
1341,296
1487,1132
2687,2196
4137,2112
1793,237
980,2762
2885,2019
3353,2847
245,3863
3285,764
762,4971
4661,507
4453,3307
417,2364
4509,4385
1969,1779
2409,1836
4743,3021
417,1991
536,4252
1016,931
3676,4406
892,631
1276,3865
2526,2594
764,3978
3723,311
2213,3430
3296,1084
3930,1446
2992,1037
4990,1873
3807,360
223,1596
4059,1343
2081,4775
2861,4047
3230,3263
4499,499
3093,2304
1727,1438
390,4552
2686,3705
4393,4358
2864,4828
3425,774
1536,4388
2099,2615
2543,4294
1664,3069
2876,4125
3650,277
1030,3088
3002,71
1618,4117
4646,783
3344,707
3489,185
3374,4816
4306,35
4626,4561
2837,2806
3606,4160
146,1211
577,2341
2635,2458
7,3839
2276,3808
4207,904
2677,1647
2212,593
101,4348
1698,4564
3414,3659
2601,571
3326,215
3766,1729
1752,2865
734,2586
2323,739
576,4682
1213,4097
44,4778
2311,3969
324,2838
1731,1195
3502,1402
1862,514
652,264
4584,3744
2173,1989
1715,3363
987,459
2271,4742
1160,471
4395,778
1842,2697
4661,4606
1791,3807
3059,3156
4531,4358
2510,3266
3246,4836
2678,515
3197,3187
1406,457
4299,2583
995,3321
2189,4836
1462,347
4836,3685
1195,3707
3544,1984
2777,1313
303,4997
1340,1856
3758,1206
1229,1145
134,263
3076,3878
4581,3942
3670,2330
3523,1571
4385,1083
3104,3065
3678,1449
373,4201
2891,2083
2433,3091
3591,2925
4111,3130
625,2432
2023,2984
3382,4639
1452,287
3281,2147
2791,2295
3041,19
931,1788
1136,3092
971,1002
2560,1450
3650,178
4169,2650
3063,4218
2894,116
2390,495
2412,3571
1573,1761
1155,2021
3014,3054
811,938
2905,368
532,1698
3962,4818
1295,2297
2292,3620
192,1660
3977,2755
790,2179
984,2668
2055,3874
788,2994
3669,1490
2676,4500
3911,3900
649,1608
4667,4317
1927,2335
2733,2226
3725,3264
4109,2643
356,1524
4638,809
231,1026
2346,491
3398,3158
2242,1897
2485,880
121,2796
3007,338
2924,3415
3649,4107
3277,371
2784,2136
94,4970
3660,4724
3639,2403
1769,4563
736,290
1231,4343
538,4723
4276,3085
2911,1957
2216,627
3895,3849
4294,1967
2852,30
1141,724
2336,901
271,3568
1077,3504
1761,3019
2484,3117
4915,691
4647,461
3728,359
1870,1432
1739,3413
3500,482
2022,1429
2167,3894
1369,4576
2455,3581
2674,2092
2693,1681
3538,489
4721,4094
4158,2404
3668,3080
3540,4340
4441,3869
763,2267
1137,696
308,2291
1332,658
1391,224
4191,1962
1529,4661
2345,3982
724,4232
117,557
3589,1747
686,2927
2445,3353
3533,684
3514,2197
2536,3037
601,4509
2079,4349
3763,2673
3809,259
3010,4517
1004,2645
2252,4255
605,4621
1463,4203
1745,2315
4776,1130
591,1835
3362,2466
697,4695
4129,3195
4046,1558
3207,269
3829,4751
4796,2671
3247,143
3198,3346
153,3782
3191,1348
688,1079
769,4316
3278,3337
3383,1206
1032,1340
4140,1176
1314,909
1209,2111
3720,3687
553,3641
521,51
506,771
4368,610
1359,4780
1066,2946
1301,1807
474,1327
3391,4371
2849,1389
4986,3115
3553,2928
4195,1313
1983,3446
2481,4607
3542,2326
1392,4695
3176,1886
3211,3440
4637,3497
573,2169
1071,243
516,4885
4066,1458
2963,4905
3168,1506
3242,1164
1893,643
594,30
3127,3308
2729,4368
3962,397
729,2330
2228,1027
1719,1885
4878,4220
2379,4755
3432,3371
1715,4261
3032,2211
3762,684
3735,4070
779,904
4732,739
309,3894
3677,4229
160,4492
1193,3184
461,4431
2852,4102
392,2311
1300,140
951,2595
4811,1927
4048,3520
1000,1598
822,126
3336,2702
2640,3022
3225,4249
1470,358
1191,765
1361,3943
3110,1601
1457,3195
1780,2627
2194,790
3976,1605
4824,280
2637,922
1805,1056
4397,3870
1718,1070
3685,640
3031,2106
932,28
2253,4443
3082,3123
4162,447
3769,3774
3829,1791
4495,1708
4493,334
1046,1003
435,4802
1044,2564
1160,4144
4748,4295
3693,818
3792,551
994,4209
4129,1828
28,439
1396,3274
1187,4289
3811,3123
4581,1354
2218,1270
267,1807
4632,1123
4149,1099
512,2901
870,1497
3129,3070
250,4616
4738,4496
400,4791
827,2473
3537,10
2522,746
4958,1053
3021,4664
2515,335
417,584
656,734
1706,2722
756,2348
1298,1121
2918,2760
3040,3120
3591,3354
568,4122
1468,3519
1255,364
4074,600
1031,239
3659,474
677,4385
4927,1911
4741,4984
2019,43
66,2019
850,2646
764,4180
563,3498
3852,92
1954,3771
2589,1505
1769,2021
502,4996
3229,3437
3907,2371
781,1548
4711,4535
774,460
4528,2217
3063,1950
2838,2587
1378,1596
4451,13
2792,1068
3155,4145
4715,120
4694,4178
1459,2754
4059,1469
816,3075
3129,3912
4905,782
3939,4889
1350,875
909,276
2169,279
4452,1023
1916,950
4286,133
2680,954
2511,2109
2892,1237
1723,2654
2986,3761
4726,2852
2462,1537
3758,1874
4459,2106
53,175
1526,4532
3224,2885
574,2404
4354,1530
4005,808
646,617
3605,2054
1345,2996
573,1422
2486,1950
3010,1929
1498,1214
4192,2249
2401,2247
260,4471
2444,585
4304,2305
1303,2734
1377,2429
4857,419
4842,4912
4789,548
2974,3076
3445,1903
4691,3370
3895,2802
4444,489
3790,2889
3230,4643
3201,756
3849,592
1145,4029
818,603
2063,2298
80,3708
1323,2403
494,3386
467,4656
195,1634
133,690
1832,1905
4431,2719
1290,4829
887,3193
4227,3750
4592,3042
4423,2691
3271,3781
4520,4284
3118,2710
1417,4449
726,4443
3896,1871
1861,3577
1235,737
4900,4031
1911,431
4512,2682
1456,4288
809,3808
4719,3547
2963,3333
4014,3605
336,1270
3895,805
2741,1733
3654,3619
124,88
3946,1846
3334,4792
4578,3423
4464,133
2029,3020
1581,746
1014,4477
2794,4727
3462,2630
1050,2323
1647,2586
1222,1584
4839,1490
1333,2668
2385,2900
2874,4789
3581,2883
3109,309
4501,1844
4454,3389
4831,4614
55,4128
1711,3971
715,1430
2786,2149
3488,2702
3969,3676
3901,3821
2184,3257
4560,3255
1466,3957
756,3083
1338,255
275,3168
813,4989
1065,3067
2015,3491
1408,351
2166,519
3771,4400
22,106
3489,2028
1156,2077
1765,4122
1031,806
4450,3893
4284,1273
1104,1331
826,3726
4213,1512
1926,1774
3740,4802
1420,3542
1551,3779
1141,2884
869,1839
3487,667
3475,4043
1430,2082
2147,1583
658,799
3799,1744
1615,1258
440,4129
110,3021
4581,3208
4586,115
3558,4158
112,4392
3317,961
1965,4698
650,3056
2495,2448
546,4049
76,2140
4872,1834
1704,763
3709,3499
3908,4220
2848,4381
990,4769
334,3112
3412,4763
4955,3686
2086,1717
4885,1816
2185,4384
4819,4015
727,3284
1870,1778
165,4710
3994,3557
2606,2683
4113,4611
594,4333
456,1899
1026,656
4949,2740
2785,3867
1053,1811
4491,1367
3624,202
4575,508
915,4880
1593,365
305,435
3879,2162
4798,1610
1904,4660
1387,4956
4450,3346
842,1465
800,2510
1602,1283
1473,2400
3924,1571
4273,2538
19,2341
2847,3580
1111,4908
4677,142
1772,1079
4962,1103
1627,1366
569,1400
890,1313
1712,386
341,2371
1680,613
2393,2357
545,1822
4419,2128
4694,3728
131,1339
3052,2151
1837,4554
1687,1478
609,1535
1041,1424
2077,43
677,1982
3738,3169
3563,2961
968,2078
4013,4038
3492,4353
912,3615
3623,3107
766,112
2794,4834
704,439
513,4934
471,4586
1179,956
1920,4515
2909,1799
4165,4046
4634,551
929,998
175,1039
483,3901
121,760
633,1925
2256,4355
3606,3007
1592,1880
1470,4120
1755,4175
802,2710
2016,4482
3647,877
4284,4851
103,2882
1385,1524
1453,3138
537,3660
1664,263
4997,4796
25,1839
4527,1742
1087,2429
3519,2553
806,530
4208,126
4623,2602
4977,2581
2170,2870
934,1416
556,4432
218,2344
3624,1163
2898,2996
4207,2317
886,1225
409,3094
1556,3029
3736,457
4732,2398
354,4992
337,1387
3126,3541
3704,2693
3185,2250
3124,1698
4508,813
1387,2503
2930,849
3125,4275
4082,3641
1125,3581
1622,2066
293,4602
2251,1228
4115,1760
3930,969
4802,3844
2089,4936
1770,3230
1097,3697
3467,3246
4758,1621
2717,1897
2499,4346
2572,4033
4181,3022
3657,4296
4726,2165
545,4534
3009,971
3411,1290
4168,652
2055,2270
4566,4510
964,2704
4824,1940
3861,3368
2787,1600
340,1096
4610,4282
2120,1698
3155,636
4646,4890
2522,497
2067,3346
140,258
474,3512
3693,2110
1275,1244
2692,2719
2961,101
3948,4047
1954,1014
4952,4707
3789,3794
856,1376
77,3766
3939,2515
785,4423
693,902
3667,4576
3598,110
251,2173
1700,835
1471,4696
3473,1475
1959,3052
4388,2022
940,132
4706,2194
576,2678
3924,1730
4914,1501
3386,2582
1253,999
734,3788
3467,3464
1591,1942
2534,2593
1780,2220
1135,4962
856,4272
1111,2066
549,3998
4622,3977
4406,417
1947,3232
4845,854
2920,393
4726,1296
1353,2016
4246,4040
3017,708
202,4031
551,1534
1839,4557
2069,2145
1194,4033
4392,3327
2950,4312
4663,3495
3,2843
3098,2725
2104,4277
47,2090
2521,3976
4657,2692
738,1620
1810,3659
1910,2423
3948,642
4836,2347
4970,4505
346,2688
2015,2115
4710,1035
451,478
1436,4859
1437,2920
3652,4274
1042,1256
978,489
3738,3358
85,53
2102,938
3755,1807
3291,2434
3345,4139
1461,3203
1146,1606
3699,3387
2707,4776
4118,577
171,4608
2513,28
4568,4027
2118,2411
4960,4022
1986,3164
4793,4184
3139,3737
2998,4681
1491,2768
4396,1871
666,1998
282,4575
2084,1055
856,2633
3842,3284
4476,4745
1727,2146
4472,2347
710,1531
3064,2803
1451,4152
1936,4432
2303,2328
4861,3555
4106,4771
1413,4823
2795,1993
3572,744
2077,978
1603,2955
3208,1474
1144,1319
1741,3753
453,2203
3478,1334
3218,4547
3153,4349
1145,3110
1872,3340
1566,1557
2332,1621
4469,1213
1510,1850
1383,4147
4557,2806
1082,1363
2465,3678
1039,2626
2547,2639
4128,3298
546,3595
4952,4159
1233,4538
3661,4794
1753,506
2838,4069
4787,188
704,4387
4812,3567
159,1608
194,4530
2627,4535
2720,4847
836,4763
82,2551
3946,1486
2888,3239
3011,2970
1133,4160
535,2202
3908,1991
4397,1968
1283,1967
251,4879
2632,413
402,2492
4944,4171
3561,3344
1521,3082
4213,4971
231,703
2051,4444
741,2183
1908,3274
1618,2196
4190,3604
2869,2667
1461,1194
346,1527
1393,4514
3829,566
3208,561
954,3676
1389,99
2364,2384
885,1083
3087,2967
1576,618
665,2230
4780,1928
2103,1372
1409,1877
2211,4293
3309,3848
1310,1382
1514,1947
315,3421
3508,2271
3146,844
2782,905
1356,4514
1773,31
4680,1364
319,2390
4739,1618
1825,4435
2222,76
2648,976
3896,4730
2517,399
229,994
1152,4844
2231,4753
2016,2186
4130,3679
4695,4352
1409,1206
2690,198
2977,2477
1695,2670
804,326
272,3748
4051,3273
4988,4017
3528,102
3721,3853
3709,4606
4739,4869
742,4631
4376,111
2512,775
1212,394
847,1574
4361,1149
3739,3310
3243,2906
4563,4585
1324,127
4281,1346
150,1145
4685,1870
2201,3925
3183,3846
1800,3673
2626,569
3162,3258
4212,2008
4573,4060
122,2392
1002,4151
1972,3951
451,331
1001,495
1582,538
1653,1276
1411,4075
2958,4057
1636,3422
1022,4440
3690,1817
28,2589
1983,4791
4450,2693
2327,4817
4268,4815
2704,2460
2618,4948
3096,2626
4517,417
4782,1530
3209,80
2417,1914
1936,1461
4638,4758
2020,3127
4204,3639
2849,1930
4536,4588
1806,3325
3402,4685
3007,179
969,3936
974,1983
256,3934
2019,3113
2801,2478
3884,3865
3112,1604
1626,1040
2996,102
3830,3202
3712,3299
1866,4718
4414,3852
261,4368
3128,92
4569,2302
1089,2291
93,962
2576,4163
831,3371
3130,2299
91,2218
1248,1962
1048,254
4148,4421
1115,4565
3116,664
3505,348
4867,2333
4302,4876
215,1655
2671,4579
1199,3044
801,4979
2998,3835
4296,2424
3284,1503
691,4879
2387,4009
3129,3546
3742,2300
2112,4589
1172,169
2285,963
2576,2711
2986,1187
3391,469
2044,2277
4915,2633
4897,2644
2823,485
4674,3787
467,2013
3648,3345
258,780
4186,3511
157,968
4075,2498
4087,77
3159,1178
1109,248
2931,2068
1914,1524
3523,2254
3077,4285
4091,175
2216,4507
1876,637
2103,854
468,4278
1876,31
3487,2345
1287,1390
3951,2279
2783,564
3293,4344
2474,288
3224,5
4244,3132
1875,3547
2677,4663
4832,3398
1753,790
275,3286
4610,4529
1784,4375
4640,4001
1507,4018
984,2422
3017,1043
2281,211
4798,4994
4624,922
11,3318
3084,531
2594,1159
2212,4526
1552,556
3621,1740
3728,1361
3138,2964
1461,2911
2223,731
37,2267
3307,260
3450,1801
708,302
2407,4021
2910,2136
3206,4312
1199,536
3643,2211
4336,4055
2201,2192
541,3385
432,3611
4328,2092
745,2248
3562,169
1039,2634
4228,1999
41,3678
3804,2625
4814,2242
308,3996
3832,3014
1112,1119
1851,3067
3733,4541
1949,751
597,1634
635,4205
916,1071
3498,4575
2249,4493
554,473
4065,758
4673,1497
571,3525
3048,1298
75,4306
1429,1957
2583,1482
1481,434
4969,4567
2571,2843
4181,2418
2469,75
3682,1824
393,408
4298,1651
3723,3959
648,3817
3163,3297
3146,1591
3267,4485
1395,3047
580,1188
3540,1787
3326,866
2340,816
3079,964
3582,4393
2703,4189
4183,3131
943,3906
457,4346
455,567
2286,1708
901,2157
2086,1787
228,2633
5,1162
4101,1451
3537,4914
899,1821
1705,1777
1515,520
2913,2971
4533,1155
1804,3522
3561,2896
2536,2793
3314,1617
497,3207
1953,4128
4350,757
2131,3767
3985,2093
569,142
2699,2172
4523,1452
4959,4253
3798,4032
3645,2196
882,3247
4981,2273
1592,2837
4225,619
711,1214
4844,2272
1812,2916
4061,1665
1212,3703
2838,1371
1841,440
2694,3359
1520,4298
1190,3603
3742,2467
343,3902
272,1732
2653,3298
3871,1752
4689,458
3692,3670
3274,2581
989,3605
3310,3159
2793,3660
795,4546
282,2134
2153,1583
1245,1181
2396,3173
286,4253
3021,1713
2613,4595
1259,2609
2297,4961
272,2563
4785,4612
3333,2570
1873,1785
2443,2832
16,4206
577,624
2858,754
392,4373
4041,4923
1967,4116
4617,4912
2057,4886
671,2981
92,488
161,3804
480,4382
3315,1709
3742,3413
1317,4718
1641,4638
1366,773
2225,4907
4881,2185
1885,3216
2375,2286
2471,1801
1246,4850
1634,3871
2016,992
1641,1600
4885,1351
91,3845
1454,1797
3781,4342
104,3014
1652,2459
3290,2257
1926,848
856,435
3050,3343
4425,2257
1349,639
2665,2596
384,568
3687,186
2359,4007
1191,1819
1067,432
2130,4493
3160,3886
3070,4686
4493,2911
83,2687
3650,4751
3671,2408
2301,2923
962,2066
4507,3147
1368,337
4617,3443
2863,1221
1271,1893
202,2172
2307,2611
1551,1823
3494,1885
4181,2528
2252,1858
599,71
4362,3242
116,794
4037,3928
1436,2955
2805,768
1361,3461
2636,3995
1219,180
241,4041
1537,1892
691,2882
3966,195
3820,3116
2575,2051
3725,1735
4361,2807
201,1815
3398,4833
3906,63
2422,2573
2720,3716
4309,3470
2190,2685
4313,40
1808,701
1389,3524
2056,2444
3517,3303
1919,1801
2958,866
1004,525
2172,2574
1780,4642
4102,2012
906,607
2268,3796
4284,2107
3350,3374
4530,4693
2547,3731
4688,1206
86,1475
2412,1268
3870,4868
4854,3769
763,780
3201,4877
3135,1138
372,1139
3997,1047
1002,2304
1519,2483
772,4464
722,509
1420,780
1964,3195
886,2948
3689,723
2932,3894
3565,1046
3740,2716
1510,2109
2390,1229
4994,2978
897,2772
2679,3415
4315,788
395,2500
1183,1624
4540,2481
2169,1573
4840,4920
636,544
2239,3442
3156,1985
4535,1957
2845,3021
4295,4808
1464,3541
4530,4464
3680,4736
1300,1508
4194,625
2606,4568
4016,2168
4930,4230
4407,1927
1913,1376
3633,1570
2078,20
778,4839
3543,4460
552,3848
2522,2824
1619,3673
689,3267
2696,4214
897,3889
4317,3083
4458,743
272,2233
1508,4781
366,929
4997,2952
4643,3159
1732,2948
3930,2441
1997,2793
4556,2948
3305,2424
1148,362
2926,2155
3192,4921
3399,4217
586,1004
2761,615
1162,3242
4474,4472
113,1158
809,425
2439,30
2114,3211
2004,4427
3384,4416
3890,2412
165,4725
3920,4570
483,1829
1066,3771
3236,4691
3156,2472
680,1882
4879,946
1513,2425
3098,2721
1113,2902
3272,853
3219,2838
4414,2190
4472,965
3972,3414
1197,621
4635,4988
4770,3420
4763,3083
1854,164
3720,943
4692,369
2518,4659
2416,320
2450,3536
3296,1959
2995,4606
2678,512
1472,4224
4307,4523
2464,1501
1140,2154
3017,761
828,475
1803,3826
3308,4212
1257,3281
2096,1410
786,3025
3749,4103
4563,1724
74,4422
3437,551
4163,1335
1898,73
350,4358
4708,723
1827,3264
551,2959
3263,3354
2058,3734
4550,2347
285,2337
2528,4816
1364,3023
3654,2916
692,2774
4904,737
2851,746
3237,3464
2871,1055
398,4260
30,3454
4846,311
2133,1229
3586,1983
2585,4591
4730,3741
2108,1475
910,3164
3472,1064
1414,903
4578,4539
2587,2964
2794,4095
4875,4978
3139,1558
3150,1891
894,963
4722,3114
1818,1342
280,1964
3017,4486
877,642
755,2498
1358,4171
388,919
2098,162
3032,493
4165,4782
1621,2301
1830,347
200,3978
2562,74
2267,1041
932,4151
2633,2100
3098,4219
4911,4100
3017,1916
1496,2466
3200,4204
895,3255
51,4121
25,2985
4776,4967
4919,4219
4369,1183
4967,3026
3634,2494
4693,1642
747,141
242,2138
3455,4060
4841,3974
4000,1436
3477,801
2232,758
2761,4607
4749,3814
2688,2570
1030,3679
720,2989
4239,1603
4566,3275
3680,3943
1057,1246
3711,4079
168,4745
3176,4996
2123,3570
1364,1495
592,983
4502,2770
1640,2115
3929,2536
752,3421
1400,4287
2285,4432
1217,514
1373,3961
2840,4313
4235,2130
4435,807
3073,325
943,4381
1752,3281
4388,3729
578,4476
32,3179
524,12
1973,329
2187,3741
4047,1633
2639,3233
2707,1068
3880,3661
593,2267
728,3994
633,1600
1337,1545
206,429
1742,2654
4055,3427
2835,1554
1632,4823
2789,1703
1350,2257
1930,1091
4831,2627
869,374
2904,3373
4031,346
2240,1555
4031,1182
15,3843
4120,4543
4477,457
2041,3321
1604,2554
330,1329
1326,3506
2695,4820
4625,796
2234,3571
253,561
585,4338
2766,1291
4626,1796
2410,4907
908,641
4416,876
3025,519
536,117
2676,2302
4371,279
2378,2076
53,2559
2088,606
2579,4905
836,4029
2620,1860
1573,1765
4656,1074
2991,212
800,2398
651,3817
4184,1728
3081,413
3907,341
517,4245
3028,4195
4059,603
3271,486
3125,4903
3878,4255
4056,2848
1352,4676
892,976
2635,3521
2072,325
3277,4608
447,3386
1642,3139
284,1923
3584,4839
3027,2337
981,263
4478,3479
1086,2244
624,2720
1313,4019
3641,2365
2660,1477
2526,3899
4574,1056
3981,355
2420,3365
3290,4816
3621,1941
1553,3817
3768,1362
3352,217
126,4642
4384,1091
4779,3091
4589,120
1836,4671
1784,566
4,3296
1291,1318
3324,1597
2537,4861
2486,2491
274,2235
825,3820
2454,388
2771,4994
3742,3454
4015,2506
4849,1178
2306,3692
4081,3581
1472,3213
3418,828
2787,827
3460,3516
2394,1105
4366,416
3121,4640
4985,1950
4723,51
2074,735
4284,383
4396,1651
2273,4954
3219,2575
4011,4039
4308,4855
3216,2827
146,1600
2714,4666
4080,1584
1537,151
3216,3301
2711,3344
4686,1327
3344,3273
3404,4916
3433,159
1585,3141
2932,574
3161,684
1758,2390
578,2683
2847,1064
3613,3019
1646,844
635,1611
4783,882
2657,3221
2797,3474
3583,1447
4661,3221
4135,2761
2829,3838
313,589
1848,3092
3207,535
3891,1447
2535,4017
1225,2451
1677,3639
3920,2601
2256,1728
1963,3705
2459,1377
424,4099
1515,2365
157,385
2778,3989
4260,4022
2380,2751
2814,4369
1751,1437
2398,2150
4647,4843
3115,2277
2833,3998
2678,4641
1773,558
2003,374
3087,3722
1204,2809
1959,2121
267,2249
4281,447
4262,2496
4317,451
4972,1059
1466,1477
2249,721
595,169
1197,809
2804,1745
3042,4579
920,4517
2877,2241
345,4517
2853,3945
4710,4767
3824,2892
4668,4350
148,2639
3740,3488
4065,996
3049,1364
1822,3866
2201,438
4707,3963
2672,2054
2274,4008
3378,4603
1439,536
664,2958
4403,909
3739,1719
3315,21
586,2961
2286,4812
3497,4859
3539,2880
4864,1183
3388,4527
1214,4982
462,2210
3646,294
4117,3886
3747,2729
4503,1415
3043,4050
2495,4236
4625,1321
1782,900
416,103
4576,1276
3058,4390
3974,536
728,3178
1185,1364
3117,400
2265,894
2808,1277
2894,4102
4392,3138
2300,4268
608,3445
4166,1909
1362,2012
1649,4821
1825,785
1758,2919
3453,3117
2479,1510
4447,501
4664,2605
2438,4758
4262,4313
4844,4808
4424,3685
4170,238
4453,2362
4599,717
4067,4842
1181,2644
2334,1525
2940,4066
3944,3690
313,4178
326,4528
3166,4225
2356,2401
2785,2317
626,728
1199,2162
2311,3396
1292,1400
476,2252
4926,4687
724,795
1135,3653
1646,4276
4138,1765
3436,4297
2170,4693
282,820
4134,3612
604,3315
2926,2653
2409,2256
4893,1139
2761,1241
1804,4270
581,319
2272,3414
3437,3626
724,1243
2156,2864
652,2972
2137,20
3819,2037
806,2114
4809,2142
2131,71
4864,2973
4856,4482
2267,3215
761,359
3260,2310
4550,4112
3329,1310
283,1223
1000,2234
4229,2876
2224,409
392,2233
2549,353
4658,3149
3380,470
3495,4809
524,3207
2077,2151
2846,759
2453,1210
1309,3263
596,3501
4841,2026
4415,1567
218,1766
3906,3227
336,2996
3022,4068
4911,1218
2892,4292
2177,2809
4657,4877
4835,1303
1558,4605
755,4237
3894,2465
3408,3286
3170,1212
987,3136
919,979
1153,226
157,2845
903,648
4537,4478
3499,3501
994,4188
308,2447
4476,4545
2691,2511
4658,2601
3191,713
251,1533
3137,4048
4678,4324
535,4822
19,2167
1333,1787
1581,5
1581,4757
432,3714
4005,2226
4959,1167
317,1726
1362,2315
759,2301
112,2656
4129,1408
2557,366
607,1735
725,1958
3058,2702
3926,3647
2939,1539
3507,4051
1888,4233
1571,4725
1911,2864
4282,4942
2542,312
1850,1506
1230,2884
4127,264
2878,2883
3477,300
2498,3021
510,445
657,3164
4227,191
2850,2659
4488,3290
2793,4842
4361,3687
629,3788
1351,2885
3218,2803
1575,4014
3083,1499
1679,1054
2548,4457
4383,2941
1345,839
1696,3298
1409,1274
1329,4566
2327,1794
2338,1046
1253,2379
210,1650
4738,4978
397,1265
3647,1809
4427,466
4053,4269
58,976
3709,103
3272,2527
1814,4106
915,3103
3669,4259
1282,3891
2242,4614
1660,3631
3900,2013
2776,1602
4745,4734
3000,4702
3797,2989
2651,1937
309,2775
2525,504
4532,4159
109,1215
4168,2436
4912,4444
4365,4762
231,3028
2458,1234
3186,669
4975,4681
899,163
4678,3694
3569,1535
366,2092
2651,1841
130,1104
4241,1689
800,215
3322,4407
705,793
4798,684
403,4096
4644,4794
62,3119
1726,1138
1215,2174
251,4909
1321,4260
3794,3434
1700,4303
2156,77
477,233
2523,3240
1755,2148
1817,3191
386,152
239,4336
3568,4926
4907,4468
311,500
2845,3341
3375,251
36,2000
3740,3786
2569,205
1697,149
3006,1783
3105,2567
4015,3649
1612,105
2040,2493
3468,471
3196,4096
3287,1680
2673,2892
878,1742
2497,1978
1377,1700
271,1478
1899,587
1580,2706
3441,4814
3852,4107
1627,4314
2560,2109
2943,1775
560,1880
4104,1843
2982,4476
1960,2290
3274,4605
3402,4415
3313,1888
2397,2037
3503,1384
3400,3191
1536,1723
2507,630
4653,4857
2239,94
86,4618
4622,248
931,331
450,2234
4428,2699
3964,4998
281,2092
3206,198
2966,1665
3772,936
3854,2658
2095,4636
3255,3001
668,1370
289,1110
626,348
3786,1196
1473,3800
1567,1333
3924,3528
487,3070
2558,3664
2374,1417
2141,4222
2308,1290
3270,4225
2425,1282
806,1172
2960,2324
3269,3066
3341,2825
632,2492
3887,2053
3181,3997
3251,3503
88,3517
2374,2831
4985,1447
2746,2109
2253,2676
96,4811
2265,1916
1532,2879
3928,3024
4592,1627
1259,1854
4824,4974
3840,2975
1429,117
1190,3657
500,925
3888,3932
633,4352
1144,2777
4952,820
2322,3871
658,3147
4917,449
75,747
3579,2884
1438,2222
4955,1547
24,1291
2369,1108
1893,1217
3959,2879
2124,4100
1668,1557
928,773
1042,304
3902,108
3936,3218
1886,3509
21,799
3342,4234
4621,2827
345,1279
1505,1521
2184,3182
2530,1821
2259,536
2046,318
4225,661
714,4047
3791,2358
4256,3586
3207,504
16,41
4822,2139
4628,4020
2471,1355
4433,1290
837,283
222,2120
36,2786
4927,4503
297,4683
820,1463
2744,2793
1333,2420
4177,673
2654,598
4715,4722
4463,395
1728,3393
902,3053
1850,4674
3113,4621
2138,282
4662,4948
3384,2611
3755,4706
619,1248
4808,137
4243,1937
3000,4615
4392,3554
280,3920
2237,1253
3953,2259
2427,1088
1019,2673
2582,2834
2151,593
4786,4431
93,4658
2061,3994
962,285
1214,1150
195,29
4560,694
1643,2418
614,4577
1314,3731
2439,2309
2808,2639
4282,4625
4471,2802
3249,1440
1240,581
2892,90
2631,931
1823,1170
2870,2314
4535,4773
2535,3908
1669,4798
1702,84
2842,3775
110,3146
4798,1949
4232,4047
445,1275
1805,409
11,3834
4720,4849
4589,1876
3174,4471
467,4087
2350,4242
2403,2675
1106,3651
43,1907
3764,2414
3617,3683
2881,1391
1058,913
2424,4167
4580,1670
331,4004
3709,3049
2181,3570
835,2122
4263,3967
448,3200
4547,3654
2728,972
1680,2925
643,21
1240,588
4119,3435
2788,2454
1388,4287
2582,900
1822,3403
3011,3755
222,752
1752,3930
1387,4554
2325,3472
1360,1517
1113,3592
1279,1058
860,1015
2996,2186
4856,652
2118,4182
2513,1648
3150,2610
2854,4703
4650,3750
4898,1695
4590,650
2243,1176
1186,1645
4062,1643
480,4399
149,464
4174,4006
4485,2069
4717,1502
3176,2960
4120,520
3689,4905
3509,4414
1678,1423
4404,1292
524,54
4137,3784
2134,4864
4686,659
1570,201
4266,1748
3264,1396
1859,167
4256,1989
4294,3252
1559,426
4213,243
2006,2249
4558,2858
3216,4267
3453,2400
1448,2038
788,239
3874,1992
995,4675
4199,191
4015,3125
4158,1507
1829,4265
1450,3356
2478,2128
857,151
3837,4820
2087,3934
1940,627
2890,79
4781,1310
2811,2634
2036,544
4845,837
3766,4091
108,4889
4191,4417
686,811
1519,3096
3512,3119
3143,4481
3010,1508
411,1097
1671,3800
1842,2354
1891,2608
2276,3692
4009,3643
4925,3818
1942,2645
4582,2732
3257,110
4411,1820
1157,2317
268,2887
3867,4281
2338,4682
1663,639
1764,4637
229,432
3017,2029
2596,1113
320,2924
2285,3036
4236,3290
3759,3386
1571,1671
300,372
2536,4954
3240,19
3342,2300
4228,2743
4833,83
1986,857
960,20
3484,4626
2335,1555
4302,307
2269,4721
1077,992
788,3432
2561,3824
2851,1245
1001,18
3468,1522
3729,820
2783,369
1723,3599
1378,264
3919,1959
1392,1022
4891,2458
4813,4326
4446,2594
4543,4823
1155,3519
4842,4086
3845,169
2567,1039
1117,3585
2450,3766
2498,2236
3299,827
842,2371
4365,2455
2976,1578
149,2432
1533,3611
1747,3307
2288,2991
1923,431
3175,3707
1415,1158
773,1070
1725,260
4971,3763
1371,3963
3327,3059
1831,1629
888,3887
2920,60
1477,220
1250,2702
600,254
1940,4565
133,4336
4496,3187
2185,2209
4119,995
1546,2251
2781,2335
1432,1761
4396,4020
1581,169
3445,4499
4373,2664
869,743
2225,3289
1979,586
4750,2728
3273,1514
115,2775
540,4660
2969,3633
1516,1885
4101,3007
3771,3733
428,4523
2337,578
4542,1554
3685,3497
4231,4022
939,617
4276,847
4500,1120
2885,1732
4463,2529
3297,4224
4306,1612
1064,3566
1679,3759
4062,1846
2213,1050
4934,4050
1167,2288
4609,1516
2945,2906
2354,265
5000,960
3661,1126
4702,4411
4580,1314
3396,2258
893,2121
1331,1565
3681,2044
4672,3384
919,3408
1304,1612
1854,3894
3458,4706
4399,2841
3428,2660
3939,3276
1313,843
3648,39
2795,316
2784,2715
690,948
3807,3991
2969,560
2908,4684
3392,1845
2822,1752
2611,4082
9,4126
4400,142
2640,4471
3148,3088
896,3871
4050,996
488,1844
4245,963
2246,80
2813,1932
2825,778
2398,741
4764,227
769,2274
431,3133
984,1314
4451,1227
151,2658
4446,2986
4851,1169
4136,274
4310,1946
3449,137
1717,1787
1121,3300
3,4286
4321,355
3204,4343
1118,3495
541,4363
3608,2793
2012,2497
1165,2828
2480,1792
1748,2624
2610,3931
3875,1616
3948,890
3049,2905
102,4118
3319,4701
3046,2141
1498,2279
4632,4642
4562,4505
482,1585
1596,795
1370,2911
1984,1417
1005,398
4907,3427
3487,1677
4051,1215
292,4884
2993,1837
1979,4169
3621,1575
1824,2695
2640,379
4462,3045
231,4865
1948,502
2421,892
2717,634
3073,1124
863,1723
2817,360
2667,3690
4677,1623
1176,2677
1473,4046
2730,1227
2962,4281
2088,1772
4076,3651
3272,127
2020,3724
2685,3214
1753,1531
4470,4206
266,2506
669,3266
3941,3849
1448,996
441,2232
2876,3669
937,1093
931,977
2054,2167
56,628
4650,2528
1673,1504
4812,1902
1872,1277
4135,1157
992,3644
808,4754
1728,3271
3487,2941
3189,3232
2715,4049
3689,990
3742,4147
4173,560
1461,1572
4962,4340
1359,1319
3224,4202
1980,626
601,3988
2457,206
2268,1498
4826,2954
4132,4348
3769,3308
4483,1310
4415,4964
3042,4859
2917,295
1751,3925
435,1438
223,3531
3947,3317
2533,435
2680,327
1742,1320
4488,1417
2786,1537
4098,4190
3855,1765
4097,39
1210,1303
3130,2035
894,3788
4745,3403
1441,411
2634,2520
3691,4955
326,3381
2064,4023
3567,1813
304,3176
1485,1999
4509,4230
1625,2501
3734,4921
1841,1453
1287,4368
3784,581
1216,4502
150,2252
1096,1295
2006,2244
694,199
3481,3393
4229,494
4355,1224
126,4127
3640,1144
3867,979
44,1592
1210,1689
4630,2730
2378,920
1098,1205
4061,3972
977,4989
177,1670
4750,2350
2218,2459
3475,3126
2635,2752
4906,3464
1454,1022
1826,4237
3923,4391
4495,4086
2123,2321
1688,2002
337,2465
1998,3564
498,4330
1448,4021
4388,1814
2861,1216
1891,4192
1221,3731
1992,2304
1546,4158
2676,4254
4975,4564
1152,4618
2821,808
3921,2986
3096,2967
2164,789
2300,3511
1817,3747
2343,2367
1091,2730
3613,9
3830,3301
3586,80
3901,4227
4104,371
4019,2903
4796,4413
2584,3749
3400,1978
4870,4605
4659,882
1443,826
968,2318
2425,428
232,4336
2937,1282
4775,1245
272,2077
2504,3298
3115,4994
1402,3521
3677,2966
3797,804
203,3946
3581,732
927,2668
3520,2934
4090,2412
799,342
718,1010
2731,1213
3097,2482
4032,1312
2873,3769
1528,3270
4324,2050
4799,3640
280,3457
2728,1762
3374,3622
2268,2278
568,4536
3212,458
2321,690
4410,795
3443,2118
409,2577
3728,4033
3260,1505
4228,3121
2278,1776
4833,1753
414,1155
4281,552
481,175
432,448
655,4084
794,435
257,1102
343,3260
2029,3495
1493,2956
1430,3558
3131,2471
78,3651
4583,848
1293,2918
4387,2573
3462,1038
1175,1822
3421,2480
1948,2163
44,2151
3743,628
1535,1624
2733,230
4075,2865
3463,1196
1830,1550
2580,4803
528,478
239,412
2846,1896
3455,2062
965,4296
1223,3831
4140,4076
4745,2617
4788,3821
3962,4035
2031,985
3700,3154
3621,14
3404,4860
2250,1160
4505,4986
4885,4673
4993,3531
1237,2980
4654,4480
1413,2654
3355,2165
4775,964
4116,4184
146,2861
3015,3094
4651,1048
3985,2080
3189,2746
2560,1929
3218,3270
4127,1434
298,4456
2991,4183
3185,8
2587,1165
1660,3688
4113,2677
75,326
2122,2829
3229,2727
3006,2644
3938,1886
1552,54
708,1919
4308,4319
3336,680
699,1662
1801,487
430,1413
215,1259
1094,1787
472,1256
2814,4797
4988,680
117,4741
402,4304
762,4747
4394,2304
322,4346
1053,3689
3426,3856
535,2924
3027,3856
3032,3220
4902,4450
4059,1685
1307,2124
3519,2625
1656,279
270,2063
3528,2136
1714,3080
4541,49
3944,2268
3505,415
458,118
854,2205
1857,3429
4645,4131
4639,4160
3556,235
2677,4189
4908,2746
3085,4506
3195,2333
3741,2469
341,3833
1409,2103
2478,4136
4181,1408
1888,2657
4048,659
507,3779
3086,4900
3033,1491
1664,1415
2625,2825
3148,1224
1088,67
1824,3331
4091,740
2432,1076
1352,926
646,2037
1220,4226
4358,863
1297,4328
1404,3685
2161,4322
352,2651
3659,1598
3695,701
2321,3967
1304,1947
4034,196
4058,4915
2661,1828
2949,3358
2751,1247
2316,1424
1887,3981
134,4792
1134,1596
3816,2574
3334,214
3236,3079
2150,3961
4952,4974
1649,1782
349,1659
2509,4856
2429,4337
4258,2231
4744,3907
1441,2813
912,4412
3019,2256
3265,4847
3146,4688
1981,1216
2995,202
4094,618
3323,2131
3637,4911
2477,2309
1029,2575
3874,2141
2473,1004
3719,2104
3538,556
4478,3439
2744,1332
957,581
3390,3229
2427,4478
2278,978
194,419
3728,764
1520,2299
3434,296
4775,800
4212,1252
853,4528
520,3378
2354,1518
723,3145
3788,4548
857,416
2837,288
2238,1807
1036,849
4427,360
3257,21
2468,1964
4021,1214
3464,4900
3386,4988
1365,1435
3062,468
4559,2291
2754,3211
4498,1406
1428,3778
1247,4381
3006,1800
1359,2731
3851,347
20,3091
3198,697
3513,334
4120,1676
417,802
2847,802
3156,4962
4627,3200
2178,3555
4249,522
2325,4724
3533,4826
2543,2013
904,3663
4126,2525
1614,1369
334,3325
3297,2421
765,549
250,3450
4036,2094
1701,3757
2053,1966
3622,1400
2994,1450
312,3129
1963,1500
424,3531
1575,3097
521,688
1848,230
4671,1442
2568,1537
874,4561
286,4095
4936,798
1933,3468
2163,731
525,3867
1549,4717
3505,2353
3909,4594
1771,4257
4199,3523
3863,146
3170,3236
2188,2533
4548,1647
2382,2579
3565,4501
1674,1066
1122,75
176,3042
1814,595
3942,4935
1653,3615
4144,3775
825,3061
1156,3648
2383,3492
2148,3636
3360,2717
4132,2392
465,3230
1282,2731
3162,2153
4236,2399
4326,3730
3010,2750
2783,3071
2901,1696
2563,4786
3772,4208
1166,1128
2670,3649
1298,1594
3636,4132
3070,4644
1764,1924
2846,4869
4475,2535
2985,464
442,2223
4135,106
3633,4320
3878,1311
4610,906
2939,4049
3596,1188
3195,2651
3760,537
1337,339
856,2480
1831,504
2170,4514
2932,3713
2626,3256
904,4434
2282,4848
807,4293
4374,3298
2267,1842
1257,1953
252,3338
1022,59
4038,3603
1232,4271
1519,2100
4501,3732
1807,110
3195,3098
3125,3120
2971,4298
786,75
4291,1528
2701,2020
1799,2211
1525,1589
1887,1169
4444,3695
753,2789
2716,25
3658,2760
3409,1915
44,2244
3854,1294
4186,3520
4000,1472
228,1079
729,2158
4025,1755
2870,4840
4277,458
4646,636
70,2750
2221,761
1934,426
1791,2236
3483,4519
4160,2641
1051,615
1826,3086
4995,4419
2508,2627
2526,2651
2009,3648
2460,3743
2216,2090
923,1035
3338,3478
2972,4507
3911,3113
3657,4599
3373,890
867,87
1453,2382
1160,4629
3904,527
3489,166
2319,3025
3243,4818
2579,3077
2533,3739
895,4042
1113,875
4969,3853
3273,981
260,1875
3806,2688
4497,4148
134,4256
2134,4959
3244,1303
1495,64
2786,3644
4973,2136
3588,4342
3682,3833
4355,2222
798,2125
4006,2714
3390,4351
3024,986
4245,1209
3834,1847
4733,531
2540,4812
2933,1051
3401,4151
758,656
2158,4849
2302,1235
4675,1175
4247,4453
679,2029
1402,940
960,4351
350,2458
1615,3222
2326,1169
1715,4072
1492,4508
2311,536
2958,3895
4041,4564
4125,4442
1669,1148
725,507
3080,394
4678,1195
172,4008
962,2175
1562,2388
4264,888
3311,2902
337,4111
2530,1441
3130,2257
3837,667
2414,54
1254,1300
1436,1158
1121,2128
752,4432
632,4735
3282,1102
4238,4767
2949,2926
4625,1453
3647,3947
32,4668
1909,4187
1903,101
3644,1903
3438,4064
3029,238
568,4668
2877,1410
3008,4090
725,3699
495,2985
2417,34
4367,2286
3022,3240
4485,3370
2107,2862
3215,2627
4859,1201
461,2162
1271,3932
970,3185
3449,951
517,3459
4558,4260
3898,1501
802,4850
3279,2851
2784,3836
4356,2770
3486,3128
3426,3293
1936,2582
1715,4988
1607,1908
4425,1226
4107,660
375,2250
4818,1536
2794,2166
2636,3565
4312,2964
4401,4508
1299,1051
2762,2841
2111,4477
473,4651
1463,4231
2165,2615
105,3484
4406,4189
1636,1403
4145,3339
351,4067
2247,1978
465,3729
3443,2695
803,4896
2291,3919
2025,3370
2601,3587
1826,2100
3765,2029
4096,593
3177,4805
4914,4946
639,2337
4906,3829
211,4576
1596,2966
128,1156
2841,2730
1539,3226
4114,726
2379,1852
4551,4572
219,3963
4047,4156
1692,522
3945,1942
3899,1339
1012,538
4580,1850
1341,1243
2023,1365
372,4786
4890,4770
146,4770
141,3865
3076,3701
3956,1624
4543,3619
1071,2806
3815,1111
4038,2736
2434,1295
1507,4837
3296,258
958,1334
1728,3642
882,1508
1148,3746
3966,3437
3779,1804
4274,234
1911,515
430,1874
1972,4626
4101,3672
3056,3869
573,3908
894,2949
3346,715
72,1641
3328,2561
1715,4973
4840,1556
2754,3677
3681,2954
1503,1433
2102,2519
3498,688
3451,2076
4485,4095
1033,2499
4823,3263
2514,1504
2013,43
3178,2891
688,1675
33,3754
359,1690
3284,336
4115,1627
2311,2971
3982,1335
3824,4456
569,113
3904,3001
1533,4600
599,2411
1038,4298
908,3652
4644,3527
828,3695
65,889
224,4565
4505,3770
4554,2369
4100,1826
3539,2353
3089,1558
1577,174
2251,1442
2098,571
454,285
56,2322
167,4815
4947,3894
3860,241
252,2682
3077,4797
3153,3080
923,2536
4364,4367
1263,3028
4817,2636
1217,4505
2097,4334
4210,3601
4316,959
2666,356
2355,3728
1884,474
4184,2265
3107,2594
2927,3718
198,233
1693,3954
2558,2757
1158,4491
1053,848
1097,1748
1069,686
381,2463
3780,1751
2197,1555
2581,611
3446,1973
609,700
3334,1400
377,3922
4930,3186
1285,3140
3768,4880
1330,771
4506,1806
4602,2060
3549,3480
357,35
2751,907
646,1203
3798,1190
2860,3791
38,3271
1062,1989
2175,2525
3610,3115
518,4338
4787,3835
4305,2398
2028,3111
3988,1888
788,409
2095,4965
585,142
277,4108
350,3652
523,1063
4658,2670
3915,40
530,78
1591,1569
4659,4577
3517,1092
3248,3085
2987,4801
706,4531
4963,3906
4075,3351
2932,4684
4473,85
1098,3044
861,3040
3451,130
4703,2508
1986,2338
4480,2647
3763,1564
4932,3313
3013,2989
3344,2365
873,2518
2173,2471
4304,2205
4835,2132
1750,3206
1837,2341
583,1904
3804,1
640,4063
1165,1685
476,4866
3902,527
1869,4704
2401,3640
4494,3692
1989,1264
3131,2150
2469,580
4833,2282
3969,4587
2658,977
2073,353
4909,1900
4965,4111
3263,2641
1518,1998
1344,3872
479,2214
4760,1826
3552,4557
1504,3585
1692,3350
2808,980
2342,2269
403,732
1093,3565
3868,31
300,523
51,191
3717,1407
765,4888
4622,2739
3478,4517
1298,3210
348,1372
2795,4938
4496,1763
635,123
937,1419
2827,1714
2773,129
3682,355
814,909
904,3206
1601,4729
3230,3978
3224,2034
1535,4614
2260,1280
4978,352
4810,3333
315,4571
4664,3368
2328,103
2960,819
3649,2522
3719,4533
1745,275
462,828
301,4271
3750,1890
3552,1825
2553,4753
2225,66
901,1231
3082,4211
2132,4378
2548,3250
1634,822
3439,690
2345,2474
1156,1431
1387,4428
1868,2907
3452,4761
3447,3713
2512,2781
2391,4206
2296,1226
3810,1067
4890,3894
779,4523
713,756
3933,4136
1561,1592
2497,4089
4534,1761
1574,2052
1479,2563
4311,3872
4442,3834
1986,489
790,3056
3961,1523
1939,176
2256,1351
4060,3026
3007,3348
2010,1139
1061,2907
2855,2117
3057,4502
4457,1354
4990,1549
833,3997
2065,4708
515,3335
3775,1818
1510,2364
993,2086
3084,201
2577,4168
2096,1845
3088,3269
3208,3417
2256,72
1293,4663
4334,3227
3973,2574
416,1952
2381,4395
993,188
1961,3372
4123,3785
4902,3287
3007,959
4062,1608
4516,2848
2182,11
2067,316
1051,3223
2929,3229
604,2354
3158,2064
3023,3316
2757,3275
4890,520
1398,3933
3071,4611
4336,335
4428,1837
1209,1705
462,4715
1162,3182
23,4774
1330,226
2066,2597
2185,2659
3587,4764
779,28
3013,3431
2312,4896
4548,2768
3045,2578
4391,4726
4760,120
3358,2643
4758,3419
4442,2789
3133,753
2992,4564
752,2405
4434,452
4259,387
3606,349
3034,2563
1258,3398
43,1450
2924,2648
4240,4571
251,2800
2444,3154
122,3589
742,4184
474,599
4848,3616
4215,3378
2925,700
4592,4423
809,4061
2643,2813
1916,3693
440,1019
1032,1760
1308,1773
50,3101
4411,677
2480,3081
4765,1419
202,148
3821,3695
476,1757
60,4841
3550,1208
3732,4824
218,1516
2273,1391
3281,4815
3558,1806
881,2998
2157,2600
1809,3101
311,3191
3594,4128
3549,3698
2642,2971
4612,1424
3208,2896
4258,4432
1177,918
1001,2006
1180,221
3941,2081
952,2555
1856,2978
545,4309
212,2349
1422,4040
3841,508
1312,1964
1660,3670
1446,3554
53,1198
2145,546
1498,1780
1680,671
4183,4705
287,2116
4337,3038
4003,400
1621,506
4187,37
4418,3127
2516,3881
3418,4271
1230,3593
2470,561
2563,2268
1219,2096
1887,1051
4819,3331
3613,614
2345,3783
4238,4937
4848,2463
1711,4966
4206,2561
4077,4904
71,4531
4772,23
2213,2035
1946,960
1870,1718
3886,2530
459,1693
4029,2911
913,3835
314,2996
2258,1216
111,1181
4935,4761
2652,946
295,4360
4097,909
1072,1524
4591,2817
1378,2054
3774,2199
1931,872
1707,4691
3301,1444
2680,1065
3411,894
4264,1877
3598,2118
1310,3467
4071,3416
1107,3269
2448,2207
578,2916
2325,3697
1315,2085
4221,137
1218,4908
728,3096
2761,1152
1203,1738
4225,3229
299,2217
502,499
2120,3640
223,1727
2348,3815
2937,2346
2033,2299
3480,1503
4993,3384
231,158
4337,2783
2294,889
2719,3260
1120,639
416,4678
1709,2551
1537,583
168,4989
1739,940
592,1790
3552,552
704,1315
3469,209
1674,982
525,1542
90,384
2620,979
3428,2559
686,4093
4010,4947
582,1272
531,731
3042,962
1066,2314
2632,1924
3284,3126
102,3022
3700,4397
1634,2823
2725,4965
1847,3667
2823,1874
2948,2056
4086,3559
2353,2375
4281,483
4256,4952
4205,956
3126,4957
401,4367
1199,1715
2952,2585
1164,73
1637,2929
3966,2591
1290,2292
323,117
3549,287
3826,2656
731,250
496,1270
3837,2596
4533,196
1643,336
3532,4159
4433,1090
468,2100
3645,4747
227,4592
4567,1588
1498,881
4124,721
1404,3660
2471,3941
634,2287
4800,2954
4940,1815
2972,461
2428,3511
3288,574
2939,4605
4885,4881
3134,799
3374,752
2016,4026
2752,2112
604,4157
1488,4840
1495,2515
4141,2838
4141,4325
3800,320
107,169
3512,1952
3875,4249
63,76
931,4222
286,2355
4573,902
2973,842
3203,781
1015,545
763,2818
1928,3069
3502,3974
4726,640
3223,1126
849,1633
945,4404
1149,586
3383,3289
4747,1986
3689,1221
174,2520
386,815
2552,2789
1695,4161
2159,1353
1265,2695
1356,181
1024,4394
4612,4251
3507,4385
4424,4096
4341,3227
2763,4134
74,3321
4426,4037
4212,4702
704,1416
3723,1924
3802,1224
1100,4054
3225,1424
4595,107
4134,2135
3832,239
3018,1282
1949,2462
3929,3263
3603,1707
3334,3360
3326,249
1604,2575
4080,1177
2484,4725
4957,1638
523,1877
4100,929
94,519
2810,1733
1490,1469
4070,2707
4577,3705
4839,4021
4993,2491
791,4105
4254,727
642,72
4050,344
882,938
3454,490
4030,90
3565,4507
1076,3412
225,2397
4459,1927
1082,51
219,2754
2487,4674
137,4991
1133,618
2983,1646
4591,819
2844,2961
4104,1382
2806,582
2661,763
4506,1130
3318,20
4720,4690
1823,3201
2184,3855
3414,2949
3297,2413
4284,1111
1132,1762
44,664
51,3579
3427,4257
1011,4434
787,4540
2361,4616
2188,3768
528,4487
652,4891
2871,4554
4060,1199
1303,1291
1082,1033
4192,3764
4124,2252
4984,3093
341,2033
546,2613
1438,3868
2991,1636
114,2508
4201,2554
4665,2914
4949,298
694,3172
1987,2337
2075,2294
25,4144
4501,4318
2811,2000
1183,2203
3889,4007
1940,3140
4803,3516
849,1840
3092,3441
4479,2322
4331,3039
4476,1770
787,4753
2310,4036
3802,1652
1955,1559
1391,3648
4242,586
775,2253
4669,4935
3350,1443
47,4292
1011,3829
519,4770
2252,2953
3054,4929
3595,661
1040,3082
3225,1048
2280,2581
2733,2288
3905,850
1058,2232
2534,3878
4611,3337
219,2223
201,1855
3037,2297
4591,2497
2206,2284
4992,3307
3432,2099
1114,332
369,2097
1976,4961
517,4379
872,1418
2570,1377
1245,2888
1087,2472
1992,2834
4596,2041
1623,204
3347,57
1188,3398
3422,530
5000,3683
1598,2403
1911,561
3859,3207
2845,878
2936,1837
2380,3837
2290,3359
2629,4131
3547,2045
1539,2205
2405,4943
1895,1521
3723,4536
208,2783
1927,3574
3094,3170
4191,562
3840,3343
850,1235
54,1051
2491,3013
1571,3362
167,3677
200,2327
3822,3447
2826,1459
3219,3494
3307,1487
2617,968
4360,3814
348,2214
185,284
2598,4067
2338,3589
265,39
4239,2244
4807,174
2068,2819
974,3020
470,2001
285,1579
1569,3833
3098,466
3780,1949
2528,2603
1343,4561
612,3976
4856,2439
3844,2611
860,4276
4189,3695
2573,3973
2788,2942
3295,3612
1613,3571
1268,1725
1070,2370
3597,4374
4649,2190
3525,2860
3612,829
2939,4065
3218,3196
1730,839
1563,392
3131,3626
1087,3201
4848,2590
1510,1770
4952,1447
2460,851
1075,2926
1459,145
3274,2232
2984,2092
1358,3209
110,4849
105,1398
1218,1739
1569,458
1746,4147
2275,4791
1117,2177
4785,673
4309,1083
4660,874
3831,4974
4561,3752
1145,1678
2030,3875
2429,3083
4882,481
4783,354
4379,557
3028,2768
2930,4394
113,3939
1151,587
1573,657
4033,3307
4573,505
2732,2828
3491,4151
322,2190
280,1371
2750,2218
947,4882
3891,4141
4593,3853
44,4912
14,4238
2531,3508
268,2909
3066,4319
158,3066
525,2512
897,372
4742,2770
91,2411
1401,137
353,2646
3025,2139
1474,4216
324,4993
103,2269
3684,1058
61,4027
4600,2730
3168,2627
3909,3038
804,2930
1484,1039
2595,860
2259,2891
1217,3367
2475,1845
472,1038
4139,1460
1287,189
2178,2732
2371,3650
4828,364
4221,4423
4010,3076
2165,2021
3145,3087
834,370
1828,1263
1009,1194
4621,337
4566,1498
649,199
3601,4198
16,3116
1005,3115
4697,2302
3526,336
2124,4897
4473,1549
1595,4529
3957,610
1999,2634
4949,2045
1576,1018
2178,1256
4718,2314
2077,1256
3281,40
1191,1424
3897,894
4358,2503
3722,913
4256,2036
4942,4815
1628,3249
4765,2496
1081,4099
2464,719
433,4733
3112,2251
4977,2292
4245,1255
189,369
3115,3616
3824,2737
183,3646
3288,4292
1049,433
2609,4790
136,3494
1678,1947
4556,4874
639,4890
4171,2905
3739,247
4487,3797
1092,4863
1114,2664
1655,1768
2893,1317
1141,1713
3759,1867
1757,4067
2420,2889
4802,3599
919,4384
2532,2856
2196,1669
387,947
4441,4209
4199,108
17,4797
1311,648
2,970
4616,4445
101,3784
2931,864
4910,1139
1737,3032
2084,1092
1821,845
2871,4382
2924,74
4136,3481
4187,1844
3803,61
1490,85
3333,3830
133,3070
489,1081
1163,2659
1982,2426
4013,1394
3354,410
4270,4323
3616,3451
2468,1417
4266,2678
2653,4926
1768,880
613,4980
930,3199
3154,3044
4785,831
2896,2860
970,2787
1447,1642
3876,833
4457,4363
2715,305
3192,3196
4439,4064
4083,4428
4350,2132
4998,1453
1784,4819
501,2940
4815,4671
1905,4964
2963,271
1730,3679
4843,4311
4613,4633
1316,3206
3837,915
2003,4492
2463,2586
4264,232
3115,1298
1041,4098
135,1687
3104,2937
2238,2682
1252,1637
4845,1121
2253,1665
3030,4584
663,4948
4627,4298
3541,4565
3748,2203
2387,2714
3151,2499
663,1295
1316,4175
2174,1390
1247,1757
2218,4243
2769,727
684,1260
3716,2851
2898,1799
3252,510
1579,4835
427,693
14,2472
4246,2154
3308,2310
2045,2200
1427,265
3054,1296
428,3326
4670,2854
2210,535
253,3857
3889,1163
2195,3336
951,771
1763,3156
888,4315
2989,4017
1114,1646
2859,2166
3493,2529
2854,1906
4308,1115
2870,1216
986,2179
246,564
4796,1246
3849,413
24,3302
1338,507
336,616
1832,333
3227,2539
2227,3649
3800,3565
3471,3409
4926,4604
4540,637
4232,4187
3542,4936
2119,1735
494,2612
1336,154
651,3471
162,2764
1665,3256
351,2868
3704,390
916,2027
3528,810
3905,2869
2210,2791
1272,1476
673,1392
757,2565
4481,382
3034,2397
4680,3918
4868,2372
4351,2420
194,4168
1892,4067
2559,264
3969,2295
2059,2086
2288,701
4261,748
1721,2094
4189,3493
3207,38
1819,720
1814,1207
2216,2490
559,2997
4716,4414
439,3390
2979,2166
1966,2190
316,2030
3506,2809
3831,1804
2202,1214
10,3758
2811,3761
1641,334
205,1876
3156,919
513,1128
885,4005
4549,1438
573,3813
2255,3244
171,1359
3885,1689
686,1236
3258,2020
511,1046
3321,4979
2800,2700
789,974
594,3708
857,418
314,2032
2034,2059
2309,3397
3904,1598
3443,1997
2420,17
2836,440
338,2528
198,2433
2770,1886
2011,2271
3103,1237
1084,1089
2864,2289
3304,375
1373,404
4120,1760
4057,3589
4507,4054
2129,2185
1307,2023
4790,1561
3877,1218
1585,7
3602,4480
1311,4666
4910,1698
2774,3370
2782,1887
1065,918
1749,2341
4109,357
4276,3250
923,1315
1714,3539
1224,2314
3746,2373
8,4525
4291,1915
1786,4131
4147,2817
1003,2796
2156,1109
1075,4463
172,4920
4739,973
3275,1304
1695,80
2377,4044
3521,2070
276,121
3615,2300
1251,4312
1371,4486
1198,3010
3682,2341
1031,4770
3039,4407
1099,1711
4235,3463
4166,3304
655,1190
2599,1121
1842,1415
1039,4380
1015,2211
4257,3710
1251,544
4710,2101
1338,4253
165,2610
1265,1063
4489,1292
4878,1141
158,2439
423,2758
2562,2309
613,1666
2257,1031
3915,1532
3360,538
1664,1692
3180,144
1097,3681
1855,2349
2256,1867
3711,4481
2029,2137
1201,3356
3974,3857
3193,1997
1344,3417
1030,2773
974,4771
590,1040
2411,519
4173,1793
3789,85
565,412
537,3232
4372,3070
2018,79
1497,4387
3926,1718
1494,3168
4883,4084
3136,3120
3525,3556
2602,2230
2366,1717
617,1661
3277,4186
2054,806
4276,592
1950,3585
2394,3811
4547,3074
2422,235
1441,2149
1454,376
2484,1679
2837,57
3775,2763
4856,3749
3218,3131
3700,158
4473,792
4953,3384
3804,3430
1614,4158
4899,2348
522,3919
3717,1245
2256,1846
3183,2403
1840,4279
3135,2446
670,4120
4762,642
3873,98
794,4718
1904,476
1141,3638
2852,2117
3004,4138
797,61
3363,1737
1986,4040
1977,2564
3329,3283
397,4791
1520,1966
2052,2330
1173,1391
1007,4194
3500,1814
2180,4907
3201,4956
1089,1004
2045,4340
944,1266
144,1710
3223,4947
374,2420
2333,4023
3919,863
275,784
4360,4273
3390,2756
2670,22
619,4862
2391,2346
886,1346
2043,3480
4299,4181
1499,1645
845,1949
407,3923
3678,3544
166,695
3628,1580
3524,678
1231,504
511,3024
106,1108
2371,395
255,3444
4599,460
592,992
272,4109
3388,1956
1219,2641
300,2015
837,1282
4996,4834
1676,3510
2657,2579
3031,4585
2327,2694
429,36
4436,3927
1899,2069
4364,1566
3937,293
2864,2237
4038,855
151,3712
797,3570
3614,2671
2643,4018
915,4583
3075,4561
4084,2165
1109,4867
3792,4558
3488,1631
4367,1721
3359,720
2029,3390
3879,4344
2001,4681
1990,2662
3264,4131
1945,4719
809,2396
4664,531
52,1445
3781,1137
62,1915
4125,2725
3166,1352
54,129
2682,4561
3071,586
1376,2755
2293,682
2529,2283
3481,4587
273,3540
1866,4523
3302,2784
2112,765
4130,1899
4158,1170
3590,3374
1699,4272
1414,157
3028,4631
1598,3052
89,287
3400,3278
1554,4347
2557,1946
3835,2704
3908,4218
295,4552
4553,948
1701,3030
3420,506
3704,2745
3467,3178
4236,2652
2821,514
820,3204
749,2978
4194,2090
3543,3933
2441,2756
1471,3919
3433,1072
4510,3845
4624,2569
920,2013
918,4325
4451,4240
1408,4689
636,810
830,264
4434,3775
2678,3630
856,1323
4126,4890
3117,690
3951,950
3657,1591
4618,693
1718,3257
4635,2135
1282,4060
595,1236
2906,4557
3167,4406
2320,1409
839,2810
1361,1326
4324,3473
2986,1215
400,2440
2608,3000
4530,1777
534,2325
4546,1562
1545,4585
224,620
2220,1396
4937,492
2765,971
3186,1237
3925,4606
1902,2957
1769,2755
3932,4460
1526,890
3900,1667
4839,1029
4610,3861
2008,230
3790,2107
101,3428
1624,2230
418,3950
142,4347
1001,1745
2378,4740
1962,4931
4426,1490
2915,3237
1459,2688
4676,2543
3412,1225
502,2577
2167,963
1530,4853
246,4301
3940,2093
1543,1357
1282,619
212,1962
3441,1441
1608,4154
1298,4221
64,18
3290,158
819,1592
3587,962
1008,1100
2451,3839
4058,1936
1769,858
4974,4775
2438,82
3133,738
4069,2545
4707,3914
4733,4115
3861,3406
1761,3061
3677,314
4882,3385
4849,902
445,4040
4812,2618
2022,2668
4810,3973
1429,339
58,1904
2826,12
1922,4046
2959,3625
349,960
3068,1137
3759,937
610,785
2357,3515
996,1202
830,4632
3726,1561
3005,4038
2329,2006
2555,3258
1101,4959
1072,4744
1154,2796
4757,108
3038,1359
867,2773
3853,1483
809,2596
3355,692
931,4239
2700,2353
2312,4942
2381,1366
3057,3632
3017,107
4887,3737
442,4342
3517,188
84,4388
689,4134
3766,625
637,939
3981,1041
307,3619
476,2935
3183,1189
877,4701
4227,3593
3352,2264
488,1007
1236,4276
1996,222
1928,3665
1450,3348
4307,1341
985,3127
2929,223
2953,2095
2225,123
3131,2374
2456,1658
2368,3250
3772,2410
2822,4728
2842,2079
146,1197
524,2945
3035,1576
3397,4493
4502,2177
4717,313
3160,4908
399,4070
325,4112
4546,1821
1419,3072
2315,454
1990,3647
429,497
4631,867
2485,4366
1606,4841
3344,1029
1829,3882
799,2918
1838,3865
157,4334
3078,257
4732,3669
1291,4626
3350,4705
1293,3744
1658,3858
219,84
3110,3830
2646,559
2671,2953
1116,402
4465,2783
3000,3585
2135,3506
4337,3709
3226,471
370,3003
3513,3620
2579,2407
3461,624
3259,1492
4250,3429
4561,4825
1450,988
1261,338
1750,911
3083,2020
4618,2589
1268,3122
3586,4500
3199,3964
3372,237
3632,606
4630,1696
2225,2373
3644,2730
1169,3027
2552,270
4894,2879
4928,462
3016,1272
3467,1953
1463,1157
4798,1000
1693,28
2246,1684
462,617
4918,2987
4252,3921
4286,4340
4714,1371
4370,266
2962,1777
3196,3384
882,2343
3531,2069
3870,449
2938,121
2189,945
484,2685
474,3894
2495,1643
4734,1907
759,2231
4081,218
1616,2602
751,3330
1625,4022
2556,807
3150,4341
3336,4872
4380,2307
884,1324
1194,3900
1006,1605
4388,4743
4516,4103
3765,4696
637,4263
4939,2906
4886,4081
3606,3116
1634,4236
1188,3099
4246,679
4803,799
863,4904
4127,790
388,2400
1530,2590
2223,3612
3091,609
2882,2900
2146,185
4002,2236
3900,2775
4737,1303
2380,3095
3057,1473
3047,1805
1321,1692
4987,1466
4047,4894
4578,3012
3448,2309
1628,201
3027,1659
3490,4615
2929,2920
716,4320
4601,1392
872,3566
4435,3278
913,3806
2308,3497
3461,4293
2546,48
1485,2977
2491,3501
971,4081
745,1321
2443,2945
2245,4938
2962,3780
589,1252
3658,4639
2598,848
3490,995
4364,825
3525,3794
4297,489
2116,4631
3494,3427
4793,1528
316,2480
415,360
4841,4330
4707,599
1903,3222
763,2397
2547,2956
3081,61
3742,315
258,4914
1795,4483
930,1321
3122,790
1977,4427
3915,581
1112,1892
945,696
615,4550
688,742
1891,4267
721,2354
4828,2288
1565,4006
4411,3757
1739,2630
4817,2590
2419,2550
3270,3267
961,3159
2169,1519
1954,1899
689,1972
2550,1645
4983,2684
3326,564
4468,2329
621,598
1378,1876
1986,759
533,2294
1900,98
738,1689
3801,4320
2690,906
2379,1730
1437,4200
2798,1800
4243,1229
3678,3331
3324,3932
2002,3392
2201,2088
2188,4881
434,4201
4691,4445
4668,80
4352,2150
3399,4219
2126,728
1755,3626
3633,3732
1820,1150
4268,4185
3142,1983
2142,4269
1922,2053
3816,1554
4950,1758
3678,2793
3429,146
3114,1955
1188,3850
2256,1919
868,1938
2505,3772
1137,2426
1649,977
2933,4060
1225,4553
523,3773
4709,744
1739,2117
2798,2932
1540,816
4449,2310
2682,1020
2292,4324
1530,1071
4060,4558
2218,3960
448,2183
1587,3550
2275,4303
1056,4373
3399,337
340,1471
3156,796
3700,4604
3341,1544
2558,1396
4622,4660
2853,4558
754,4302
2857,2504
4683,3602
3252,4607
4304,2803
2078,4053
1635,958
1988,1173
22,3208
798,576
2542,3550
2218,4333
3829,3425
4399,3178
3274,2327
1709,2229
4151,2343
1293,4034
1711,614
2248,3525
276,3831
2308,3648
2298,1976
2660,1556
4584,4232
3459,735
723,1843
4317,2856
2927,4416
4439,122
2877,2395
582,2077
2860,2753
2860,4916
1318,559
1171,2992
4219,129
3265,2460
2187,3306
3200,3559
968,1321
163,147
733,136
2785,4713
3278,2673
4454,4560
220,1570
2003,3229
4771,2820
3952,3083
4899,3196
4090,4978
2478,445
1189,475
4822,4447
2112,2188
4980,2809
1867,78
640,3862
4646,4084
943,105
3889,1726
3066,4173
2776,1178
1971,810
4068,2282
3071,22
1067,4745
2619,84
2388,1294
1934,2206
143,2868
690,441
378,3620
2493,4182
4038,2677
229,1336
506,3609
2451,2425
37,1859
1484,2166
3487,2108
4816,4665
4192,4538
2445,467
964,4384
4477,4739
556,1490
175,3308
2660,3149
2836,869
3773,2310
589,4971
322,3646
1722,4827
804,396
1625,4309
1084,4792
53,1515
2803,2688
3019,1453
4007,727
4464,3592
4522,2802
1637,2120
2867,3866
388,794
2460,3736
3742,4619
1294,4818
3736,2073
4192,1346
1443,4605
171,1734
1790,777
4809,4041
4585,3908
4767,3540
377,4852
3913,3034
2492,1217
3852,418
3281,2422
3266,4380
1646,2868
3439,667
3141,2226
1830,3086
932,4902
3962,1429
4540,4427
811,2211
853,3419
2712,1617
1509,576
3151,4604
2963,754
2554,791
672,4914
2598,4877
4183,3900
3064,472
292,4634
3776,1061
3703,3849
1026,2072
1608,2152
1272,3721
3472,1124
284,2835
3115,3886
4377,1778
591,4052
686,846
2591,4351
3637,4699
4573,3633
4291,3698
4314,1233
489,1486
1193,713
2361,697
1183,1579
420,411
3794,1873
160,910
29,3320
2436,4527
3214,2853
4472,1238
3355,772
3360,946
1022,2885
4980,3953
4620,1953
4231,4515
3096,3192
2538,2100
830,2758
4667,639
105,976
1901,3098
3528,302
3607,3804
2402,3902
2619,4162
1046,155
24,4372
2944,371
2653,2069
4793,769
1863,4988
4467,3999
3337,4196
4924,2411
1490,4526
332,4779
4427,3753
2072,782
3365,3531
4224,753
1807,42
4049,2706
4610,3457
2810,786
951,870
2729,47
2611,2500
262,1357
919,2645
1295,2034
1461,4207
4937,4762
3586,538
2362,1783
1327,2430
3629,617
2292,3502
455,350
3932,4379
1907,3671
3486,3747
2079,4410
2659,3338
443,1667
4878,1711
4786,3175
3976,571
2885,4693
1703,824
1617,1883
1981,3386
3326,1696
2177,3032
2573,407
2768,1555
944,184
4622,1070
1197,3258
3037,2972
4216,1033
4637,4464
4849,3553
2014,2562
2185,3697
2431,4337
1950,2616
2040,3168
152,2560
3416,4070
2607,4969
1048,3362
2405,2108
2444,4649
3817,1251
3404,4505
1637,2855
4771,1047
812,1309
1793,4554
2033,4895
3760,3824
2417,2784
3202,1612
3504,2780
2193,4351
2477,1870
247,1701
2819,4343
650,4469
1699,3468
1795,212
4110,1644
1777,1142
1999,3313
3777,2203
4109,135
716,3356
4238,133
4299,1462
2551,3885
1470,4869
2045,564
4054,4214
2540,25
2883,4710
1759,3383
4832,1494
1700,2407
1703,722
4341,4762
4399,155
3471,1758
4241,2310
2155,3165
2388,4011
1870,1689
2397,3536
3798,2476
244,399
3533,2814
14,3369
4460,2758
4671,963
4003,741
4580,670
2416,3966
2727,4557
1294,3837
3577,3866
2089,1523
1888,4322
3179,2859
4539,2488
1244,1469
1913,1677
3634,681
4196,953
1269,4022
2155,412
889,2248
2623,2962
1037,2171
3534,2478
2881,3078
2947,4228
4664,1601
1468,655
3674,282
4481,3060
2434,1178
1478,1453
3052,3977
1570,4037
3730,2145
4490,273
60,3527
4893,924
3032,1375
3811,4978
2958,4091
2392,3135
263,2814
4694,3754
119,2266
1708,844
3555,2253
2100,1723
922,863
487,1849
2382,4692
2529,4908
786,1625
1389,2498
1287,882
700,174
3199,1595
4539,3773
4727,882
1090,4819
2358,1666
1276,1123
4460,1972
1711,3100
3343,1864
4112,3914
244,1279
2724,4728
3398,3811
2743,1774
1547,1621
2714,3446
2321,385
4777,5000
3800,1255
448,3249
4284,271
4477,2199
950,459
1003,4750
2698,734
1629,1711
1115,4480
1944,4309
695,1875
1413,2226
413,610
931,4550
549,3956
4979,921
3922,773
1688,337
2209,4535
4071,3992
4899,549
1812,4091
74,3273
4313,2775
3067,2708
2809,4209
631,4059
4180,4882
4199,3546
1893,4192
760,4051
1389,4449
4108,1640
2965,895
1034,1671
3211,4654
4950,2865
4338,3278
3262,1108
1018,1128
4034,3020
3306,3276
2654,2338
4961,3402
4599,4896
4369,438
3024,4585
562,2162
2143,4387
4161,686
123,1751
1307,1115
3716,373
2067,253
3332,634
288,1928
3601,2116
360,3851
3081,1688
2699,3630
1947,2985
3386,3878
2178,4857
4175,786
3663,2922
2720,3885
949,2607
2078,959
670,2372
1920,729
1290,2930
2463,3303
922,1977
3802,4830
4582,2193
4094,3203
1084,3810
3233,988
934,1621
1324,383
1558,1541
4868,4750
2456,2135
4664,172
1551,1943
771,3030
342,4968
3574,2161
3329,3592
4916,1915
4654,1731
3389,348
3586,72
1566,3378
2168,4339
1792,3307
1739,4264
481,1806
2074,4710
1965,4652
1965,1243
468,2455
597,1204
3472,2502
931,3818
305,889
764,1192
2375,461
3106,468
2710,2350
4228,1787
1164,642
3030,4504
2861,4206
4360,1978
84,870
571,4219
1229,3143
552,2095
2400,3731
3948,3290
131,4815
3350,4928
1984,2822
4168,3395
2585,470
3536,1951
4412,1629
916,4355
1573,4929
3640,3884
3439,3303
4491,3817
585,1510
1992,158
1674,866
439,4058
4615,2139
2613,2090
747,2094
10,740
4095,3235
3373,4704
871,10
2466,4918
3040,155
2518,3109
2729,530
1744,3516
1932,198
3774,2927
1650,582
4088,800
3990,811
4650,3879
1799,4036
749,4435
534,2053
1339,4840
3000,1663
4489,4507
1572,3369
3205,376
4300,4782
3033,2278
4219,3008
3776,28
1187,3948
1765,4436
3298,2388
142,703
222,2049
663,1585
4946,4432
2689,4766
3021,4131
4181,1803
4818,1766
2826,2503
772,797
4035,2818
4842,3302
1044,1901
4754,1546
2334,2609
104,2425
3423,698
2257,4563
766,23
613,1191
2488,2287
3095,667
3729,800
1609,3479
4782,3794
3082,1822
1064,3478
67,1865
1250,2481
4191,3168
2518,3897
3010,276
481,3566
2168,2032
4152,1287
2707,3369
2859,4768
3117,975
660,3309
3691,4131
2532,2306
3232,2160
1610,4037
1327,1579
305,1997
414,3392
3103,2297
1255,832
3600,866
3430,2293
2496,3310
4741,2016
2712,4496
3858,4460
337,4342
3561,1807
4092,3380
1408,3327
4650,3840
2411,2366
2040,4101
1414,187
2559,4564
2930,263
716,4585
2718,2244
3435,4602
179,147
1127,3862
2712,2765
2273,1854
3332,4365
2879,1863
3862,4960
3779,1932
1232,4727
1724,2495
4593,3320
2787,1084
2775,3197
44,4955
4835,831
4695,2807
2018,1634
3995,2148
3924,1447
2526,4953
3211,1292
569,1549
2568,88
1708,3107
2767,3925
3976,2243
1317,2567
2593,4544
2459,3719
782,3730
2595,301
2880,4761
314,354
4907,1150
3198,1117
4029,4491
1703,1079
3795,3837
681,3735
597,2969
1912,2209
342,4725
107,994
1086,1945
3978,1021
554,3421
4809,1676
1364,206
990,157
1125,4968
1285,2257
2609,247
3893,3932
1982,1989
1411,2870
1745,3568
3292,4854
266,4973
2741,4991
2862,1373
816,1191
4984,3426
1744,3882
3480,2158
3325,941
999,3549
1865,4018
804,4039
2429,4944
4971,3098
240,80
4192,3095
1533,1943
3489,459
1967,3403
4475,4333
3857,3721
28,4417
4989,3421
3030,3019
205,1386
2391,4333
3972,1582
36,4008
2778,2474
601,2503
2759,141
3987,711
184,3565
3819,2503
3800,1840
2690,1787
1050,897
2770,2992
4760,3241
2727,227
2092,378
2546,983
2160,648
4629,4796
4841,2516
3464,1885
1975,2515
4208,1748
1783,319
4030,4667
613,187
1924,3306
1361,2088
529,1601
2643,3812
3005,2742
1231,4172
4768,3384
1024,424
4350,3392
2857,846
76,4726
1995,1016
2972,3019
4561,1977
2292,4113
2305,1156
2941,1665
4527,9
2689,4143
732,3888
464,2684
4787,4772
4080,481
545,697
2407,1148
1298,4967
3547,1337
239,1241
4994,2032
4918,4384
4268,4794
2182,477
3473,404
266,3635
4691,2208
4491,3642
60,1453
968,2187
591,1031
933,1136
4975,4703
1833,3977
301,4723
4433,533
4469,256
1078,4377
1864,2651
4477,639
1447,4139
4436,3826
716,1479
1753,1021
3722,3648
1413,2897
2158,3697
1753,1192
326,1836
287,611
1768,2304
3259,1550
2197,3526
1702,4286
598,3213
3348,2252
2073,2738
1960,4727
3350,4220
897,2427
1627,2499
1695,1661
1732,4214
3175,1679
3233,1405
811,3311
1623,2144
288,4652
4,967
2326,258
4887,4298
4935,3636
3633,976
4615,1146
2625,4192
4625,261
526,3118
1903,3037
3686,3680
2244,2721
910,3425
2245,2365
1878,2932
4977,1450
3885,665
1537,1330
3859,3177
4646,387
4743,4408
4569,1984
485,3795
4853,1589
3853,4457
1317,2026
2779,1797
314,3314
3765,647
2369,4636
1296,4083
459,2923
1942,258
3487,2379
2212,2502
3335,886
1712,1758
1059,151
3200,831
2226,2898
3713,259
353,3482
25,2638
4283,61
269,500
4016,576
1993,1283
885,3281
3036,366
2819,1653
3446,3574
2718,438
2393,4406
3406,832
2864,2740
3238,2204
3747,4964
79,1556
2467,1658
1261,3749
1200,736
2970,2168
4092,2925
3987,3290
4671,1989
4157,362
293,2393
580,2953
2248,4235
1583,616
2567,2029
633,4393
3897,3455
522,4139
1699,1687
689,2145
3906,1199
3007,1536
2928,2784
1154,2330
1556,949
4711,911
3734,941
4204,4372
826,1120
1303,320
1320,3700
4568,3360
484,3876
1322,3148
3631,3796
4810,4142
1129,4902
120,2888
2321,1086
2904,4113
3897,691
4714,3163
1997,1449
1071,4342
3679,4352
4420,3916
2875,4718
1130,1207
4345,2772
3163,1875
813,4130
2728,878
1739,4941
3446,837
2692,3808
1839,3633
234,1095
3008,4796
390,3868
4122,1272
1386,1889
2590,3418
113,3442
4112,164
2864,4888
2348,4450
4368,4796
1872,3064
3628,1315
871,3224
2784,3245
428,3986
4983,2903
3029,3310
3858,2719
2249,4548
3642,2660
2245,2150
183,1220
363,140
4881,4446
2107,4497
4030,2164
471,18
1491,3085
4275,2415
305,1297
2021,4469
2318,4517
4329,3333
3089,937
2270,3593
2594,2014
4728,3723
4078,3521
843,1687
682,3781
2171,3492
1294,1806
4931,1889
4359,1116
4611,655
606,360
2092,2287
1885,437
4278,3515
1865,4817
507,2254
1502,4571
2680,1157
2469,3001
3566,2994
109,551
520,794
4604,4755
3367,777
88,1087
791,4712
2862,1900
3525,2682
3385,4030
1250,472
1433,3460
2301,1706
920,1195
905,3321
4066,3565
4474,3238
535,205
2339,4614
1700,2370
3824,204
1953,1202
3604,4969
915,734
4201,1881
1681,2948
4901,310
2452,402
2282,677
4416,205
1665,127
2590,2833
1486,1870
523,1617
1153,985
4238,4170
324,838
4639,112
954,4667
4010,430
3069,4625
476,3832
1483,2478
172,1728
40,1694
4099,1840
598,101
4497,2488
3389,3071
4659,2495
3347,4136
2029,3674
281,2746
2525,3355
3296,4887
4732,2117
1482,379
2804,886
897,2046
1075,1153
1403,2502
3042,3479
3881,99
4999,2394
694,1796
4217,4670
877,2243
3169,3600
3510,1751
723,2183
3637,3303
3237,2113
3298,664
4976,1864
3983,267
3549,51
2889,25
4185,2044
2228,980
3938,7
2938,2945
2226,3147
565,3611
3256,2200
4837,3044
1716,4952
805,2322
486,3607
2164,2252
1906,2319
3294,862
1064,4022
4230,1437
237,754
77,2758
3228,2948
2448,466
237,2063
2387,3798
1835,1944
1417,1220
3156,1838
2895,2165
4020,1306
4872,1028
3688,540
4504,105
4207,1917
2441,785
4582,3582
2702,735
2223,1886
4047,1400
3014,3342
935,1447
3603,3289
3836,246
4158,2697
351,1696
4326,2306
613,1822
4601,4762
4734,3536
1233,4400
1432,2228
3212,5000
3950,1272
955,3584
2013,3080
2148,2873
1184,2250
3665,626
4693,235
632,1433
4195,411
606,2593
1515,4974
2745,4069
2965,2189
3233,3288
2647,1705
1904,1501
2396,2855
1887,4712
1730,2925
2031,2287
4171,4464
1110,3001
265,1298
1046,399
2353,4995
2387,2163
1885,76
3101,1252
1922,699
1006,3642
2046,804
4084,4579
3870,3900
2392,2957
4110,3152
1198,4205
3539,1764
2116,4894
1104,2266
892,127
2563,478
3991,3268
2511,1413
1715,3926
4859,331
3473,102
3560,2609
1416,336
3227,993
2973,4891
4728,2641
3926,4022
1933,1313
2188,2937
4963,698
1923,4301
4953,1022
936,4459
985,4762
4910,3192
753,2378
2398,4062
2765,2688
3203,2300
1027,827
4695,2808
836,2947
44,4484
4513,2956
4703,1213
4405,2160
1757,2142
1695,2202
2014,1630
2950,4480
4482,3548
602,3641
886,1524
764,1195
4183,3467
4059,1994
2216,1339
1317,2360
1425,972
4782,3839
3811,4873
2478,4620
649,684
496,596
2637,295
2883,4674
3706,41
548,4267
2952,1524
2698,1131
2535,4430
1921,3408
2055,994
4632,3310
3850,1443
4362,1700
3898,1652
713,617
4415,4230
3721,2515
2366,3075
4586,2668
1584,2284
2379,3293
1971,4181
1174,1549
3946,1319
3017,1109
4586,2618
909,1545
2843,987
2386,1826
114,4106
3124,4776
2790,2060
994,4679
1227,452
4700,1008
2999,3226
3990,736
3677,1235
676,627
3692,2416
2050,2948
1376,2639
4911,4187
2191,2461
1159,2873
498,2631
3516,1815
2858,3254
3909,535
3931,1984
114,54
1308,1113
3371,2245
2112,3450
1768,1716
3572,597
1408,3398
4363,2793
2936,2895
3685,4118
4774,706
3430,3307
3369,2156
1948,3905
4036,1542
586,4046
3541,189
2112,521
1849,3621
2375,4486
3577,3185
3276,3334
1049,2708
3248,3784
1837,4784
1395,532
3326,4863
4932,3603
3679,270
1320,2100
1116,3615
1032,3328
3786,188
973,3626
3436,703
4164,682
2357,3864
3599,1361
4081,821
4436,4967
360,4147
452,407
936,3150
4189,4330
2556,431
4376,1325
1882,4734
3990,4657
4099,169
1415,1959
559,4799
370,942
2144,2693
938,663
1100,4019
3168,4392
653,116
2448,645
4856,700
559,752
1189,4423
2815,2071
1919,4811
510,582
466,10
3220,173
3654,2833
3150,56
3871,2793
654,546
4720,2333
1592,1575
617,1593
4230,5000
870,3383
2212,2933
594,2233
1487,1050
4726,1846
1759,3570
462,4534
1415,3613
4318,1486
1654,2401
311,696
4236,863
3125,701
3249,3982
1431,1902
937,3257
1802,2085
587,857
3766,4132
4988,4043
4270,1679
2174,2756
1386,1428
3250,2525
3589,3364
236,3167
3140,4074
1565,3793
3233,3291
3345,3137
2143,4291
2168,1668
4660,506
3363,1952
4889,4718
1008,564
70,2631
1814,4450
2402,2487
2581,1546
235,4710
3695,3048
4071,4026
2663,2090
4192,2277
4166,2894
2944,4702
2663,3386
1055,32
3005,3583
209,977
1843,309
3172,4826
615,3959
3094,4044
815,4939
3401,2741
564,1646
3890,4234
2558,3834
4805,1155
3352,3291
3230,704
4811,4643
639,2825
1232,2742
2089,3799
330,3338
2353,4334
4049,3314
1076,3470
4719,3065
3323,2796
714,759
3448,902
3497,2438
1346,1266
4009,3581
3514,2978
2488,2613
1101,3344
1678,1659
1957,3313
4511,4950
3082,3639
804,4482
2474,882
3218,214
1059,1560
2563,2425
318,3787
2674,680
2041,4013
2246,2475
32,221
3143,2125
3407,2721
690,820
4078,2760
703,1160
3863,1700
1651,2005
2771,1625
2925,1233
193,4548
282,3084
4132,412
2435,2952
4572,1527
286,1842
585,1355
3419,2680
440,3842
4182,2955
1385,2901
1533,2330
800,3004
4721,3707
1935,2337
3542,187
4836,1923
4671,1380
1730,3312
749,241
4003,1764
1620,1549
2128,1616
4393,3852
4837,3552
2378,505
1315,3274
3782,2666
599,1433
110,4587
1236,4154
2311,527
707,4439
614,832
2871,3534
2649,4011
4698,2701
2398,182
2333,658
1052,4991
4749,1485
2743,2820
2797,781
1393,3723
2076,4199
3400,38
4968,1450
1707,618
2859,1571
3816,1004
4111,695
4722,2524
4823,1730
2204,3754
3923,1552
2524,3947
387,4634
2817,4715
943,12
132,2323
1439,3678
1793,2979
4305,4270
4963,3003
844,3404
4480,3066
224,433
3287,4486
4215,4878
175,609
4767,2278
4722,4463
2968,122
537,1349
871,1937
748,2044
1517,219
4368,3003
1745,1816
1249,1757
2621,1188
2523,4046
2804,114
3515,1858
2735,2969
2192,4471
2591,2033
4200,1480
3554,3591
950,3936
2517,1175
4635,3755
1724,1110
2604,1860
4534,3971
1434,2609
423,2528
38,2645
1905,2519
3222,2901
1472,4143
114,3907
2799,2212
2990,3974
4034,4621
4746,3250
4760,4626
3202,1078
4597,3937
79,43
1394,4554
1139,4189
1332,4360
2137,3405
406,1634
3030,3046
2367,814
259,2856
4534,3269
2825,2882
3786,500
39,4970
3220,2354
2887,4612
4791,3090
4070,2610
3814,1311
3977,1047
2279,2178
3144,3883
1315,2178
3670,3067
3429,4883
4310,2683
3824,2490
89,3370
3371,2373
3833,1658
944,3993
1568,1389
2650,2427
2500,907
2001,3739
2791,4382
1257,2908
3064,2065
1322,4030
3559,388
2508,4539
594,48
127,852
1124,2528
2030,1102
3275,2285
1300,1428
1616,1872
2719,4867
3470,4327
2896,642
4790,3451
2271,4123
3155,2057
800,133
2248,145
549,1312
2329,544
914,1808
3337,900
548,4295
3855,2309
2923,38
3471,503
2057,772
122,979
1807,489
2482,4016
4437,3922
1309,276
738,366
2135,2355
2019,2591
4067,3810
670,830
86,2246
2309,710
2532,4085
3201,3067
2027,403
3779,2427
2675,1914
1909,1619
4123,832
3804,140
365,4425
2795,3275
2017,4555
3146,609
3218,2562
603,4268
2334,4130
3507,1310
4879,2909
1708,3042
1541,190
3299,4987
1831,4
3491,2199
1487,3947
1173,425
1429,2390
2384,4562
3652,4260
1878,2303
1922,1263
1724,214
4767,1880
2122,1951
1000,3513
3917,240
4089,814
4228,4667
3455,1190
271,2770
2166,477
2325,2689
2992,546
352,3675
4095,3476
3135,4981
3202,567
213,892
2863,4233
3870,2573
1275,3222
430,4878
1087,4530
4390,2693
323,4899
3193,1619
4512,4917
2869,483
4580,1880
2899,1969
2439,2557
289,4641
1563,797
1044,4789
2477,1717
2233,3458
4256,877
4970,3567
355,3018
2959,1443
2614,3716
3168,1873
4072,860
3344,967
4002,972
3240,3319
1604,1477
1408,1390
3109,271
2521,4145
758,1924
3275,512
2172,3323
3388,1013
4456,1032
720,729
3088,1072
4043,61
1449,1658
4964,217
1870,185
2775,3365
3161,2173
1604,3604
1958,1461
1868,3374
91,544
3677,2607
30,4188
1403,1574
4019,2875
446,4542
3588,148
4926,4110
2075,169
1738,2727
4151,3397
2686,3564
3494,1298
4860,49
2700,2227
2862,4852
288,159
3036,4345
3382,2266
3108,2581
854,2115
1947,1930
4712,1854
1953,29
4864,4510
4835,2055
2228,1996
48,4747
2853,2080
979,2003
342,2567
537,3121
3631,2632
4252,4136
3550,4532
2452,4447
3945,1366
2446,4069
3371,65
2534,3438
3175,3432
122,1339
3955,2915
3500,3141
1584,1346
2744,2760
2861,1731
3262,4727
3772,2864
1733,312
483,2910
3217,3480
4800,1025
1193,176
3600,819
4202,791
4816,3307
3451,4298
4838,3718
1537,3388
1701,1538
4417,2468
418,4868
4845,3019
2154,3567
4937,4656
3807,3051
1082,1192
1462,2792
1400,476
797,2162
1472,4094
3394,1754
4883,3559
3094,3148
2537,1531
1793,2641
79,4130
1375,231
173,525
1488,2308
2252,1837
3197,4044
4902,728
2605,4818
2194,426
4983,3225
4383,2106
2467,4374
995,1123
3189,495
3628,4796
3733,3090
4679,1244
2537,3561
3548,1760
488,3691
958,1268
2360,1867
1336,1821
3302,131
4848,953
4461,629
3090,3858
592,540
177,15
2718,3750
1083,3231
2405,3881
331,3190
4095,3627
1390,991
2594,3740
164,2331
3207,461
700,4466
1211,3501
278,4162
4573,4715
3445,3742
4746,1929
3236,3418
4659,2967
397,4026
1717,2584
2886,3253
47,2102
2801,2557
4530,3039
3796,2700
3015,4053
950,1639
2633,4843
1708,3157
4063,4961
2042,2959
4966,112
1543,2684
1756,1440
3393,1081
1197,3045
1525,520
3743,2049
1680,267
3812,2836
3465,355
2327,4587
2942,2403
639,2214
3417,3276
874,4414
805,1191
1115,464
2282,4127
1647,3892
2554,4381
576,1000
2373,3962
4498,2557
3242,1403
1989,1677
3135,1263
934,2346
2865,4020
2017,3973
3801,177
1948,2043
3641,124
1748,270
4836,2308
3142,2665
480,2446
3703,676
3139,3022
2331,3772
4037,2927
728,4979
3949,2383
1103,212
1172,4861
2075,4839
496,1395
83,3875
378,3733
3646,1923
3379,2892
4592,4476
1035,824
4115,3296
4990,3996
742,3308
413,4288
455,3137
3349,2816
3274,4875
2332,1069
1006,2953
1470,3474
938,2111
2354,1928
452,2749
2267,799
3590,1223
3684,1035
2318,4574
3427,2300
3982,3016
2846,3734
1579,3574
360,1494
2730,829
4604,2938
1680,1536
775,1294
3589,2911
3798,3725
814,3969
3330,3520
3691,3525
3948,887
3846,3730
1855,3008
1904,3559
2692,4978
1511,1734
4389,1388
1156,2820
3990,569
2299,2202
797,1
1103,189
4325,3451
2847,3657
1710,2299
4749,1582
1185,4883
2146,1671
1760,1472
250,1038
1504,1110
2235,2046
4717,2296
1872,177
849,274
2154,2915
4159,4266
2237,63
2334,2398
651,2267
4582,467
372,146
3391,4924
2025,3490
3131,1715
2163,3319
2982,4835
4836,3136
2284,556
469,228
1148,4078
1373,4108
3995,2034
4526,1952
1911,965
2017,2385
1817,4095
3762,2571
2507,542
3349,2141
3296,3749
1686,2489
3673,1427
1547,1512
736,4802
2423,4513
1865,2533
4262,849
375,3495
1702,4648
1989,2885
2515,89
2206,3078
1490,3068
3273,1422
4333,535
4118,2037
2375,3159
510,3032
4523,2270
2265,2075
3906,2221
271,3536
3465,4842
351,673
2291,4842
1434,3980
791,2262
4188,2200
2812,3526
3784,2008
2495,495
1568,3451
3914,1214
1395,4935
1439,4749
2447,3020
2263,1649
4511,4195
3024,1518
4179,3458
4595,1726
852,3626
1840,1295
3805,1983
4288,264
813,702
2800,119
3509,448
2161,4829
3580,3661
4790,2368
3662,2193
4153,573
4909,4005
4708,2902
2065,2370
1096,242
280,1838
2112,4616
3384,3188
3181,2619
3877,1602
212,2253
2462,3064
494,2644
1032,453
747,229
2432,3385
4094,907
4369,3517
174,2463
3587,99
3277,4250
2168,1948
3908,3298
1321,251
4611,4963
2481,2808
4778,525
2042,3238
3402,4478
802,3404
4180,4457
3309,1280
3099,71
2451,959
12,4685
3559,2565
4550,4179
2675,1407
2893,3995
3948,1871
493,4458
49,2179
1177,4539
1235,3016
2420,1432
599,3557
3814,4695
3021,2817
3958,2010
1304,4876
1962,422
182,59
4678,3940
1288,3125
3119,2954
4873,1670
1643,65
4804,4289
233,2786
4244,2894
473,3196
2677,667
4860,2289
4321,104
4385,1054
2883,3988
2710,3135
3598,4653
3892,3357
1194,1899
2026,3161
678,2939
279,1362
2408,4775
794,3541
4558,2262
2238,2996
2763,4146
4646,592
566,296
3251,3399
4978,3330
2224,3246
4354,1214
4929,936
1749,907
1846,2358
2279,1118
4096,1314
947,3708
3805,1908
2206,23
2967,3666
1971,1760
1827,3180
3702,4258
2192,3502
3735,2096
781,3598
4159,4650
457,1526
1094,4401
1001,3634
2753,1700
2526,1357
1013,2411
3694,3050
4310,197
471,4572
3488,2009
2417,3635
4351,2426
3918,6
1002,4736
2389,659
1012,1590
2481,1269
569,1925
3917,2205
4826,1156
4415,4991
1486,2258
1707,4342
728,3056
1008,4520
4760,1403
705,2741
1446,3868
2231,4095
2353,2285
1094,778
2649,4159
2116,3756
2072,2923
3570,702
4851,1505
2018,4941
4116,3606
2675,1702
2950,3226
2809,1007
4427,530
2680,534
4443,3361
4766,599
3013,2213
1901,3533
2679,3388
2460,2198
3766,1246
4073,482
2049,4308
1638,2484
4032,1804
4504,1056
3799,4919
624,3914
4791,1446
711,409
1410,3281
4225,1012
4401,4738
4282,291
1183,4226
1130,2065
3851,2798
3835,804
3526,3570
1569,2693
368,2
3468,1558
3344,991
3208,3538
994,2619
1966,32
4735,2699
1460,2117
605,353
4706,2049
1310,1586
222,4370
164,2958
2194,3306
627,383
4737,1702
2081,2646
1117,1334
2479,2191
3622,1249
1701,1755
2419,3015
355,451
1611,388
1502,1473
2477,3111
4353,662
3648,3414
113,4335
659,4645
2518,3149
1305,4110
3829,3057
306,4311
3165,1647
3390,4304
3324,3168
4207,3584
1665,889
703,1883
3769,1129
4445,3057
3612,932
1905,2139
1307,3656
4270,3037
1165,3536
3853,1539
1998,1050
1281,3748
2864,1736
4367,845
4671,1290
2493,2026
1295,871
4439,4760
1836,2735
2651,114
4099,1471
1784,1491
170,2677
368,130
536,1776
106,1651
3208,4335
3990,2022
4754,722
1298,3811
559,1230
3378,4214
2358,2866
248,153
3782,4791
255,1721
1667,4927
1796,4972
4068,2912
4765,1899
1840,28
3939,3036
1551,4419
894,4824
3149,3790
318,3028
3739,3437
2418,2257
2988,1008
373,4119
4777,896
1476,2774
2067,2808
2757,3272
3459,641
1072,4756
18,3566
1680,4504
2403,1173
2131,762
497,2425
1350,2751
3967,3160
738,3127
101,3953
2318,2645
3472,3673
357,1186
1786,1063
3458,1157
3208,1486
4618,4610
4803,4956
1091,2883
4129,280
1868,4889
718,943
691,3289
740,320
2955,1749
3806,1312
119,274
3727,2841
1590,258
4061,3015
3013,4091
4992,3463
1566,3008
2504,2962
3038,315
2496,4832
3227,423
3743,2488
1478,784
4446,3574
3649,807
594,1841
2063,2301
4146,1914
4200,3543
2347,3614
1913,147
2724,1312
3133,2694
1846,1382
635,3422
4083,284
173,2518
1596,2599
2452,1067
1803,3312
1121,3226
4281,3067
3606,3722
4556,3812
4443,1444
4948,3094
4917,4139
1743,2085
3814,1533
98,4139
3717,3259
2121,971
2308,3018
1586,3990
40,1842
918,2552
4878,1555
2825,3648
4087,29
751,3875
4754,2598
4867,1332
3270,4043
2113,232
454,4214
1232,4024
1511,259
256,682
4460,4631
1728,492
2719,916
4793,346
1462,2195
297,1770
1484,4990
1848,3771
3451,3565
1546,4533
781,3874
186,1945
4463,4114
3330,920
3167,1041
2827,4269
3559,322
1026,4256
3610,564
4201,2028
136,2044
2168,1999
4855,698
597,4939
586,1962
3507,829
3261,1744
3073,648
3054,4339
4713,4827
4123,247
2969,326
4536,2456
28,3294
2553,4936
2817,4150
3151,4821
4463,277
541,4565
2347,3938
4135,1429
33,277
2199,1474
3152,1806
1528,2146
1133,4779
4973,2394
1313,2267
3857,199
2808,2304
2923,757
4379,1032
499,4787
2561,1326
899,1802
2957,531
1638,3692
2287,1614
4837,466
2854,1393
4732,2330
1928,4492
4828,2489
3672,4896
1686,3011
156,270
3599,267
804,3119
4483,3494
457,1667
3602,1255
1325,2027
1042,4254
562,3487
1711,4976
4292,3905
3390,2543
4138,68
1952,1320
4090,1552
364,3223
4729,2488
1367,1807
3521,4824
1767,14
4129,1785
750,762
1706,699
464,2136
2098,2778
909,4998
2060,4946
460,2861
920,268
3261,2931
3811,1237
2007,2660
2892,3755
551,1364
3046,716
2817,1471
1788,1881
3454,296
317,2037
3283,206
2412,2135
262,4397
1520,1877
1358,335
3222,2622
221,4791
162,3593
3215,1399
3169,3023
3605,3563
407,2450
3276,2467
4849,2311
1032,1172
1255,4213
277,1093
3315,1152
471,4661
2641,2221
3212,1874
2807,195
4343,3071
4582,1658
1646,3131
4263,2221
4477,1299
3032,4642
2669,1105
778,716
2827,4446
4847,3628
765,2788
3045,39
2520,590
3373,3227
2236,4283
4514,4805
3151,4822
703,1754
411,1966
2361,4245
2495,2743
792,2966
680,3014
1556,2957
1836,2933
1849,3620
2630,1101
4332,3986
1192,4821
4594,4665
4307,1359
4525,2778
1981,2476
3805,4367
1116,1339
1554,857
1439,1995
1076,2247
2791,1792
2938,1326
2083,388
4298,3223
267,2020
4564,3330
4056,1168
1251,2274
1853,3578
988,4014
3877,4948
2977,4342
4709,1540
4860,1870
4300,4819
2312,2957
4548,2066
4471,3366
3222,2032
299,1045
975,341
3046,2251
3100,3004
1958,4485
410,4652
687,4579
983,1393
4023,2587
2843,2291
3575,92
2093,2571
4691,2238
3187,4020
2348,3711
1309,2541
490,520
3383,2162
29,3639
1471,1032
4245,990
846,4353
3555,1957
1566,2508
1417,1269
4974,1711
110,4717
362,4042
2121,4138
2622,3901
2920,2756
2495,1785
2143,4666
142,1262
2029,2977
3498,1618
3362,4834
990,3975
1095,1839
4229,466
4290,500
723,151
2499,2201
4813,353
1329,68
3651,2372
4855,3996
3401,2852
2735,1289
1930,2952
2503,4569
2565,3987
3118,3263
2210,1317
3586,1284
3853,2244
4524,4344
389,4085
1636,3968
1786,2132
1500,3883
1596,4844
2810,3458
2672,2060
2675,2635
2800,1605
2677,2487
3026,4490
836,1147
3612,2487
4957,2472
4056,1253
3206,2934
1864,3697
3813,3830
2542,4933
447,2266
3818,2283
3223,4704
3571,1283
2787,191
3633,1635
3914,3522
4862,3699
1661,4029
4670,347
470,2949
2150,4100
2246,4179
3742,4286
4342,4874
2754,980
3984,2255
4378,3205
3096,850
2513,1826
1267,1778
2164,1109
1647,4689
4364,4483
886,1659
1141,802
3971,796
3766,1683
4339,2388
494,2433
1594,2882
165,3406
1115,2617
4833,1120
649,2892
4522,4563
1655,3173
1951,1387
2372,1930
1168,4493
4996,2898
2173,1384
59,4355
2622,1227
4114,4962
4091,616
4388,3112
654,1650
4893,1895
4545,558
580,1205
807,4216
2434,2254
29,2695
3635,4722
3894,630
4574,1718
879,783
4465,372
2960,2891
3431,659
4649,3396
2704,527
4129,1402
4245,2271
2606,1228
1135,2477
1972,2195
4190,3959
2208,3475
3440,947
161,497
3408,1606
237,3953
1576,1180
2370,3749
2836,2497
2237,325
884,2096
2474,11
1132,2365
306,2442
589,528
3969,2413
3814,4216
736,4210
300,4744
1929,2850
3025,1084
4968,3176
3494,1349
1391,301
1999,914
375,823
4589,3829
4322,1746
2746,3509
3656,218
3985,3852
2782,2329
884,1408
4681,473
2637,4212
4093,4918
1257,2662
2742,4833
3917,1448
1018,2699
4766,4143
3833,237
3945,1697
2722,921
4796,1273
456,47
840,266
2519,862
3370,1252
2339,1471
3560,3640
1128,4784
3367,2969
2380,2282
4082,2515
2504,4080
3126,1928
1299,2409
4445,1112
1220,277
3236,3081
3566,1881
2215,3964
3188,4380
1527,691
1019,2452
281,244
868,1707
2770,3710
889,2713
1422,2380
510,4669
2784,3300
4483,4502
4647,3916
2851,1107
2756,3585
2705,1484
74,1843
1838,3651
3782,2038
4400,3656
3360,1473
2244,570
3044,3607
3060,3950
3612,542
3185,1266
4471,970
4764,2789
1213,1698
3570,801
2762,2819
4795,4200
2964,1626
2517,591
1570,3858
1391,2261
4929,4846
3109,2573
2934,4658
1140,3490
1054,4122
843,4240
1662,2985
3844,3985
3160,3736
539,384
11,4523
920,2176
727,4377
2873,3805
2237,976
3366,3528
3286,1480
99,4054
250,914
3410,4541
651,4584
1676,4476
969,3941
1868,1687
1337,2516
4515,4555
711,3387
4470,4058
2366,1906
3523,2837
2511,3515
247,793
4869,1301
375,2324
3992,3472
4692,4720
1961,2461
2729,3503
2639,2222
2384,1834
4970,3913
2982,4134
4379,4859
528,1699
1222,2823
1340,1086
1088,1871
3079,1413
2499,3947
637,1202
1563,4159
3654,4567
2786,513
583,2496
2230,99
4368,189
325,2887
1784,2585
658,2152
3561,978
4070,2224
4543,652
794,3620
1401,4980
3675,3421
1781,4697
4519,1138
4695,1563
1182,3022
2542,4277
1660,4449
2513,3339
4296,4265
795,3400
729,2785
4825,3720
4405,777
510,1276
33,1971
4970,1496
3201,674
1695,1957
1198,20
4464,2166
3036,2786
48,4748
2153,1187
1800,3465
605,3064
1039,4733
4073,2994
2393,2582
1829,3328
1027,908
586,1096
2185,3588
1515,3107
1921,1182
2489,382
613,2374
1614,4740
3906,536
1487,376
4403,1798
6,1139
1714,452
2397,3872
1937,2169
1770,3133
4642,3621
3211,1440
2040,2013
1235,3971
656,164
1601,719
1734,52
459,520
3694,244
1435,3252
1113,4812
4822,4323
1022,2568
1236,496
2693,3129
99,214
743,3527
167,3864
1149,4319
793,476
3607,3233
32,773
2218,1819
1039,2233
1046,4040
4465,3196
4092,268
4503,217
1230,325
3954,408
352,606
2523,2995
3212,2168
1928,4079
2618,4890
3844,1289
3882,1143
2378,3107
278,4379
1357,3868
3864,3539
3035,2078
4437,4890
4651,46
287,2534
2436,900
1519,4616
4132,4188
2479,2867
3082,4078
99,2085
1711,4846
3865,2309
4995,4217
2966,3015
4651,3676
3337,1671
191,4352
1499,3715
1005,1769
2343,4654
366,4312
2606,753
1994,849
2363,3382
1983,2586
176,4545
3321,1621
2016,3734
3426,2774
1032,968
3075,1317
1362,423
1456,1547
2466,625
1907,1964
637,131
4319,1651
2557,1745
4958,938
3774,2846
905,478
285,4819
1088,4880
2725,2126
4437,1151
1683,1438
4212,1852
76,2814
1422,4628
1427,2666
4376,2403
608,4547
3099,1178
3351,2846
4922,1549
2090,2947
764,4536
4523,1822
2170,4005
3108,4773
4558,2857
1672,3356
3745,1927
685,1286
925,793
2070,1155
570,4930
2448,1132
4394,1642
1998,3473
3020,1216
1563,2860
870,2308
1340,4422
3122,4306
1368,3969
2691,920
38,3277
1975,4063
4009,3496
2145,3100
2332,2917
329,49
490,64
3565,2104
1383,1610
1762,3025
342,3937
3948,4548
200,3774
4992,4055
2190,891
2316,3117
3888,2483
821,802
3421,1274
4277,2140
370,3152
4720,384
4033,3745
4804,480
2332,4970
2986,3675
3601,2774
1405,1823
831,3244
412,344
4337,461
3372,4209
1335,520
1322,4680
2308,2534
1279,4869
1104,804
1347,877
3434,2255
1322,2892
4194,2458
1919,1027
2278,1117
3995,2745
2158,2032
3955,4743
3284,1610
4395,1191
2569,253
2498,4786
2669,3840
2326,325
779,3399
4848,2004
4574,2086
1345,390
214,3541
2856,678
295,1614
1722,3552
3909,1530
605,951
1636,580
3932,3512
3232,3876
258,3996
4022,3108
2331,2260
482,2425
421,2944
1406,4378
2434,3579
3555,1491
1889,2019
969,3127
1032,2102
3034,2090
4690,3015
4261,3922
4450,2267
2936,2688
2371,4444
4888,2305
2530,2138
1656,1857
4653,526
3371,2866
4577,1983
4918,4073
1579,3806
3640,1748
3597,374
4735,4647
1152,4375
53,728
1472,2551
3192,3332
2095,876
1483,4712
4031,4854
581,1646
3239,539
1732,2033
310,2488
1607,3161
1303,606
2954,2717
3543,316
552,2141
4677,2776
1389,1899
3399,3569
1253,4750
4315,3
424,1567
611,2125
794,1053
2384,365
319,1637
3897,407
3299,77
660,2234
3757,315
40,3886
50,1775
3859,519
2408,2577
2887,4897
2088,357
626,3217
3422,175
1382,3292
4771,309
682,4224
1747,3232
796,4637
2916,171
2936,4704
634,1496
2815,3071
1765,3757
4752,668
3553,3208
1021,4827
396,1785
4806,3764
3272,3096
1701,2835
1046,777
1460,1627
2017,2259
1740,4622
3534,4933
4800,3964
801,2012
1217,791
1483,3703
1961,68
2924,1597
198,2984
1020,2447
3205,1154
875,2265
942,1904
16,1528
1776,2817
3010,1486
1439,3053
1166,3073
1379,4369
3692,4177
1722,1842
4866,3216
3410,1668
4363,2163
2242,2659
4666,1457
3358,874
603,3762
2577,2201
1713,4890
504,1071
416,1786
4508,3199
287,1022
1074,477
1377,3395
4698,3920
4602,1580
795,4853
3419,467
4718,584
4731,3515
2820,3038
2232,4704
3127,2097
1133,1400
1377,2111
1823,3624
1589,890
2764,3732
2453,2734
3148,1909
3763,4997
4676,2241
203,3461
4930,3811
654,4952
2291,4732
4750,3397
3356,4772
1835,1289
3448,4840
4015,4346
4837,3340
3976,3355
1942,4323
918,3830
673,1729
2914,4751
1878,113
2446,738
839,3448
4233,1211
1880,3281
141,4258
1035,4449
2381,14
2661,3524
3352,3416
4998,2242
4604,2518
4681,3610
226,1031
4519,1533
647,2424
1168,4165
342,2407
1908,516
3630,2735
69,3778
3548,428
4060,476
2203,3961
1769,2860
327,2592
2865,2971
1536,4540
2010,1684
1903,1721
3837,2445
3767,1339
3715,4544
4053,3416
3906,274
1464,2367
1283,1017
3916,4355
3065,2712
1930,2788
1240,21
2594,1193
3431,3928
71,3891
571,773
1661,4131
1023,1025
2194,2493
2391,2532
1322,1528
1122,3723
706,4432
1391,2813
2290,405
2284,927
197,4048
753,4622
4781,4533
916,2542
3791,101
4271,3215
4798,4
407,1389
2642,1203
2801,4805
4445,2005
3021,1735
1879,3372
2519,1059
1499,3955
2350,798
3592,3741
2082,2693
2067,3338
1460,25
124,4313
4589,86
765,236
4240,3051
3096,3651
960,1021
4128,148
1451,4681
2878,2983
3560,4593
2928,1051
1173,3566
3010,946
3487,3717
1986,768
2856,774
3406,1979
2972,157
1334,1669
4655,2257
4732,4614
4291,2218
4445,607
4350,4729
2046,4073
2841,1456
282,1843
599,3910
3257,2376
4873,2641
2609,4157
4597,3225
2507,1161
654,4380
3894,3050
1673,1806
4865,319
1251,2425
4914,602
1118,1180
1056,4730
1319,176
4756,827
2569,953
4934,2241
4915,174
2861,1725
4523,4376
3577,873
4547,2733
164,2878
1302,4386
2650,378
4591,3270
4908,110
1488,1485
3009,2007
2505,2481
2533,3851
1251,3825
866,4450
1599,807
4970,4547
807,2472
3035,4046
4214,1351
4290,457
3590,14
2018,1221
3233,1745
392,2704
3600,2163
4451,991
3185,4657
4540,1489
2390,3926
3206,4480
3314,4018
2371,4200
3110,1805
1647,1682
2276,4849
1823,2600
2125,3667
3386,2128
4064,1240
4207,4561
1442,3720
782,3495
4242,1340
4496,4400
3281,472
4544,105
1904,643
927,446
2217,3217
259,2884
1073,2451
4638,1732
649,3608
3657,4604
1877,340
4948,187
268,3220
1624,683
2669,2212
2726,2832
4608,4283
1992,3373
3706,1376
3369,1997
198,1729
795,4601
229,4195
3286,4252
303,3465
1511,581
396,2027
1096,700
26,3242
2726,1102
3864,3674
2747,4925
4791,2080
3422,2582
4607,176
3028,1284
3798,3733
1851,4901
722,3562
961,3927
2725,689
1038,1839
6,4164
81,356
4129,2118
910,1902
547,1610
1966,3
3146,4850
4580,4434
1159,1624
359,4909
4212,2428
1641,2397
4590,687
1291,1237
1547,1876
1996,2296
2286,307
3050,379
182,4475
930,4784
1546,4786
647,560
2591,2065
1325,2932
808,3467
1627,2108
2250,1425
4418,1322
3933,2924
3719,3386
2646,1506
3173,40
3411,4398
635,1935
2679,449
1933,3133
3364,2990
4298,1562
4503,919
508,4904
3306,3175
1884,1652
3456,501
1086,3841
2429,2372
3905,2645
2016,3127
166,1758
2122,4096
4681,4068
2538,1281
3577,3849
4245,3479
3422,902
4896,902
3095,267
3307,2319
432,489
2406,1444
1010,3377
3457,3694
4260,1750
2798,561
2703,771
2883,4680
4786,1543
4934,2366
2556,1463
4506,3781
360,1944
3219,4546
3307,1344
255,3409
3439,4014
4131,2560
3665,921
4107,1484
4032,4618
1906,1332
222,1771
4091,266
1120,2481
2011,2557
1405,1681
2003,961
4135,3696
4302,3349
6,4513
745,3326
2079,3855
4609,3840
2943,4111
3137,613
4493,984
3224,2729
731,4237
2626,2451
1585,976
1323,1848
3174,3417
3769,4736
2590,1630
1527,2226
4070,385
1962,695
2738,4768
4177,4164
1125,1296
3220,979
4894,850
4153,48
1597,815
3731,217
1415,949
3663,1585
477,1623
3994,2527
1154,3262
3284,3068
866,4377
4099,472
128,2026
1519,193
2469,637
2214,4739
3855,4149
40,124
3322,2031
4944,4149
3590,2550
3108,2437
1806,190
531,862
2744,2440
1600,912
3993,2109
2488,2284
1767,1408
1728,1928
3865,2683
3089,2645
4619,3325
3219,3170
4464,2540
1303,1277
354,1226
2744,2830
1002,1791
4703,4261
1475,1513
1144,4852
2015,376
2290,3818
1831,4339
1584,3496
496,1985
2699,1905
513,2253
4060,2754
4058,3258
4774,1267
2096,697
383,1499
1590,879
2289,1203
1379,598
1451,2806
1861,1525
3637,1306
1608,4506
4035,1189
2810,3087
4748,3158
349,3258
3305,3510
1699,1114
3831,1052
1020,3097
1482,1499
323,673
969,692
2503,1143
1695,4673
483,1291
4524,505
4360,757
751,898
237,1855
3611,4473
3356,4616
4850,479
3868,4919
897,2251
1947,3633
3974,694
1221,4805
4365,1371
1838,1319
4796,1686
3671,4222
661,2868
2576,987
4568,82
1973,1111
2622,1082
37,3865
3950,535
4494,1304
1627,2801
2357,3453
2706,125
2528,1552
2743,858
4748,3921
3154,431
2141,2157
653,155
1249,2977
2313,379
2490,4606
3908,4340
525,3324
486,1538
1557,4191
2426,4052
90,1260
1778,3133
3371,3957
2152,2522
4681,3758
41,3425
1296,2755
4135,4572
3454,748
76,1366
3179,4530
757,248
1306,4148
1731,2695
4758,3408
3443,3273
1226,794
2181,4292
711,3686
184,4126
2923,4738
3651,2999
2515,1249
4773,329
2719,4948
3904,2844
1783,3603
4734,4979
3219,702
3296,3142
533,4504
4703,3281
3980,1639
4824,3936
1391,2345
4973,1690
3553,838
3132,1025
2666,1407
599,1695
3522,763
1843,369
999,3691
1716,3841
4718,2565
1085,3099
1281,2834
1243,1847
1593,1584
3608,2757
240,2908
1808,1573
2775,430
2135,1044
3287,4166
1854,4964
4247,4179
1731,4370
3536,3365
3046,1135
1287,1827
2768,4355
1781,3352
2325,1026
1457,264
1350,319
574,4071
1421,3939
3300,3634
175,4355
820,3807
676,4763
1784,2842
3395,326
4430,3953
4862,559
1882,91
985,1187
1740,4471
1195,672
1867,2464
2960,2430
4086,1489
2808,3707
3137,3445
3311,287
592,876
3448,3786
2855,3448
3241,4027
2167,2409
4127,4087
1485,2921
4876,4585
2899,514
4049,417
1853,2196
4266,540
2425,1824
2106,1935
2980,1909
3994,1484
2636,783
850,670
1682,2702
3461,4577
944,2714
3421,3234
3044,2794
1504,3788
2704,1549
160,1575
4498,141
4795,4500
2580,4637
1870,3729
3040,2162
105,1731
394,2610
1924,3325
143,1262
148,1961
937,1636
4835,1218
440,1186
4600,3985
758,824
3736,3296
3381,1097
2165,1212
484,4181
437,1756
3204,4334
1351,2170
707,2836
1257,4489
1967,4777
1582,2349
4384,1626
1218,2774
174,1851
1363,3374
1602,3427
1913,325
817,4841
4959,762
1072,4515
3662,3515
4829,3090
743,2908
4193,3932
2373,646
301,4193
4267,3262
1149,384
4587,4114
372,682
566,34
3860,3792
828,2421
218,1999
927,2939
658,3085
3186,4141
1995,3160
3075,64
826,3225
3149,2394
403,4355
3204,3427
209,4559
1485,465
2434,4432
4931,269
4861,1408
3597,2222
700,3254
3348,173
4416,18
3658,2895
3730,1983
3639,4122
3885,3841
3703,1238
1628,2026
1112,2825
4147,1168
4509,883
166,4935
512,4160
1953,628
1324,694
3072,3213
2707,1815
2975,2171
1931,2698
4143,918
2411,408
309,738
4089,3734
1771,723
395,2230
2621,2079
66,1521
3147,253
96,4512
1985,921
1591,2946
4728,531
235,4748
1687,4154
4450,1161
2454,1107
1313,2812
3475,1918
3263,4710
4939,2159
2898,2900
1810,3903
1360,133
4376,1260
1944,1365
4063,4766
962,1704
1209,3179
79,3372
3338,4884
1072,550
331,1716
4452,2048
3639,1491
2608,4063
3475,3898
3947,1369
630,3446
2334,4040
4020,524
2704,4557
1450,3918
1701,1812
4943,1122
3417,4614
3055,4939
232,2811
3860,2819
1768,3768
4672,804
2206,1554
1768,916
4780,2203
881,4558
4116,2715
3077,3272
2470,3765
4370,3305
852,4011
1974,158
4388,4477
4608,687
4105,3144
4797,853
1914,391
1072,1821
1654,4246
1704,2847
3556,1389
3747,1947
766,2985
433,4400
4482,4779
3024,2484
1076,3359
3948,2852
2076,4013
4497,2960
407,2658
1704,2803
1986,2448
335,1871
619,3485
3468,3743
1419,590
1319,1678
2804,4305
1171,1465
3054,2260
992,3318
1544,1591
4998,4075
2146,3836
2155,878
194,2453
4983,2811
4991,751
1325,1790
758,3076
4304,1052
3396,3567
3183,2074
4843,2324
2551,4383
3617,551
4066,2648
3781,4878
2367,2353
2904,2214
2628,2107
1912,2883
4417,4290
1477,2126
4991,3679
3336,706
2340,2651
569,2380
75,1223
4880,2489
1431,114
1394,2499
56,3876
4489,1046
6,3803
368,2241
3015,4867
4249,1833
1310,2170
1607,4804
3788,3808
4182,1320
4998,1401
3511,1785
718,2901
1570,4377
2291,2663
4516,550
4856,779
1323,4297
4021,4655
4855,863
4638,3540
3892,2769
583,3964
4627,4511
3040,2152
4855,2607
4145,4790
126,298
610,4615
2426,4198
3096,3314
2716,1614
3292,1149
2442,2292
3039,884
2252,3228
409,4316
3034,1663
354,912
1396,706
3711,1601
2275,408
2214,2277
4918,4775
4224,917
1632,3143
58,3980
712,217
4268,3864
3907,1733
3212,2345
630,1393
219,2457
1911,1511
1195,4931
2564,399
3763,1963
4036,1620
2450,924
1639,945
635,4836
4219,4996
715,4117
1687,2090
4187,3158
1353,418
1133,843
984,68
1547,3758
3258,3804
3084,560
4552,1558
2696,1052
2696,4352
4766,615
676,1586
1129,1767
4890,4035
4757,3835
1885,427
267,759
4642,4951
4117,398
3557,1899
4435,1451
1672,2850
4372,2306
1808,2160
937,1793
360,3527
1998,3760
4960,755
4735,3530
1273,2308
1574,3254
4521,3739
2675,123
4055,1642
795,3864
2011,1353
2746,1147
2986,2620
568,2311
4964,2075
2627,152
987,4331
2297,2012
2215,3891
1500,618
3968,1908
4421,1130
66,2523
3360,4630
4934,178
260,1059
876,3354
2759,4813
4691,1595
1529,4898
4125,372
181,2438
3930,2053
3022,4081
1109,3370
4758,1423
403,1149
618,932
2685,1867
4351,2888
2587,4945
851,2782
371,1984
1067,2243
4511,3735
4171,2924
403,2589
3028,543
2778,3716
1688,4481
3267,137
1773,3058
410,2720
4363,3851
3163,1790
1280,4898
3986,3907
3057,4253
3804,4980
4873,3721
4939,338
1213,2456
3624,3601
4057,2326
1899,2912
107,176
4714,3819
3663,2340
1181,2976
965,26
4130,569
2232,2405
4017,1425
3574,3482
2286,4248
3181,3711
4867,2205
4059,3002
2536,2619
1423,4475
3205,4380
3186,3782
1150,3918
13,3968
2623,2503
2867,3496
1137,4520
1183,2057
4916,362
1889,2741
538,4067
4665,4003
991,1685
3987,2138
2951,1263
2493,4017
1418,805
3193,2667
566,96
36,3287
3885,2223
1085,3588
4845,3307
3039,4707
4621,2401
1778,885
1580,1545
4272,1940
1315,4645
3122,2532
1544,1826
3444,1387
4352,1152
3221,2967
2526,3386
3517,4799
1965,2409
3240,2317
3279,733
779,1459
3448,483
1346,2917
4230,4757
885,4144
2080,534
1157,296
2395,4314
1851,834
1148,4586
833,606
2616,2439
4575,4437
3472,2380
4683,570
1998,2232
2456,3908
3835,1539
4693,3925
2900,2831
1645,2845
2009,3933
3369,320
3419,16
4945,2078
1445,1540
1827,1374
2986,3731
4213,306
3558,2098
2530,2555
2624,1718
949,1462
3740,4263
3362,2672
489,4831
1006,268
2894,1670
4301,1689
70,1855
2562,1037
4764,1244
4793,3107
4054,4623
3089,89
2546,323
3138,4946
2398,3578
2168,769
2126,3080
2099,1407
4762,2019
2798,1263
659,4319
4855,135
1219,3586
3715,4572
1367,4075
944,167
2326,1442
3283,2936
3065,2476
1715,2607
990,4570
380,277
4417,2892
4148,2322
2135,3110
3241,4991
289,2993
2206,3351
2283,1545
985,2644
2642,2275
11,1259
1813,1279
3192,3750
4745,2960
200,3867
1329,405
2108,4057
2271,64
2081,2436
4302,4109
4408,4983
3031,1527
1122,561
3544,3053
1990,2744
2477,4809
2440,4228
4397,3826
2971,2882
4910,4974
3850,4340
2553,4033
1787,2082
4292,2988
74,3971
3830,4717
1789,3876
1010,2298
3162,577
4842,4857
672,252
1045,1982
4029,3626
1342,2483
2567,4784
154,1578
3708,4719
199,2075
4767,4281
2196,1849
896,1409
4302,3557
3562,4918
4024,2850
1026,827
2451,3702
2570,1508
3730,4012
1558,4801
4797,3850
1713,975
2268,3178
4571,4075
2098,1753
1836,1662
2390,2215
3692,973
3847,4658
2619,298
3491,1948
1162,629
643,4305
2483,4377
787,1591
111,3866
367,959
4536,2626
1225,4692
3611,2348
3477,2282
4382,4447
2051,1785
2258,717
3077,4929
3575,3818
3038,3361
4997,3657
2283,1056
536,417
3189,1495
2957,4454
3992,1865
3723,2146
1271,2729
1327,1594
897,1378
1573,2771
379,3504
3858,1644
2199,4329
993,4571
363,2138
458,534
1823,1644
1923,83
1352,163
170,3183
3019,3720
147,2290
4853,920
319,1139
1891,2758
3852,1562
4797,4269
2771,4307
3934,719
181,3547
2629,2871
2857,4852
2034,3781
3729,3336
668,4291
2327,1654
784,84
2911,1828
1767,769
2565,2170
1893,202
4182,1506
276,2900
1846,1561
1591,1753
1481,894
1098,165
3860,429
3967,2239
1439,3652
395,4457
1147,3700
1676,3304
4951,3939
2371,1693
2389,4087
1171,4142
3186,2632
557,2488
1993,1208
4716,2047
2658,2398
3070,4050
2302,2808
2714,1657
4543,4918
3818,1822
4119,911
2695,3539
3368,3743
4366,506
720,2749
2407,315
121,3304
1363,4756
4134,4428
2740,1936
2144,3804
4677,3078
476,2014
3304,4488
3105,2681
2351,788
4664,177
594,3867
824,4436
2893,3687
3006,2891
2018,266
1220,367
1993,1521
4680,257
1051,2969
4508,2226
2992,2284
3921,2465
3236,1287
3675,4711
2870,679
1945,2949
4375,108
4400,1112
2619,2470
600,3710
3215,305
2167,2103
4539,3546
2103,1826
2811,2787
1,379
3092,2741
1628,4255
3848,355
459,4279
2888,1511
1915,2865
3722,4002
2872,2043
1075,500
2017,298
1191,3508
413,3198
4944,3029
997,4966
351,2847
1222,2336
4638,4723
855,4079
2410,4590
1498,2742
1576,3283
4844,3776
4916,2603
2946,4742
4316,2422
3688,2852
2671,4708
2862,1393
4362,5000
3688,3811
2213,2822
2422,3666
2133,2412
2159,2318
3088,4275
1133,4355
4414,4444
3795,765
794,658
3563,497
1031,3404
1290,1973
302,3545
4493,2459
4026,4948
1866,3610
1145,1082
4358,4976
814,3302
285,3539
2657,2142
1603,1705
56,2378
4334,873
2109,4378
797,2790
4989,4380
858,3602
1112,1981
4676,3495
3658,568
4226,154
3513,1987
19,839
2811,4337
1018,1834
3664,787
2858,1644
2554,2456
4077,434
2319,4862
1184,2278
3206,2645
3976,1387
2453,4333
1838,1029
37,1061
829,1125
1972,409
2888,951
1086,2555
3246,4822
2439,1723
1074,3120
4484,2606
828,4936
2992,1864
3203,337
4867,773
3688,1394
38,647
2003,3016
363,1217
733,4675
3941,3232
4627,2174
3561,1488
4698,780
319,732
4265,337
4731,2859
3227,4139
1669,4710
4986,621
2984,4101
958,3928
219,2873
1187,4602
4112,1637
3690,3445
2966,614
51,2823
693,4056
703,83
1634,754
13,239
4511,2790
601,2788
4487,3788
3576,687
4049,3570
932,1180
329,2032
2741,2153
1863,672
3287,149
941,983
1245,4680
2055,4099
398,3132
302,3244
492,840
839,2767
2123,2497
2745,991
1688,247
1080,1812
4729,2571
569,2618
3545,662
1191,2302
2107,2484
984,1989
4255,862
1396,2061
319,3742
1091,1642
1418,1930
1195,4939
1095,2256
1468,4671
4637,288
1172,3759
2375,1219
3668,4519
2393,4577
755,3432
1020,4845
994,1382
4754,2866
2504,4472
4452,26
14,4593
1324,4028
2608,4878
189,394
128,4943
1722,2411
944,3236
4731,103
4189,3301
466,1938
4475,3331
832,2655
3072,3629
2112,3497
4792,251
2543,2820
1590,409
4844,4245
3442,3583
4945,1731
3001,4854
3132,4097
2506,3648
1611,1451
1577,3040
3329,328
3939,1083
1239,1058
4897,4285
95,23
4601,176
316,2017
335,4915
2936,366
975,4191
3287,3510
4122,1075
4743,457
3454,3861
4418,2526
3472,605
2327,2114
4331,4907
1483,115
87,235
4275,1734
1898,1729
4235,3521
4426,1421
1761,399
1922,3220
151,668
3605,1155
666,2805
1130,2965
214,4986
2290,3212
2729,3904
629,2164
322,4412
1825,270
4691,3290
1637,336
3269,2929
2043,1471
158,809
2105,4964
4961,4211
3927,2346
861,2580
4011,4386
437,3088
1478,1946
2015,2769
996,764
2626,54
3773,3711
2541,2299
2376,1598
2035,362
39,4881
1544,3640
224,4869
185,957
371,1537
2211,2379
2032,2925
1977,2913
1151,3565
1413,3155
2091,164
4391,3504
1026,3186
4281,3663
2368,3965
3431,4238
3210,3477
308,4377
698,1003
3818,257
1926,3251
732,2578
1789,251
3556,4229
4487,4070
3627,2917
206,1863
423,4508
987,63
2700,2984
1877,109
3759,4588
108,2542
4526,4369
1932,4021
1432,4908
1587,3588
493,1183
2597,1088
3987,3404
4283,4130
2595,2228
2369,4828
3557,2534
500,2731
1212,1910
3799,3298
1576,2601
2655,946
2577,4243
4614,2724
1084,609
1343,1585
3699,2036
3257,200
973,174
2499,2986
1530,929
1303,641
4680,351
4369,4045
2448,810
569,132
1109,4851
2051,2425
395,4324
207,2942
2019,569
3026,484
2683,252
2177,2528
1771,2770
3536,2963
931,1004
595,3268
1550,3674
1226,945
3478,2479
3413,1672
1721,1670
4305,2018
700,1848
1226,4050
39,4480
3492,1405
3722,1451
3846,1538
4530,4054
243,1735
4320,2798
394,582
2054,3174
1752,3787
2844,2241
658,3296
340,421
4401,3549
943,4421
4493,1396
3089,4024
2151,294
1482,515
223,3235
3873,4651
3538,2386
4379,1282
1218,4968
4311,2008
4284,102
2386,986
1816,415
702,1806
2290,1595
1244,3089
3251,4555
1614,2369
763,3878
1332,1004
305,2075
4808,4649
3724,4238
4782,1847
3657,1552
507,4488
2376,723
4233,594
1886,3832
2395,1544
4255,799
3770,1731
449,3471
1074,825
2836,4170
2104,4189
3421,3737
2149,2684
2588,1111
710,1095
26,4043
315,4503
1590,1402
3536,859
3839,2705
214,1816
1235,226
2576,3745
1115,2926
1497,3421
135,4683
1720,4388
2907,900
1014,3795
3387,3140
4265,168
3943,4848
4910,875
4188,82
34,3611
519,3517
4883,200
3718,1629
55,1637
1434,2208
267,3047
4366,1445
634,414
433,2177
3695,3004
2839,2159
1928,2756
3804,3698
1587,4479
2731,1078
174,660
4944,2638
18,3902
3377,2369
2100,121
3914,145
4284,1403
548,2534
1635,3283
1608,4694
2994,3814
3312,1430
2557,4297
71,1456
828,873
3234,1519
1760,1709
1278,4689
28,4045
4118,2209
4803,4706
4378,4273
1485,3040
3936,2000
1659,413
4744,1442
1967,762
1679,780
2573,1390
1261,1393
4125,3697
2844,3428
1360,4951
3879,3420
4965,675
432,4312
1850,2328
1905,1327
4155,2935
3887,1101
2884,3916
4219,525
3947,1962
1434,3316
4622,3814
4659,3400
909,294
3921,1473
3171,4859
754,691
1326,2070
4034,2368
1524,4745
1944,4921
1110,1787
2686,3448
3329,475
4861,4576
265,4912
4399,1429
317,1298
114,4527
2287,4768
1837,3730
2205,2026
3372,4615
3985,1758
4265,757
1226,2577
4029,1164
3435,3529
2710,3690
4017,2684
1575,3629
955,4040
1654,3151
17,248
3986,1591
1977,1185
978,3903
2421,279
2545,1893
1382,1111
489,2574
3427,4300
976,2323
3360,333
2485,153
337,3525
348,4001
4186,1076
390,1428
1719,747
2920,2043
3958,2141
105,4446
1996,3298
3899,4032
2572,3584
752,1505
3536,2923
4243,4569
1601,689
4865,3138
1929,207
4929,965
3340,1074
4462,2173
4084,2001
2362,2302
4885,1293
164,4730
1907,1783
970,812
4046,4673
1099,3481
4414,4109
2627,4182
4338,4548
2020,3636
2275,1768
2194,3590
3112,1085
2418,3111
254,1461
2059,193
4886,2818
4053,419
4376,4193
1826,3123
4525,2963
1600,3772
3048,1591
762,927
3499,4958
1087,402
3236,2249
1922,2798
1487,4095
3288,2265
3028,653
2608,1845
1482,4719
4845,4160
4744,3329
2351,2520
2593,2212
2663,2238
4575,1063
915,2115
655,4041
1651,639
2743,4269
3687,1634
1340,1739
2740,1645
2927,2256
892,4499
636,4541
1186,1515
2600,397
1882,4260
4430,3249
3656,1700
4722,2979
2251,2005
77,1801
231,4643
2500,1944
2238,2336
49,3587
4725,1297
148,4733
1354,66
402,3531
4676,4845
673,3464
3250,3223
3562,4291
4434,1118
1624,3877
3287,1642
1853,747
1991,1860
2593,2103
1667,3980
3568,2770
3193,2542
2223,4229
3926,769
676,2858
1639,1153
407,3560
3252,3672
2642,1650
3412,1078
4584,4918
4223,3000
1027,1846
4836,3349
1824,172
4134,2995
3426,4421
1721,3148
3430,1503
118,1441
4244,965
2378,4393
1509,3410
4206,602
1502,1930
4386,4306
731,801
2989,3588
2494,2530
537,4068
3904,4820
2926,955
1861,4434
1478,2809
1292,4650
3572,1684
2992,417
4082,4721
4047,4775
823,4372
2692,3851
3269,1883
1642,4537
4046,3547
1888,2479
606,14
2222,3681
781,2938
581,4608
3069,4757
1949,570
656,796
1244,4467
2501,4146
2408,334
4394,914
2814,1573
4267,88
2508,4784
1680,2657
4329,1416
2159,1488
1225,2741
500,4160
531,1087
2257,4938
1540,4697
4445,3323
1247,4664
3514,1654
1041,4348
4953,4701
3486,2241
4482,2531
621,4975
2539,4364
3271,505
4943,3629
3294,268
4892,369
3180,1911
893,2195
3790,771
2173,3030
1668,1455
2480,1803
4606,861
4313,289
82,608
2147,2604
3801,4795
2539,2853
3777,2446
4451,353
1019,3469
1760,4002
724,4008
3573,314
2394,4064
4751,2206
623,395
4619,358
3865,3216
3741,4962
2016,71
3957,562
2301,45
3459,807
2472,2130
4158,21
2843,3002
852,2879
4654,320
1222,1487
975,4268
763,1593
490,1587
2664,3560
4761,1170
3502,3733
2985,2707
4262,1500
548,3144
1260,78
937,3200
950,58
4287,1687
3958,2018
1765,4773
2191,3968
3925,3168
2094,3091
459,2274
989,812
4621,4730
4943,346
1004,1618
4208,2050
2354,4616
123,221
1888,1504
3128,1014
373,888
4648,4445
1465,103
105,462
4451,2158
1060,4859
1515,3663
3340,1306
1127,3133
3590,3946
4428,3539
3364,4758
3492,48
2544,3623
4055,1845
586,4522
1414,4624
3418,57
3353,2863
726,4255
4193,1358
1490,318
2618,2407
416,3041
4220,3190
1526,4507
314,947
1623,3332
3455,1350
3817,2464
4562,3184
4896,3065
3657,4998
1572,3940
404,1128
4224,2071
1090,3016
1879,2300
3208,4761
768,3739
3358,444
4465,4545
964,702
82,3573
1631,1426
3767,3088
726,587
4248,1208
4077,417
2948,73
3705,4071
55,1818
1113,3734
1031,3605
659,1250
684,4401
4551,3492
1686,1291
582,4472
2712,1538
1516,158
2668,1171
1790,45
2375,3349
2601,621
2536,2976
4706,1615
2992,498
86,2595
2728,4762
3618,3918
768,341
4562,4823
2621,3886
2384,1810
4749,3059
2717,4098
2232,593
1079,2389
4253,4941
217,1685
210,2626
3241,2081
1910,1568
650,3726
761,3178
2095,2922
3114,4343
424,1641
4578,3212
3717,349
2057,934
4874,3506
3077,484
3048,2765
4459,1458
2016,1524
3058,825
4368,3649
1961,3218
3707,1925
3053,816
2536,1694
2377,2606
1250,4433
4981,1152
3063,4590
2278,662
1882,3538
3812,1107
2185,2550
149,1009
2880,4991
2344,2010
2943,170
4458,2508
4115,3156
739,2704
4785,11
3755,4495
1223,2316
4913,3303
1363,3169
3996,926
2556,4483
3929,3794
3498,4021
2475,3097
1037,1412
4721,2501
3106,2628
2103,1821
3182,3537
2913,3656
972,2116
2884,700
1715,516
4390,147
2320,3401
4351,1000
455,3989
1786,2614
4902,442
352,281
2340,3194
2913,3923
2060,2634
1423,284
4444,561
1756,4294
2343,3134
1076,474
4694,3652
1814,1364
904,4147
862,2125
3910,4057
171,2052
2268,3539
1847,4894
4081,398
68,1385
4917,821
2804,3454
463,2467
3835,4230
3674,1776
2794,1087
3186,1619
4301,1642
1521,1909
1059,1203
1529,2701
2195,4509
2479,1251
41,503
3702,1932
779,2810
4262,3204
575,3084
2474,3119
1351,3642
834,2475
1203,111
2613,467
690,3258
1314,4680
533,4929
4283,1426
661,4030
2476,3281
4192,601
1041,1782
518,3708
278,814
33,1699
626,985
4891,1475
1857,2966
2196,2850
1806,3963
3547,289
3902,4786
911,3775
2829,784
2748,2081
4128,339
3299,3995
3521,1754
386,3288
4258,289
1694,3468
3081,616
2041,1298
4984,1415
3065,1735
4604,1448
1585,1208
4698,1392
472,118
58,1858
840,378
4969,2058
1348,226
2775,4621
1913,981
3980,4206
1152,2308
4237,3908
4343,2771
1889,2141
3184,3328
641,927
4383,1703
3113,995
3390,3933
1721,3326
3232,3255
3966,4864
4815,3661
1610,1565
1712,2159
2356,643
632,2388
3135,3815
1005,2802
4504,3866
3769,104
269,1521
3676,1871
2328,1521
4375,3468
1219,161
4600,815
2226,3240
4677,3393
2199,2696
2425,765
3488,2916
1480,2452
2788,3783
3130,2690
652,3615
3791,231
1394,3148
4464,4772
2686,2190
3271,3237
3451,1948
1258,1710
4103,3840
2723,3487
1008,491
3275,4648
3513,4608
2867,1796
2295,426
4565,3924
4097,3048
601,4040
3545,765
4230,436
1469,421
1537,4148
4217,2376
4451,3880
493,1944
3069,3905
3852,2102
4545,223
4566,1436
2025,4378
3462,1709
1776,4110
1348,1603
2201,2467
288,1706
2564,1174
2212,1575
4985,2307
3776,4176
3401,646
4423,2384
375,850
4771,4639
1439,49
1127,716
1699,4397
1928,3657
983,2958
2637,252
2317,66
87,2890
4727,2422
3775,255
3600,2408
1391,649
1982,1176
4692,4676
4564,3234
1798,935
4647,1084
633,656
1914,1528
3307,4562
4208,712
4704,4381
1422,723
4503,4815
3432,2911
300,996
2146,1303
4156,4404
4370,3052
4474,3046
4574,2492
912,3283
767,4976
4396,3460
963,1896
3099,3483
737,4689
3185,100
4508,2286
269,2411
4432,356
1083,1181
423,2684
3413,70
2743,4539
4953,1871
3307,4248
2039,2262
2012,2760
2028,3035
4243,111
4088,31
3934,4800
771,2286
4471,1277
2642,820
843,516
2494,2503
1081,2290
3331,3692
3702,4383
4172,218
983,4594
877,4898
3730,4988
1876,4900
998,2940
1266,1391
2921,581
2950,534
761,3113
4787,3704
1846,3911
3214,4995
3195,1470
4054,4884
4442,4853
2627,2969
1504,4969
4902,306
4138,4826
1588,39
2067,4901
3825,3389
942,801
2399,709
3817,2852
924,1885
1295,164
2094,143
4530,2716
2530,1780
3956,927
4168,476
2932,1890
550,787
2638,1879
791,16
3170,2144
2356,2025
4852,2273
4764,4430
4595,4564
2534,323
173,1435
2917,975
1655,4306
377,2546
2226,1675
4703,1994
289,1100
4963,2810
120,1579
623,2582
2530,757
4571,2406
3973,1468
3379,4204
2744,3446
3567,4169
561,468
3409,3265
4851,964
3439,2509
1516,3303
2654,1935
487,4541
2550,2930
3713,2675
2334,1095
2675,4508
1619,2192
4175,251
3552,648
550,4022
271,3044
3954,382
4302,1519
61,2113
2650,3886
1945,3814
2346,1282
1141,2559
1236,213
2130,1376
169,4205
2736,2470
1423,3212
1998,3438
1302,1015
921,3619
4677,3650
561,4750
2662,2342
1093,2302
348,2103
4919,3881
4637,4115
4799,156
989,105
4507,2852
244,1207
2213,3125
3674,1450
2293,3407
3361,1232
2072,4674
1509,1542
27,885
1873,865
738,3153
2107,2096
3530,1678
414,1198
2750,40
2789,4822
939,139
3461,1236
2135,1584
1436,4799
2347,1927
571,4778
1716,796
199,3526
2264,1281
1668,3723
3226,115
4854,3135
4201,3561
4137,2474
3080,3101
4396,1754
2459,2227
4186,4545
422,3613
4479,2686
2664,2346
203,2704
2225,2501
1005,1876
4722,4328
4133,151
3448,3650
3755,1907
2295,4424
3960,942
4360,748
1612,4673
4710,26
2523,350
4075,1816
2241,2380
2639,70
1304,4161
1652,4556
4224,4774
1253,1190
4890,4418
1377,3339
1929,706
3062,4102
2015,2661
3673,2167
3336,418
2225,4637
4936,2091
3786,574
990,1761
4694,4893
1096,923
2074,3782
3568,4284
1473,42
4456,4288
2411,1837
2151,580
4615,1192
4303,3550
2197,1568
2820,2650
684,1110
504,3345
3804,4434
2203,2942
579,3508
3608,1502
2534,809
4515,343
3241,158
1463,3504
1331,2111
2234,1835
1097,4700
4711,3342
2903,1031
823,4231
854,4448
4811,73
3072,2059
1819,3505
1036,1473
66,3521
2184,1914
2549,3632
4043,4416
1799,3377
3571,4921
3261,785
1246,1732
540,2278
3663,3852
2031,2831
4660,1067
3601,1924
3408,1834
3249,3209
108,4164
4328,4368
654,2533
760,865
4027,132
2662,1772
4144,2135
596,1083
2060,3669
839,1358
3362,3824
2606,3769
570,4287
70,4139
4998,1242
1804,318
4981,4998
2769,3226
1181,3264
2997,2784
1383,2312
567,1932
620,4622
3610,3972
257,3698
4637,598
2322,832
3963,2614
536,125
461,4981
858,762
1062,3590
4678,4057
4995,4490
53,2736
4369,3392
901,4609
3604,1270
3168,3627
2839,3792
667,1361
3259,584
4600,4517
3613,3656
818,794
3249,3792
3387,4149
606,3730
3562,3105
4704,3185
3065,1396
3021,982
3535,806
3017,952
1323,1833
4778,4375
1135,112
928,1900
73,2364
479,100
4959,387
2533,3721
4276,3758
1948,1339
3282,2602
2527,1756
1527,1734
3703,4861
2392,3547
3662,2735
2316,2873
1576,978
3398,158
4013,2518
4405,1913
3787,3162
3131,4283
680,1695
3919,2769
2133,4699
3173,239
4085,2610
4452,3187
2711,4223
796,1258
2504,1770
2243,1650
2738,2691
3574,4765
2330,1570
3047,3892
4961,1453
1753,3512
2587,3425
4835,4118
4633,3751
4956,687
4723,4033
4251,3523
2118,3507
4344,2639
957,2793
533,3204
2760,4079
4810,3355
1754,3054
4347,3760
3130,2238
2569,4057
3510,1137
3578,3072
2647,1144
2028,1181
1389,102
1925,2573
2705,4768
3563,1964
3326,323
1609,4331
2076,1385
4106,1182
1250,1861
2147,4474
4453,3267
2604,2721
680,4278
2473,4309
3741,2267
1812,2496
2951,4731
1839,2333
3798,2781
4530,819
1535,3366
2055,4948
4487,3437
1334,3584
179,2207
4262,143
3948,2404
2192,3150
4496,3499
3362,1512
4172,2368
4084,3653
2733,4393
313,3010
3487,106
1969,4520
534,3300
3029,1310
1511,1698
2153,3114
2141,3372
4634,3799
2835,728
3250,3883
2982,175
3815,1921
4003,2566
2012,4203
2351,1297
2519,4019
2092,774
4427,3476
311,3098
3179,659
1709,924
4203,993
3358,727
3900,2266
2978,1268
2604,2408
4963,2128
90,4196
3533,386
523,94
3917,1491
2921,3031
3431,544
4554,4836
4086,4575
4859,2508
414,2932
4896,4108
3357,653
1407,4020
3875,301
4661,2403
4890,3838
1793,206
3137,4959
4727,4518
504,4821
2925,2729
4509,430
45,2180
4634,449
2371,3474
605,1394
217,2187
2152,4666
4662,4390
3178,555
3741,2996
2672,1418
668,1130
2523,4331
2666,3028
2889,3846
3617,986
1971,1809
1531,2865
3692,3781
473,3712
4758,3344
4473,966
3155,79
2245,3534
970,1813
2065,3685
3242,3747
2593,4314
3342,4625
3933,4423
1664,942
4612,1103
3061,3648
1134,3682
4644,3999
816,1945
3248,1936
1568,4655
2181,4150
392,4433
882,3786
3663,1583
1814,4546
3139,745
3675,491
2667,707
1142,3240
114,4234
1222,966
2942,455
3882,664
463,373
2541,2935
2764,1949
307,1465
2115,2709
2716,3059
1744,2294
4749,5
2142,1061
509,3623
3285,101
2562,2324
1259,3774
1715,4468
2684,3161
3686,3193
82,1996
653,2485
3307,1624
1401,3004
3246,2236
2609,3437
3672,1635
2076,3349
939,714
3663,2356
545,1349
2565,4021
1313,4200
833,3191
3088,538
311,3904
2236,4884
2874,4904
3968,2316
902,2241
519,885
2956,4436
4758,1187
3139,1915
402,3609
4028,1368
2907,2059
2493,4338
1010,1329
1253,4554
474,1980
2262,1701
4177,872
4469,2536
2683,1894
3422,1744
3176,2404
4368,3044
1500,208
4139,3230
3755,2092
1047,4193
2939,4156
2121,4183
4310,3177
477,2172
3789,1005
1712,2586
1623,3519
891,3950
3804,2574
2210,3877
3969,2426
3733,2064
2685,4251
409,3599
2625,2886
4098,2688
198,1876
3594,60
2771,1121
205,4429
3314,3555
2620,1926
2791,873
572,3029
3884,2474
1982,577
662,3665
4718,2860
1683,4762
1513,3285
2716,1762
3095,3239
1600,638
2664,2366
2976,4596
2010,2104
2322,2979
4348,2708
405,1608
705,3387
4914,1706
4148,95
783,4253
3871,1954
2557,1800
4871,3816
1376,2541
2322,2041
2336,4776
1355,1133
1107,2009
3308,4249
944,4868
2725,3743
1300,3126
4758,2374
1855,994
4258,4033
1340,1424
102,2230
41,2986
4291,417
3681,1291
4777,393
4348,2385
1905,1368
133,818
3582,1441
2493,3556
1559,4402
306,916
1597,2224
3651,3281
975,1913
3262,2578
4020,1783
2979,1217
3358,299
2311,433
2619,2172
3114,2303
2904,2404
1547,1439
3477,1838
3561,2282
1273,1090
1313,2767
3974,3399
1414,499
2717,3241
868,2572
3174,4004
153,3053
4856,1867
2645,2228
1166,1712
3471,3362
1381,3446
4063,4292
2083,2128
689,2731
4596,4249
979,3957
831,4971
1222,3744
932,487
3152,2808
3689,2998
1900,2789
4731,4293
1053,187
431,1289
574,3226
4035,3363
4309,4477
2280,4633
3287,4463
1182,1970
2743,3099
4237,1138
2402,3194
3092,2238
164,3933
4284,3320
3509,2863
1687,1662
4499,342
3891,2682
2726,807
4170,3695
3747,484
2951,4559
2325,273
1647,4145
4028,1858
4551,3618
2877,299
1139,2183
4512,4906
3434,3097
2904,4199
2093,633
3611,2592
133,4121
1248,1471
609,494
905,1482
759,3114
1576,4069
4809,4760
4078,4835
4156,1074
2867,2463
4421,1059
1358,501
925,2048
2613,4275
985,695
4674,2258
898,1963
3840,4394
3981,3227
4084,4109
558,885
2594,3708
1795,4029
4004,587
75,2296
3034,200
3082,1466
2104,1676
4221,4673
1778,66
2830,4393
1756,4492
3296,1620
4456,3211
4067,1523
578,3842
2005,529
4006,2333
769,1325
1775,4490
4407,1884
1186,909
3055,429
4243,4083
4994,2299
4269,3285
4095,1961
2657,1442
564,568
2308,2840
1275,4304
4828,4089
1927,4309
2556,3016
3818,3993
1478,91
880,4472
705,4757
3025,3440
2509,514
3241,4543
226,1335
240,1149
3536,3478
2968,3129
3323,4595
2661,3727
1386,4584
118,2510
464,31
1080,3363
3705,2864
1815,1300
4002,426
4518,568
2588,4787
54,2343
420,4933
1202,515
3761,1583
2566,1081
636,3896
899,929
4203,883
1104,313
4651,2749
2288,3287
3645,531
2420,645
468,1397
4257,975
3922,1103
3941,4390
3007,4572
3316,396
1675,4548
990,3053
3684,3509
2308,4469
4756,2318
2237,1465
855,3781
1317,2608
2706,4740
813,3630
2614,2166
756,2507
1315,1199
2257,1145
4682,2680
1181,4203
2155,747
1546,1941
1981,1973
4333,229
3150,3828
2515,4944
2573,3272
2063,4611
3586,871
177,2545
2856,3996
550,512
1892,1248
3610,4025
1639,765
4621,3362
1229,2517
3206,1021
1625,4122
2785,425
3903,3209
2550,1659
1475,3821
4200,4443
4776,4645
2355,549
700,2255
515,330
3006,864
4734,405
1026,4616
3149,3540
4759,2101
4005,3427
3453,1569
2738,92
1206,618
3484,126
705,1965
1387,2227
3229,1350
4567,1817
810,3202
2760,2775
4203,1067
3290,865
444,3542
4543,4734
4384,1367
535,3977
4178,3564
2244,1012
469,3594
2201,14
2712,2196
1214,2727
3808,2748
3819,2248
229,2716
4558,2577
4125,2536
4171,4161
2738,4416
4145,1537
4430,237
1117,925
3249,2633
1382,2243
2389,1791
935,911
2362,4156
4555,1879
3150,2896
4593,4898
3592,1433
4246,4039
2032,42
3487,1285
624,4938
1068,2492
3288,4448
3456,999
1514,2855
3422,4123
1674,4444
2889,208
3054,224
1619,4860
2274,175
4123,3658
2495,2264
1146,4868
4313,2424
3017,1266
4550,523
1198,4684
3808,4102
2039,2756
2211,777
2357,459
110,4741
2634,3045
1482,1320
421,76
3646,1003
1801,3384
4889,2945
3859,1285
2002,1662
4866,3001
4198,3640
3836,1121
3423,2851
400,4901
3616,3278
3189,4381
164,582
1752,900
4751,4384
3794,4322
1950,489
1705,2736
3211,746
998,919
2600,3478
4663,3509
1108,4011
1145,1412
2268,1472
762,1228
2718,762
4036,377
2157,3056
3070,588
4497,4886
1026,2012
587,780
4696,3114
4626,1616
4803,2741
3354,2972
2214,3187
4379,1532
1905,4772
1827,1311
3669,1812
1772,2024
3314,974
3735,1087
2447,155
585,4988
373,4107
3446,2171
323,196
877,4752
3161,4996
4612,224
381,2339
3116,4396
1835,3730
3060,4117
2024,4008
2158,2591
4408,1093
3591,3509
540,3730
4836,3695
3249,4146
3260,1803
1157,4008
2226,4425
3730,1695
3699,2312
4520,303
3264,2336
2559,3988
1223,2142
4191,3651
1392,3213
991,4472
2626,2412
1347,1415
1506,3094
2897,4764
2574,1316
1429,3743
3492,4574
3195,3215
4474,668
735,549
1497,4127
3270,3700
3073,3680
2114,3580
1953,3690
1420,360
406,798
755,3497
1250,3437
655,4829
1783,4443
4093,4475
4017,1277
1586,354
2653,699
1708,1860
2347,2612
764,4789
2721,4771
3308,4740
1825,4141
2906,2390
1959,1603
567,277
1112,1693
1209,4768
196,1744
4139,170
3977,2291
4364,1663
4058,3399
2677,3774
1305,1540
1541,1396
4700,4482
299,3792
3557,4227
2031,229
1889,895
972,2028
4492,3472
1138,1318
2,3567
4529,3046
4338,2484
3011,1828
3125,4906
4061,2197
2878,2950
886,2702
4638,821
1724,811
182,3124
3345,4826
1646,2735
3223,4499
1916,4911
1248,2722
3501,3546
4314,4675
2055,1894
1001,2748
1717,2211
690,3673
2000,2602
2902,2202
2815,1715
360,2776
1023,2713
2797,3987
2855,1531
1850,2296
17,2326
1956,3527
2880,4896
3427,717
4460,2616
1148,4244
2723,232
3805,3071
4129,3342
365,3128
2835,3001
4251,4481
2013,3652
4627,2587
1729,4854
601,4416
3650,4526
1718,1886
1135,344
1385,4049
1880,3554
2115,1036
4365,1023
3217,2670
4649,2935
2852,4610
35,3280
3547,4491
409,1778
1850,769
4076,1644
4761,1646
3153,1180
1125,1369
1007,4867
1503,4668
3018,516
2599,1846
4372,3135
3047,3430
3999,4794
3692,3467
4904,832
96,3101
4185,1237
1007,3165
1720,2478
3839,3350
3920,3744
2999,2645
692,2970
3703,1900
149,270
3416,643
1472,1428
1735,2293
3383,4354
812,3346
3277,3307
3539,3404
2483,1826
1037,691
1482,865
3184,2787
1351,2211
186,4906
3410,4974
90,4623
1421,1184
4783,3859
2135,2766
2805,629
4924,1945
409,353
4771,4237
293,2716
2061,164
4745,145
677,3073
3288,1950
3108,2960
2470,2323
3413,1445
2522,4198
1420,1321
4298,729
3985,1252
2074,268
626,719
764,3612
1209,3596
3506,824
133,2582
2308,1842
2017,2645
638,2099
1956,2940
4305,2423
53,408
2157,3738
4116,1133
3680,1358
447,1380
1551,4509
2328,1217
36,4941
4014,2462
2967,4823
2965,2310
300,1911
3184,4017
1697,1794
4732,2076
2298,1128
4500,1821
2292,2081
2886,1731
4406,3786
981,1292
3369,4370
1513,1761
4275,4380
1626,3642
4407,671
2261,2827
4578,928
1782,4531
1905,1458
4593,3022
3207,113
3788,1769
3393,1463
3918,2900
1428,3967
4796,3119
1472,2205
3931,3042
3734,2403
3806,2048
430,2343
2069,12
732,463
2308,4306
4058,3779
1207,814
3175,2263
1097,2090
232,3569
1229,4067
1215,1886
4630,2749
4017,3424
3370,4768
4264,1637
1124,2196
1665,4366
638,4385
3227,701
4623,3502
2177,924
910,1682
1802,4917
2204,112
4436,1607
864,1211
351,523
2908,4133
317,3943
4152,2951
4654,4778
4773,2772
1593,4317
92,4431
3085,931
1520,2612
48,4359
3067,843
1919,3281
216,908
1479,2415
3287,2965
3556,317
3645,181
4651,2759
4155,2757
4245,4249
2057,139
4001,1774
3729,2135
4111,3777
1179,2932
2530,946
2199,1819
644,2277
2887,251
3159,727
4549,578
3767,3667
4446,2834
544,2484
3051,1410
1898,2855
2654,3628
631,2809
1122,3835
4254,3871
1080,312
784,3358
2034,3859
433,969
2356,24
4242,3888
4284,1998
3447,792
863,4617
1037,1337
4559,3895
4071,2881
3472,4734
4665,1592
1914,4329
2728,804
3537,3899
262,1311
3462,1128
4615,512
2680,4200
408,22
190,2360
310,578
1526,1078
4637,4195
1259,3573
4578,1473
4779,2747
1860,4687
1176,656
350,3255
4560,2356
3307,3367
329,16
3147,3885
4320,1222
3366,3544
2326,3754
4384,4418
1204,605
1291,1059
4554,697
3538,3728
1874,4492
630,2890
3873,4509
2808,4957
126,4159
576,860
727,4761
3454,4117
2661,1071
4075,2467
2541,4743
2268,413
647,1226
2455,914
2200,364
3182,2520
1684,3629
3276,3117
4290,4775
1423,2142
4731,1246
783,642
1266,324
3433,3200
4892,1887
4095,4782
2581,2918
980,4714
621,3036
1027,2921
287,4506
1481,3724
1994,2708
3930,4212
1803,4864
689,3437
3088,4569
85,3401
2998,3597
3012,3779
1498,2534
4111,2202
1272,4424
4180,319
583,3845
2397,2629
3553,4446
1535,735
4059,2287
3743,3051
404,2491
3462,4123
4323,3849
4260,4460
4316,2487
3615,926
85,550
3297,2775
1884,4776
4298,3806
3854,65
3080,4700
4003,1230
1584,910
2618,2142
4472,2157
4362,1992
4857,4790
2006,1060
3848,4602
2607,2281
102,710
4649,2526
2310,1062
3249,3327
753,2865
189,2503
1194,3864
1369,1931
4406,1305
1209,3141
2513,293
309,2375
2410,1724
2947,3960
1677,3644
4272,374
2013,250
3637,4772
674,4959
1215,1187
566,1677
4181,861
2591,3397
1852,108
3650,3924
2884,3631
4101,4476
489,4491
2025,2444
4138,4385
1343,4153
1825,517
1056,541
2038,2974
1284,4628
3128,2174
3090,496
1648,4349
873,4016
1105,1464
397,129
3012,2965
3560,1006
671,103
355,1278
2108,207
775,915
2119,3171
595,4999
1504,341
2469,715
3473,3437
1150,909
2853,1152
928,3348
2568,965
484,4139
4055,1427
4750,2668
1111,3151
545,1592
7,4868
3143,985
826,2842
412,795
4545,62
3455,201
4877,3043
4362,1294
1789,4251
3890,1444
2667,1094
2600,4682
378,4384
2341,2504
190,2510
1189,1695
583,3626
4375,82
1844,2074
2896,2898
1759,2167
2101,2985
4308,3271
4264,1886
2206,327
2669,697
3561,31
4785,2701
4843,3237
718,1945
2092,3761
2137,4845
246,169
1156,1513
3960,2379
1087,4715
1153,4752
582,4308
3740,1580
759,1963
2389,3307
1347,650
2400,3963
382,4761
1273,1881
4824,4491
885,2702
3707,533
1461,4604
2524,3485
1044,3358
4842,4419
2941,1598
2504,3096
4925,3528
2639,2903
4703,2178
85,2486
4610,299
4000,3168
3133,4353
1499,945
3844,735
4951,1533
3275,809
2474,2058
4464,717
1783,3345
4705,2861
3943,4851
3583,1646
2224,677
3166,361
1044,2026
4810,975
1859,2394
3232,589
208,2923
1277,1174
4870,780
3477,2774
4339,4077
206,4356
2297,4115
2113,3525
2305,615
1450,4603
4684,4069
946,1083
4383,1764
2365,2554
2273,2683
3382,3956
466,4318
1532,528
2020,4076
4352,1892
3876,4667
4844,3319
816,3606
3952,3798
2153,4001
1392,1106
3575,1731
668,4299
3383,4058
54,649
3713,3695
349,2513
1764,2327
4436,2268
3925,1974
2374,3935
1937,3507
1930,3060
139,3929
1878,3124
1105,3966
2914,963
3734,2166
1208,2772
2514,374
544,3848
2309,2991
3494,2604
3128,4875
2396,3672
3303,1201
3527,3815
4657,1483
1889,4958
2811,638
3203,689
4114,1412
2418,4727
2562,3311
4776,1580
690,3318
236,2986
2676,678
4278,4617
1507,4183
4687,4055
3818,2181
1123,1358
66,1187
3333,3344
2299,228
4775,1177
977,1054
1839,1721
1699,1841
3052,3465
3864,281
4557,731
2458,3704
3043,3162
3432,3425
48,2651
2362,1027
1522,1961
151,3133
4451,1451
4533,2896
1883,3047
4691,121
1225,1859
1300,623
4312,3326
1842,4924
3558,4153
905,260
2670,3863
1409,3646
3139,1611
4044,4595
1960,664
4626,1079
2468,2283
4332,1212
4145,1457
1239,483
3922,4345
2228,4605
2466,2577
3145,677
3070,3378
4423,3611
9,3744
1728,3357
331,4438
685,869
2844,2736
45,1819
931,3060
4905,3775
283,3292
83,751
64,1939
1582,3370
1686,758
1103,2357
4579,4549
4750,1880
4021,2343
603,3854
4612,2140
337,4808
560,2023
504,1659
193,889
1430,555
3832,3506
4647,232
1601,99
3512,2301
3673,2761
1111,1719
3937,2018
4978,1076
1757,1874
1940,2307
2902,3600
3298,3740
3600,2682
470,4843
1949,3263
4817,3525
928,3244
1903,1865
2091,1874
752,2078
3988,1171
3805,1968
2520,3882
2391,3321
446,82
4689,1452
2810,2985
3882,1522
4010,3275
151,4929
4155,2654
3126,4706
4509,779
26,1659
1306,4472
4883,2626
1961,1447
1117,1878
1926,4647
3432,2944
1338,562
4187,3365
1075,3123
4612,2646
3619,2398
2948,4288
961,4687
833,2757
397,2265
3662,3672
1806,3850
4088,553
2522,358
3177,3701
3340,3663
2032,734
4217,39
2032,487
2218,1221
2416,648
4902,3167
2360,2398
1505,2038
2268,3392
1624,380
4311,2315
263,215
1880,2533
3506,601
1628,2214
2369,3522
2755,941
2233,4493
3349,2873
1120,389
597,622
4345,2841
3916,1030
3898,3198
311,1047
2990,874
1929,4611
934,2036
2604,3546
2370,1253
1181,1674
1524,335
648,1443
3561,157
1945,4838
1375,928
2341,281
4565,1320
1634,3690
2698,2346
1863,715
972,3634
3191,2846
3754,4059
624,998
629,1256
2684,3271
3109,2716
4564,3967
2920,3486
275,3539
2927,2749
4727,2919
3739,4111
614,1679
1134,2130
3011,1301
1798,4492
4788,264
3,457
554,2573
4041,305
2092,4446
4177,3109
470,4356
953,4627
4998,787
2895,1523
1247,2117
579,3127
4155,2054
4225,3103
22,1776
4104,27
1027,1007
2862,684
4756,2866
3332,927
1925,4749
4213,495
2270,4985
2377,2206
184,4861
234,2509
3953,1837
4759,1419
4506,4112
3133,3716
799,91
2584,819
2861,4309
3310,1848
453,228
1291,4196
3430,379
3264,3566
4857,4417
4991,4360
2990,4863
2579,144
4251,1836
2460,3374
3790,915
4038,2456
4438,929
1915,2033
4842,3718
3273,1483
995,1667
2859,3737
4880,1179
2463,3666
4414,2622
1241,4203
3653,2356
2374,2756
1836,2864
3365,1228
216,708
2645,1573
4957,4218
2724,2789
664,2084
400,1966
290,1499
4257,4977
3018,2287
1495,1143
2593,1361
371,3391
1041,4796
2015,2559
4412,3346
447,1108
4641,3866
1352,253
2554,3202
4380,1734
659,4672
4798,227
1650,3741
3259,2643
1357,4572
4213,2945
4097,3106
124,3649
4520,4058
2104,3449
215,921
1597,4538
3767,2436
1603,3984
1651,3542
1902,2025
3683,1671
2670,2531
289,1118
489,2348
4265,567
4459,3636
1748,1419
4443,2941
2034,3993
1874,2828
1599,1460
181,2608
3481,866
4288,18
4433,478
902,4982
4737,4445
3012,2801
4479,2089
1460,4029
4190,2426
4817,2867
2199,2346
3832,352
1654,4514
264,1736
3046,2799
4902,4160
182,2970
1137,4511
981,2699
802,1732
327,2378
3151,916
2910,287
824,993
1757,1733
1916,716
4514,2745
2565,829
3760,3140
2155,2969
4069,3465
260,1583
4399,1160
2722,4817
772,1888
3405,3480
3209,1923
3816,997
1771,528
4290,894
295,3423
3150,2680
2036,4876
1371,3291
1633,2498
1324,4616
2843,648
631,4056
4286,4796
1797,192
2425,4035
81,2218
4998,2035
665,3573
4276,3984
4528,2174
590,1253
1072,1297
80,4537
668,3694
411,3584
168,3647
3641,3399
598,4325
2260,2867
3948,1499
970,4878
1094,3361
2897,361
3090,3719
200,1136
4783,4358
3575,4805
3826,1958
1301,2973
3624,3552
3826,3339
4035,1264
789,3222
4214,521
913,4943
3096,1214
2165,2272
305,3755
3144,2196
3751,2588
4725,3123
4141,1207
3404,4078
4709,4009
1226,1283
861,2208
1013,463
4143,2903
181,715
4969,1694
1975,1836
4984,123
393,1847
2279,3690
94,1162
3906,4727
974,3062
427,4094
4855,4336
4949,682
24,3264
2122,1441
1105,4167
946,1375
4633,2611
880,2457
2369,1533
3812,3660
2071,2866
74,2891
1358,228
2033,4321
551,3869
127,3548
2589,1194
4504,2664
3920,4467
3317,1148
242,1949
4476,863
4862,1762
1066,4134
1890,3429
1721,4818
2794,3523
3389,1492
1241,1300
1241,2874
2420,4065
464,1670
2719,4563
256,2462
4075,2544
1325,87
493,1390
141,1343
1162,4640
174,3591
369,3888
245,3030
3310,460
3024,2695
3493,4623
2566,979
433,709
3973,1405
899,3869
3816,730
2660,1959
2101,4115
452,3323
4754,4660
591,4173
2844,736
4027,164
3599,836
1924,2757
2244,4835
4723,53
4213,932
895,4133
2589,1897
3434,205
2346,2446
2795,3485
1635,1499
3506,2704
3360,4931
2100,1339
4074,628
992,2606
172,2738
2572,1607
3066,3457
4783,2243
3521,4388
497,2019
2247,653
4270,3814
2937,4107
3111,140
1865,1642
3972,533
3011,3388
1291,953
3280,3755
489,4353
38,1224
881,1486
2584,4996
3157,4946
739,3234
416,3724
2820,990
2387,3275
569,4018
2891,2751
2356,2304
1120,2732
604,3211
1613,136
4227,1180
3598,476
732,1035
3982,1634
2147,3885
1767,3863
2667,4802
1832,1944
1334,2570
4789,373
4952,1909
4895,2314
776,397
862,1288
815,3932
3357,3414
578,4289
4373,262
1914,109
2406,3227
2889,1302
185,2314
1172,629
4382,3024
242,2071
3273,187
4376,604
2211,3082
1065,1277
2901,1043
488,1838
445,3926
856,4672
489,2467
3543,4310
1268,1446
2347,4187
4038,2415
3555,3979
4890,1903
623,3919
3410,1088
1654,1112
4211,3803
2010,2885
183,3302
4483,4165
118,3567
320,3159
3488,1949
2523,1504
4195,4871
2553,4960
2324,1821
153,1905
489,3344
2791,1430
2530,4739
1523,594
262,496
1902,3615
4797,4396
4173,3261
628,18
2893,3911
1473,3365
4465,1914
595,4010
471,2935
225,4618
4098,1751
45,1678
2772,4353
253,1344
4195,1816
4559,349
3817,2662
1704,3199
3167,363
1918,1925
2970,1673
730,4811
4847,977
2432,2522
2090,2802
2338,3860
925,3907
3086,2863
3951,546
4644,2645
2274,1443
4806,3696
2285,2588
4306,883
435,1418
2444,4882
581,3945
2003,2723
682,3904
3963,1098
3259,4236
1767,3286
4014,644
4224,1325
1941,594
1162,2184
1308,1333
168,3114
3553,2139
1886,1708
2154,651
3492,2053
587,4712
850,3672
4535,1011
2012,3961
4537,3684
4002,4166
3814,4110
104,4671
240,2360
2961,4054
1911,810
4020,3981
1982,1007
4529,648
1011,77
3108,1008
1927,690
2883,3006
2683,633
1084,445
3206,3985
2203,233
2090,3831
1158,2737
316,1238
3905,183
2235,1164
1980,2381
4510,3682
3115,927
2877,2271
3320,4825
3650,4506
2954,2454
1801,2712
3248,3124
2643,303
4048,1293
4317,1179
3699,861
1215,4183
2369,1311
4224,2035
752,2729
4929,4747
4743,1948
4878,2018
364,1673
3510,935
1982,4454
892,886
88,4884
2639,2633
3887,328
4188,3814
2192,583
3,2882
1876,4079
4746,595
1397,4465
3824,967
2664,4097
1276,232
4898,1097
4212,1447
4049,3794
1927,3681
3887,1653
4474,1161
4732,1642
2763,4928
258,3733
3427,895
3399,989
4715,1443
2421,888
1716,188
501,3311
1548,289
2500,1967
3386,3950
4090,4344
627,3096
3852,495
430,2589
4215,1808
1660,4256
4434,4295
1227,978
3226,191
2007,2965
3464,40
2795,2447
2688,3923
1743,2708
1844,2896
4407,916
106,2992
4672,3794
707,4373
4817,3222
3713,717
4655,3622
1486,1769
1657,3899
4817,455
3297,4816
2258,1825
1297,4787
1654,1895
2109,1656
3036,4675
4671,1524
4686,1644
1106,90
994,4876
3892,2963
1733,2977
3959,221
774,676
1087,1362
1161,4033
2439,300
2996,1273
4716,3116
1649,4167
1705,4113
197,2113
2129,4415
4794,1021
3090,3285
1747,3294
1484,3687
3504,2505
3437,1773
2021,2824
3601,1152
553,1440
805,2039
1588,4416
3704,1917
1341,2549
3556,1286
1589,1828
4296,3870
4654,2515
2729,587
3040,479
3955,90
3322,35
2752,3627
1822,1618
4843,1094
3396,4548
3549,4505
4337,2884
3927,2255
3675,4558
3988,430
4702,2326
2874,2969
3665,270
4683,3788
4023,1543
399,1969
2389,3626
4716,4125
1053,3856
4129,304
3171,93
1465,4975
3611,1601
1503,1065
41,2894
2813,3762
228,2697
3673,1892
1405,3385
458,1506
569,3136
3477,3116
4327,1243
142,673
3239,1678
3755,4455
3464,2487
2520,2711
4003,835
3646,2006
2200,3964
4082,3289
814,3714
1942,4511
4474,2021
3448,2565
770,2312
1723,4015
3811,362
4006,4668
3301,4307
4585,2060
4406,4515
1604,4485
2973,1704
1331,3330
2190,4574
3456,4344
196,793
2897,4273
822,189
543,4396
2656,3584
1863,1852
1082,2318
1450,2237
294,4631
2112,1553
568,2787
2726,2945
56,656
2564,3238
4493,1134
172,214
523,4875
2887,3367
665,1944
2595,3689
4589,1977
3520,253
4072,4829
3074,761
4252,4129
3656,700
1657,2189
3916,714
503,1628
2026,1053
1610,3316
4801,4433
3307,1954
1736,2628
1655,2421
187,4005
1880,309
1836,557
4415,3719
3210,4128
4000,3621
3784,4974
4085,2747
4500,248
4104,1048
2740,3831
1233,733
3383,2638
2818,2647
4657,616
1162,4548
650,2939
4232,4097
3412,1333
2506,994
2347,191
4315,465
3314,698
370,2486
1731,3858
983,2373
966,2890
1079,2127
481,3406
4937,589
2043,3784
3636,1655
114,3877
4016,3906
264,2612
271,4736
2726,2680
1396,56
2310,376
1332,3089
1210,3770
727,2853
1127,1639
1183,2617
1105,2505
1133,4873
4079,3274
4555,1288
3642,3915
4911,3498
4210,1118
4583,3878
1152,1321
182,2138
1192,3422
1690,427
728,1433
525,585
9,4191
4530,2684
2348,3964
2756,114
3070,4672
2738,4528
1029,4837
3871,4708
439,1520
1812,4420
4653,1995
1628,3371
4425,4932
500,2334
80,4633
1278,414
4818,86
431,3945
3610,2656
3360,2222
4923,4504
4500,1279
2934,1601
2770,4197
4231,3472
3925,172
1144,3683
1811,1171
1506,2281
3027,776
35,1592
3058,3810
1877,2458
598,1902
3027,1513
2399,254
4087,622
3067,2083
492,1443
1349,1334
4286,3327
2964,1030
2883,4089
2147,828
83,3070
352,4795
4269,1552
657,1535
4365,4914
1516,4027
4578,530
1424,1505
3499,2240
2348,3843
1984,3401
1361,1544
246,1417
2996,2250
2731,1707
2911,4524
3908,3871
2002,1057
4082,2736
4959,3103
1023,745
452,4506
4151,1170
2207,4906
3122,1320
138,2118
3848,1532
4502,336
1835,4203
680,1174
196,783
4339,593
2621,573
1430,1975
1554,2174
4877,4071
3878,4770
1094,2455
2896,74
1250,4126
519,2872
606,716
2800,4821
2788,2863
3259,2723
3289,4501
4773,4910
390,3438
2591,3147
733,1124
4506,4461
4735,2080
701,3385
4719,2322
4985,17
1734,4982
3379,3774
3465,4037
832,989
2900,1464
1533,1732
2215,4024
4652,2883
2173,3483
1032,3585
952,4588
4215,3399
3430,329
4456,4813
4279,1417
4968,4148
756,1052
4782,4576
4068,1435
3536,1619
4273,2462
2293,3759
4091,3629
3071,1456
1853,4008
2995,2105
137,356
1408,4349
1197,4490
3037,1203
2974,2754
2222,3889
3149,4748
1441,2782
24,56
4513,1875
120,2650
4664,3211
3197,1277
4052,512
2448,2943
1323,3449
1600,4529
1643,1409
1247,1465
2699,2574
2690,926
313,2069
115,3349
508,495
4731,84
3020,1476
1487,2549
3685,1448
3069,470
1990,432
2246,700
3210,3834
1067,3201
1657,3853
2060,4234
4305,1134
4224,199
4087,1827
550,1888
3185,19
741,1423
4307,3538
791,1395
3634,2954
4874,1842
1842,3549
708,2911
2470,281
3991,4333
4642,3104
603,491
2972,3300
4940,294
3989,234
1412,1440
1469,3391
3218,3978
1987,3907
49,1601
4848,405
2587,3720
82,4364
4620,1451
2635,1501
1049,4228
4355,3057
3412,604
90,3959
1942,3798
1296,3716
388,947
2216,4757
2476,825
3896,926
1035,1158
731,688
4410,3910
1273,2332
2169,1234
185,3421
4077,4474
2753,3019
2813,1456
260,2796
4961,1371
4670,4535
905,312
1019,56
4288,4928
2980,3505
4749,2783
250,2203
3935,3374
4941,109
1123,2476
2123,2372
896,1607
117,2578
2404,4032
2419,2548
2357,1381
965,1562
2851,1624
1274,3058
3782,3615
3312,1774
1769,2360
4883,692
1169,3759
2481,4049
3611,3649
3016,3905
1420,4353
1236,4893
1909,4649
3999,1948
1061,958
1726,4294
1514,1681
1381,816
759,1851
1628,1002
3748,1949
4452,4422
1709,4361
3146,1177
117,4529
2746,4465
350,574
2313,1868
4609,1795
1520,2226
875,1421
3345,2141
789,483
2345,4319
231,1405
2058,4602
3756,814
4192,4734
2139,4045
1226,1646
2861,2397
1252,4657
1821,2320
1356,4468
4590,4785
288,4890
2185,4787
2684,560
4174,3507
4227,3965
4827,3862
3202,4516
1577,3965
4256,4836
1971,658
4051,3772
2556,1397
471,3670
4380,1030
1671,4058
2371,798
3026,382
527,380
622,2008
1660,570
2236,3183
4055,2126
4956,176
651,1624
3308,2411
4758,4151
883,2674
1634,1035
3600,3949
650,2677
453,2582
209,3008
3929,3446
4299,3867
3431,1374
1801,4914
2216,4227
13,1919
574,1119
4283,558
250,3929
3437,610
3569,1276
2553,1150
717,3431
4864,3721
4381,2864
4512,4657
2717,1748
1790,4880
3817,1140
2242,3737
1596,4490
1558,4005
1667,870
3901,4329
146,3644
793,3034
4914,1614
1679,2678
3104,2037
4503,4195
1957,4097
763,4525
2918,928
250,3680
631,3468
2124,2725
131,3012
4808,471
4141,270
1327,3982
3109,3505
1937,3035
833,1015
2779,3435
945,42
3011,1616
3491,1074
2055,3163
1443,2826
2219,2836
2231,3682
4660,2600
4149,3182
4417,2423
1337,432
3436,2611
3284,4911
3882,4125
1010,4974
2940,2202
4703,3490
3065,4266
3104,3925
3635,4770
4517,1313
2610,4735
3454,2998
4721,3399
773,4788
565,388
3555,201
4576,2135
3490,4827
2891,4355
1146,3842
2121,2422
738,1383
2860,2068
4471,1842
4990,1386
4960,1979
2386,665
1119,4225
252,3553
1456,2904
2523,3588
2609,649
2424,1257
3306,1036
536,2383
3269,4649
4806,1149
3716,4718
4932,971
131,4354
4046,3952
2605,2491
2171,551
1815,232
2873,3374
998,1323
4027,2883
1333,3830
3082,1203
4016,1049
4241,3089
1527,358
3545,373
4549,1606
1822,221
2202,2250
2402,1622
1521,649
1179,4598
4605,1733
648,479
1283,4105
4808,3482
1160,3569
4208,503
34,1452
926,827
2996,4373
2640,2648
510,1491
1830,579
2851,536
150,2012
4391,4589
1768,2872
3819,169
3261,3079
4939,1196
1694,4064
983,2607
1101,2818
2121,1312
4070,4530
1079,2303
1193,736
1983,715
2349,4954
4054,694
3845,2864
1209,2800
1986,374
30,2514
945,321
1887,1918
610,1241
2147,1954
4985,3793
4658,2349
262,3368
1044,2653
2611,3645
31,3474
677,657
3281,257
2704,121
2295,773
2897,2564
1542,638
1036,4798
3891,234
666,3796
2313,2800
2988,4890
58,3034
2933,3044
1426,3895
1019,4376
3803,697
2988,4413
4523,2929
2902,2033
3954,1054
4593,4913
4431,2979
3893,1480
443,2498
1328,2182
4493,2474
3640,4488
4152,158
1822,523
2620,265
3787,1170
2015,2611
2433,1398
3800,156
1463,4324
2831,493
2977,2421
677,1283
3160,3936
4734,539
3156,2331
4405,1399
3679,996
4785,2472
1366,287
2192,830
3496,3086
99,2404
4917,1653
4630,1300
3733,1835
1047,3152
2943,2955
692,872
3678,4854
1471,4809
4706,4096
3760,1727
4933,3067
104,2466
3336,402
3960,2176
4902,2498
2539,3080
1421,4896
3488,1004
4193,2212
3932,3760
2402,39
2636,4168
2318,2200
130,338
2121,4097
4324,524
1701,4156
2255,2470
128,1542
4301,2954
2453,725
3469,3299
1639,4127
3653,3761
634,2850
3314,1673
685,4414
3865,2034
2089,1568
1558,568
3567,3910
4480,2817
3244,2934
2083,2859
1549,3587
2771,3988
1081,113
1776,148
4722,3685
213,3282
3277,4595
1435,2858
4728,4942
480,3534
3315,1813
1692,2496
4634,4112
889,852
4788,4515
3442,4593
2757,1755
2875,1664
2987,3592
2582,858
3697,4788
2020,4440
313,2931
3091,1564
679,4170
3178,2063
4477,1557
1055,3095
296,1073
3457,1282
3807,3902
3755,4572
1566,922
849,1400
3522,1628
4050,2856
3924,4778
76,961
4606,2828
3904,4780
2254,3829
623,3211
4478,946
3734,4562
2959,3739
4345,3673
3131,3413
3931,3934
3493,310
4298,1093
4229,1587
615,711
1455,4908
3650,3927
2433,393
764,904
3076,2230
1606,2771
2762,3174
3468,1833
2655,1303
569,2509
3504,1876
985,3159
2541,427
2326,2315
3973,204
2479,1714
2804,1526
751,1651
4300,2565
1464,3972
4346,2382
4190,4562
299,885
355,1256
647,1135
4114,179
2996,4763
4728,3500
1496,3079
3904,1968
748,4520
4477,2843
2417,1702
2627,1585
2711,3881
4902,1200
1141,1797
4005,4893
3995,3147
500,1877
4815,3251
574,1742
237,3702
16,3578
3481,4701
2985,2258
1011,628
667,687
640,4766
1529,933
1435,285
2172,4785
4956,1528
1393,529
468,673
2053,2141
1551,470
1049,2092
2763,4411
4551,4492
2515,3472
4303,1858
519,4008
1273,4305
4651,2200
4833,3372
1079,4844
992,96
2299,2005
1389,2259
991,2749
4908,3681
1826,4279
1712,2040
3732,112
4090,2354
2046,2590
4131,4653
2413,2271
3388,3917
618,4637
2908,3342
2060,73
4271,3342
3691,2281
3645,1214
3859,2829
2563,1774
2991,1450
1398,452
1024,3502
4778,4130
1261,4656
4448,4948
3876,1572
2235,283
1858,1955
2119,261
4613,2590
3090,2430
1761,2965
3570,1376
2641,2457
2727,1006
2327,1249
3088,1182
2432,2365
1750,936
2746,1656
4703,4201
3228,4506
1243,356
927,3916
1954,3868
4794,3522
2576,2755
3157,1892
660,2697
331,3306
3790,2999
582,1670
2775,4819
1803,3017
3816,820
1027,191
2866,1245
413,24
1847,4198
4908,3714
2446,870
2077,246
3001,3740
4345,141
1413,2122
4741,1343
1786,2775
1835,1376
4408,601
381,3782
1711,4617
3082,1779
4829,3206
3037,2730
1271,20
2239,222
4868,2729
304,1942
2811,2062
2984,4921
4713,3681
3052,4450
1931,2385
4508,4604
1049,2987
1919,2702
3078,870
4486,3529
280,1901
4420,80
4825,3555
2799,3376
4697,3905
306,4721
701,3054
571,1600
3052,2630
332,4698
3541,4504
4180,1064
3529,4779
2219,2058
3666,1904
3373,706
3920,1349
4183,3324
4186,4478
523,2292
1327,2253
205,2702
1080,2932
1412,511
1930,1879
2632,2460
783,1764
1205,1273
4324,458
203,2033
758,2788
2034,2287
166,1833
3152,3041
1757,2659
4548,1447
409,1794
1723,698
2550,2166
4705,4537
1154,1462
103,1065
901,989
1878,3299
1618,2101
2233,2255
4888,2957
1776,3288
2898,3424
966,3317
2436,2489
3679,137
2872,4303
3722,2043
2481,3460
4009,1734
3728,349
1888,1991
4063,1566
3625,1709
3830,3250
2108,2366
1806,1217
453,2476
2070,1100
1765,1903
2919,3876
3793,1000
669,3730
753,3735
1183,4392
115,2924
4149,3519
2107,2856
3358,920
3078,1955
2432,58
677,1074
4327,43
1998,264
2143,4098
2469,1325
1750,1310
1352,2309
3583,3238
1240,888
3248,1039
956,4251
1334,3399
4271,2493
2991,2200
3228,982
957,335
3343,320
4094,355
4098,3850
1239,2528
2860,4610
3521,3569
4538,2049
4247,3906
256,4232
4994,1050
717,574
2585,3753
3072,3560
351,4927
2,2849
4834,349
107,966
4770,886
331,4535
1521,3910
365,4489
1287,912
4407,1657
4213,2122
3472,946
3196,3426
4922,51
4570,1646
410,3123
778,2751
2414,1842
2010,472
3137,874
3027,1383
2519,60
3692,876
3436,3990
431,4756
1009,2440
3626,1558
1621,1930
1774,2138
1706,3260
1136,1386
634,3129
4541,2103
3576,4461
4636,1320
2693,4690
1645,914
4903,3630
1867,1205
1273,410
3933,2199
1116,4167
4804,3322
1869,3478
2981,1844
3232,1216
2398,1577
4613,881
3400,3745
2443,4463
4524,4601
4197,2194
4542,3718
3440,4498
920,165
982,399
890,3450
2164,1135
742,2649
4316,3409
3002,2721
686,489
2562,3945
256,2674
1856,4166
938,3951
2783,4424
4899,1631
4437,4155
2038,4312
3645,966
3770,1307
3925,937
3998,714
3989,4164
1856,1848
3980,4771
3553,284
287,2014
2625,4048
1870,3852
1267,3417
1947,926
4368,2985
4971,2019
172,4151
2486,254
4619,3340
3914,442
1496,2572
2424,2583
2998,3052
2689,873
4353,3883
1129,332
2469,1982
4232,3064
4782,4180
2070,2478
3596,159
3564,4938
3523,1835
303,4970
3670,4243
186,2853
4106,4989
2188,2945
3008,3692
1445,4093
94,2799
3269,495
4928,530
4075,497
3973,1303
4131,813
1450,4277
265,3677
3592,4598
3367,2952
1800,151
2436,864
1925,928
98,4108
2721,314
1602,2429
2395,3687
895,1015
3575,4642
4250,4719
1055,289
2152,3699
4593,1460
2458,4684
494,3348
4005,3655
789,4191
670,3496
565,669
26,2334
3272,2262
3809,4908
1309,107
2923,1724
366,2439
200,1446
1165,3140
1461,4050
176,1233
4717,4316
276,11
202,1328
1869,2056
3778,1774
3118,4096
288,4392
816,2631
3837,4982
2097,2968
4677,3909
4357,3927
383,2867
2209,1640
2833,3065
3291,2285
4223,1970
207,1218
4828,2590
4483,4240
2571,2102
4716,4435
4445,851
4675,4305
1064,512
3220,1506
1248,3235
2187,1935
3564,1500
1998,3807
4002,2320
3215,2230
818,194
1810,581
2821,4529
3444,392
1981,704
3608,916
2804,2350
687,4093
1466,560
1768,3648
2772,1761
614,321
2558,1265
3264,3135
2159,2590
4995,4546
2473,4206
232,2433
998,587
1571,2281
2794,531
1229,2372
4707,2512
4526,4114
3777,1384
2421,698
263,3862
4230,3377
540,4395
823,3642
2935,1903
1726,4642
1443,288
816,3985
4470,1591
5000,945
469,3411
4644,4439
4832,106
495,587
841,4921
2463,3639
811,1011
2934,4032
4694,1562
4769,1240
3385,3312
352,4277
2429,2250
183,3940
4012,2154
1698,4722
1727,2015
3314,663
1140,4553
3516,98
598,4115
3804,4227
2845,4742
755,2632
2542,1480
3779,2845
263,1236
2845,496
1466,2979
2491,2321
2106,1633
1624,1870
354,167
4975,2938
825,4575
4567,1330
4135,2340
4313,2085
1065,3738
3394,3905
748,1591
3146,97
138,1753
4538,2938
1557,4372
3425,3059
4890,2538
787,3896
2336,488
2186,633
2584,2317
4162,3443
871,1962
4326,1390
4335,510
2250,1286
2521,1901
3148,2727
4094,2408
275,1624
2313,1664
4566,3671
4269,1364
392,4087
751,1151
4002,4959
2179,1655
2779,3912
1178,3196
3523,2944
4755,1989
300,4272
3395,3598
2864,2400
2020,4969
1965,2950
4687,1795
1481,4048
881,2662
2692,4607
3435,240
3220,4872
1519,139
1157,1742
829,4806
968,874
1134,3243
3080,4115
4148,646
1579,4310
4328,4639
531,4157
1071,3516
340,3955
764,4103
33,178
2087,28
1108,2365
2033,4822
3589,490
3740,4137
3777,2749
2077,223
2342,3984
4081,3592
1015,2642
1960,3917
1735,4222
2970,206
4289,524
3468,3398
3249,481
594,3828
3060,288
2907,2127
2226,1505
1283,4198
2022,2650
4430,2517
3606,4461
3617,320
724,2588
698,2087
1689,628
763,3363
3117,580
935,3310
4113,4258
2783,1330
2366,4086
3117,3121
274,1450
1347,4783
2838,4789
3213,4569
1697,743
3482,963
1850,1767
4437,1519
573,4977
2259,306
2323,476
4019,2082
3580,3048
3377,1348
1159,3590
989,2070
130,4854
1525,1863
1942,4151
1334,4025
1194,4249
2551,2677
531,4482
759,2545
1401,4678
4410,4163
2471,3896
1614,3091
1693,3144
3672,1925
898,3260
2677,1785
3146,3082
893,3742
1698,4795
2828,1553
1003,4990
1924,2823
1076,3355
1122,958
2935,3535
990,4907
3614,1276
971,4080
3693,2100
628,3992
3427,1576
1755,1040
4326,1442
290,3275
4468,2841
4254,2168
591,776
1127,622
564,1363
4245,2155
2681,3694
1177,1028
973,3781
2802,2667
1404,4149
2711,4009
4256,1823
2316,3916
408,4141
2051,4143
647,3116
2052,122
2397,4906
1861,2040
2315,128
3071,2598
1351,1083
2427,4876
3871,4669
156,3542
3566,201
1620,1713
1940,2180
2542,4299
2400,1138
370,295
2777,3626
328,4482
1218,1881
4982,3707
4070,1514
996,3255
3011,161
4886,3391
1055,2136
4146,1768
4560,2831
2974,1302
4241,554
4642,312
982,902
2315,1367
3990,1435
2452,1557
94,820
4134,1061
3952,4974
3561,3789
4820,897
1949,139
3966,1413
2969,2667
4592,136
940,4653
3230,1395
4116,4017
4876,2947
2767,187
1639,2259
1143,360
2261,3930
1565,797
738,188
558,2517
1320,3905
2885,3382
1469,262
4145,3448
4045,2240
3362,940
851,4439
551,1688
4094,3957
4121,3259
2584,2771
3638,325
729,4580
3181,1774
240,59
1630,4106
1582,4647
4407,4580
1898,1523
1588,1379
147,696
4614,332
241,3648
1705,1807
4580,3597
4261,2788
4300,819
2246,3946
4714,3079
1943,4157
3073,4135
110,2679
959,376
3166,3879
4570,3357
2193,871
578,2639
1529,857
90,406
1538,1885
2563,1464
1480,3861
3768,3240
3017,4803
2684,4545
2018,1244
3394,745
424,4694
631,2973
4185,2120
536,3042
2093,4078
1841,579
185,1693
2469,3317
4695,573
1236,141
2393,2887
2561,2307
1060,4033
3369,2187
3522,2959
2017,2384
708,4707
1007,1315
1556,662
1907,286
3101,4913
26,1135
4196,4783
3298,335
3953,3854
2061,4825
3228,4900
3107,2170
2297,1239
3735,293
53,3437
3399,3990
4348,1405
930,3945
968,3377
2078,330
2784,4981
709,4675
675,1575
2175,659
1466,1934
755,3950
3814,2377
1465,2759
3310,4403
1618,376
1988,1097
1923,3760
4219,3575
2265,2132
4224,2228
3379,3563
3524,409
4304,3081
1353,2772
4031,2081
374,2683
3798,4715
2324,2172
2309,1932
1148,182
4545,491
963,4568
4611,1134
515,130
2286,1696
2516,113
1705,4831
2855,1169
1047,297
4342,4075
4059,4592
3593,3031
3366,1085
268,4186
1709,4392
541,2451
1563,2966
2422,3359
3857,3771
2791,3761
2739,3104
4891,876
4034,2728
4518,653
1798,3866
165,4556
4531,2227
949,529
4320,4117
3738,3643
1905,4760
2182,572
3413,2318
3349,4178
844,2944
1947,973
318,1907
1722,3493
3849,3191
2966,4368
4895,4961
3303,2023
3355,4139
4672,3525
2901,206
503,1923
3168,2213
474,3470
2157,659
3617,3249
4334,3697
2097,2239
345,3486
4867,131
3549,1487
4344,254
884,4185
1276,1493
1993,4289
2264,4032
2660,1330
4238,1541
2678,1648
3699,3064
3147,4644
4688,2543
3456,3578
4299,3005
1084,3641
1603,3906
1241,555
1670,3155
19,509
2912,3621
2127,4634
89,658
1520,2500
1088,2958
285,4062
983,158
2673,1907
2893,2450
921,4186
2060,2704
2416,1220
3176,3265
4169,4451
3498,2443
79,4915
1064,3455
176,1553
2099,62
4917,612
1673,902
428,874
4590,78
3615,3352
1816,1318
3732,4913
88,781
2700,1909
4936,596
877,4910
3747,3498
1966,816
4112,3657
3254,3805
1608,2464
3214,1239
4671,2815
4628,2352
796,4945
740,2523
2129,1870
602,3885
192,2583
2206,771
2186,1464
4120,2041
878,1034
2779,940
1969,1339
2434,310
4003,2191
1722,3282
1601,2283
520,1759
1085,3795
3726,1801
3384,4278
3230,3284
3779,1478
4154,1709
2489,3670
4007,779
4438,552
4565,3733
2831,3636
3870,3834
2995,3739
476,1357
755,3437
896,3522
4006,2710
1105,15
2651,2134
3605,4066
343,2970
395,245
3455,3291
1571,2402
4555,4034
2225,2061
859,1291
1273,3078
3573,2573
2572,2084
2400,1467
1447,3507
659,1843
101,4275
3785,3272
751,2808
786,3511
1423,2712
3206,3980
2829,2856
4969,2984
2377,601
1161,2015
3646,2046
453,4954
3904,4724
1932,4068
4501,2841
333,85
2336,1081
872,3447
669,1660
4141,3173
3809,2118
494,3005
4746,3131
2475,2334
3332,4839
2622,1210
2661,3407
1644,1171
1658,4531
402,1634
1340,1938
1104,2177
4720,749
1116,4638
1427,582
4749,2667
4566,226
4024,1668
611,2114
4937,2801
2670,3048
2292,4060
3390,577
1964,3364
646,3158
2711,4786
1583,4213
1343,4491
3326,253
1201,504
3598,4413
3652,2415
2914,2325
3660,4115
462,4996
1853,2825
3516,1187
1980,3887
2170,1968
1158,3694
1241,4370
1633,3705
3367,2252
2035,1079
2094,1820
4332,4043
3932,1675
905,738
68,146
1624,3600
239,4060
4084,4858
859,4015
3597,4268
2108,102
832,3124
2189,519
2446,2819
1805,4697
4488,142
531,4323
728,1437
3485,960
3323,2571
1949,1471
3912,2318
4815,4574
2589,3259
1861,3081
726,4920
824,3275
1996,946
3010,1753
2853,3330
297,3726
4011,3308
882,3125
4699,932
4325,2230
751,1646
1504,2207
3426,3014
163,4527
3111,2554
4966,1275
3427,3203
3163,1395
2819,2069
2993,682
4142,1687
2043,67
4177,3514
2723,814
4409,747
4353,1751
2938,3956
1794,854
1919,4060
3206,4624
3044,3406
2910,2893
2683,1002
1786,2482
3226,1910
3394,1607
2248,2027
1269,2805
4213,671
2786,2693
2178,2071
515,2131
3245,148
715,2102
4964,347
4182,308
3923,2639
1821,4992
2090,44
269,1759
961,4366
2478,853
1540,2475
3357,3264
3366,4102
2246,2173
4749,3357
3896,171
2489,4954
3477,869
4033,3833
4865,4968
1537,2704
4638,189
1460,3527
2791,4482
3893,1575
1806,4213
2790,4549
3227,522
4569,821
3463,2599
3008,816
2763,3274
1112,992
442,1810
197,317
1850,3408
112,4748
3622,3420
3451,4167
3946,3113
547,1849
2163,3445
3168,1897
3421,915
1790,3954
2862,1165
559,1346
3857,596
2149,2494
132,4965
3057,2259
2127,3115
2956,2420
3762,3834
2889,3203
4085,2058
104,209
750,4820
3059,1145
4878,2390
1455,570
4167,504
2179,2424
2516,2892
3466,4816
687,1804
2513,4952
2906,4256
1820,1235
3112,4862
4102,1252
361,1183
1325,2381
3152,1997
855,4829
4106,561
3915,3529
174,815
668,327
195,4404
1713,1072
2983,1708
1009,2555
1559,1550
3678,2879
1169,3127
2428,1399
3117,947
3060,4765
1326,2884
2101,2692
1735,749
4583,692
2092,4933
4982,4946
3662,2288
4887,3386
3904,156
4756,1238
1635,1781
3882,103
843,67
3599,3150
2791,107
3982,3426
4183,2307
1970,656
1506,3866
2154,509
4773,2346
862,4328
4642,4100
4716,4029
1080,633
2280,4044
1950,784
1542,1233
1108,736
2564,1005
192,4633
3891,221
2793,400
3533,2019
502,3149
2961,2720
4740,92
3917,3864
4265,674
2851,3475
4833,3480
3063,134
4305,2076
4718,2614
4621,4206
1563,2194
4850,2678
3275,595
412,2121
1660,2727
1963,2467
652,2906
1920,3396
1754,4119
2957,830
465,835
2400,4770
4674,174
597,3704
4777,2281
932,4895
702,1048
2936,1543
4235,252
2297,4797
3496,1251
581,3118
4789,2450
4690,4244
1656,2306
2469,1164
2451,1661
4789,1538
898,3411
1046,2164
1077,2286
872,3770
4614,1771
2840,3839
2568,4984
2825,3799
4265,4
3644,4799
4878,3738
3331,730
1134,1548
652,4299
1205,38
3151,2940
3118,62
43,4116
3038,4053
3823,2099
2821,2132
12,4162
2072,1180
187,2024
2292,3896
1272,4591
727,2975
3088,1262
82,4508
4329,2349
917,335
1668,223
1229,4136
3614,1640
2441,2122
2211,3667
741,2394
2791,4310
615,4455
1310,413
1151,1801
3417,2296
4924,4875
1631,217
4932,3275
1114,1126
3150,4632
1918,2501
718,2181
4181,3233
914,2553
4496,4780
2929,4364
2008,4690
1608,2594
4070,756
3278,3311
3212,1269
1971,3221
1972,350
1079,724
745,552
1049,891
2716,476
1211,3805
1715,3225
3790,946
2171,3405
3529,316
2280,2943
4292,2364
4091,3675
4666,2506
4920,3586
4109,4210
1118,1456
4584,4470
3504,646
368,1335
1130,880
4948,209
2866,2368
4251,1562
4548,3100
4320,4403
3543,3854
2617,4047
4713,2006
1346,4968
4672,655
2103,3958
1289,2192
951,742
4966,3623
1895,1518
3233,4734
4464,1659
1972,1935
4274,2556
4359,542
4885,257
501,2400
4771,4433
3201,1195
242,2436
2577,942
4029,2402
1333,1341
3245,1998
3891,4222
3749,3513
4125,1833
1890,3330
2959,3141
3959,4627
2639,604
2116,4703
3033,3237
4675,348
1968,515
2241,3720
3340,2058
4438,1330
2735,4692
4376,4147
1011,2763
2251,924
1686,3303
816,2988
3204,2327
3043,817
308,2094
2012,2164
4950,104
480,2778
489,2146
2895,1051
296,1188
1295,3759
3525,2482
1797,147
2683,2865
827,191
3158,4475
1152,1142
3771,4524
2596,2722
539,2544
163,2742
280,2820
197,2065
2754,3508
2665,4718
1330,2969
3224,823
693,3710
3986,4522
2993,1029
3096,1079
446,716
1304,1694
4977,2343
3368,1077
2689,1223
4262,4355
1825,2524
4995,4650
55,33
3299,1240
4857,4577
3751,882
3510,2381
1670,3041
3595,2984
1418,1735
1141,3715
1719,4287
4745,2082
3319,4390
80,1977
1613,2421
1730,1599
4383,2426
861,3776
4870,73
1514,1057
2217,894
2111,4356
2351,1794
2361,2476
4594,2456
3230,4878
2725,3294
2323,4288
3435,654
3737,1308
210,107
431,954
983,2330
3544,4768
2535,3668
4748,2441
609,2660
516,3312
3294,1050
2833,4714
1464,3610
3340,1136
2163,172
3003,183
911,735
3110,1201
3986,3790
4164,3931
3091,3010
4860,3563
1868,2934
2994,2276
4182,4853
2955,452
733,4656
4722,1578
4982,4737
995,4961
3778,2274
1661,2221
2665,4695
4832,3147
1868,496
1908,3188
4952,3425
4104,3336
161,3073
3761,148
3568,590
851,3054
1443,2673
2648,4956
2767,505
4219,4895
4877,2285
1623,2009
2482,2115
1685,794
4990,1709
855,2956
218,4994
2146,2272
2446,2995
319,3710
1615,4827
3137,698
913,2047
834,1678
4418,1261
366,756
1810,1037
3412,4433
1526,1863
2742,4729
1349,2991
3828,357
2588,1993
4229,4678
3613,1638
785,3894
1483,2528
717,3751
4691,4661
1251,3685
2861,4360
3190,3664
2225,4437
3844,4672
4322,1093
2167,1919
3130,175
700,4460
1735,1463
765,1409
4686,3337
1236,892
2359,1553
4484,3020
4666,3232
4357,4896
2836,1774
2291,4286
2407,862
1724,1283
1947,1970
2872,2143
1704,1951
4790,502
3029,3233
655,4496
3539,2036
408,3751
3606,3919
208,2255
2928,1295
4631,854
2611,1287
4804,925
4938,4528
4646,1941
3577,3656
2346,297
1737,3407
3838,3536
3090,2532
2249,354
4631,2915
3670,1109
114,3058
1242,100
3142,2079
2080,872
672,1478
1449,2873
3959,2411
203,1466
1759,987
726,3314
288,407
2329,1928
2285,2887
4257,1516
4151,1506
1596,203
2236,2057
3132,4612
2575,3737
2751,2840
2578,1879
4959,680
4044,1409
4169,2633
3978,1730
4161,4739
2100,1736
3852,635
3624,1698
3798,3674
2491,4000
4196,1895
2595,2389
1755,4662
677,2812
4915,2819
1240,3863
4650,2393
4134,1965
3534,1207
3661,190
3180,4164
4852,1864
2279,1120
2276,597
978,1305
1257,2575
2758,1867
4176,4545
4778,4362
815,3873
3024,1059
1558,3364
1579,158
2238,3628
1852,166
4835,3978
4239,2909
1805,3666
2453,3935
180,601
3476,3337
785,1836
4836,103
1109,799
758,2378
2855,2368
3333,1438
3455,4034
3749,4580
532,4175
233,1800
4714,4553
4417,3429
1662,1138
4245,1814
2412,3963
2104,3361
549,1489
535,2769
4281,1053
455,4260
4328,1557
499,4796
3163,3442
507,4046
949,2635
139,4392
1548,4475
2708,2798
2708,3711
4142,2581
2552,154
1960,3969
889,3925
1490,3634
2949,3320
1862,3816
974,500
4135,2492
4925,259
3460,21
4060,3101
1554,3039
4306,2910
3160,1648
795,3295
766,3236
3891,3743
2910,2288
4788,3444
157,3169
1945,1016
2189,4397
2895,3202
383,1434
866,4866
1526,2386
101,395
1708,4438
3218,166
3467,2061
2240,2824
4900,425
2280,1332
2469,3563
2322,1575
2966,352
505,4539
4748,3208
1841,4756
1722,3066
2938,3594
4844,864
2705,610
4825,4095
2293,1212
110,3906
3669,4075
1360,4854
3649,260
2192,2000
1991,4581
1249,3585
2517,4749
1719,3989
2540,3128
4746,4617
558,2616
3428,300
2106,2816
3671,3830
150,623
2569,771
4283,900
2696,1453
2872,1156
4282,2623
1298,2625
4893,4309
601,440
3655,520
3807,3664
2127,980
340,4796
4610,2266
4111,1933
8,1973
1307,2076
1895,78
4237,1974
4804,4402
1348,894
3528,3722
1978,3450
3229,1136
4287,1726
4100,354
4351,742
943,146
2468,76
3017,2453
1520,4634
899,4626
373,2300
2802,4407
4298,2808
845,3566
959,3210
1881,2297
3862,2039
2871,3881
2842,872
398,1974
2100,1514
2636,1620
4912,2385
2116,4875
2917,4030
1135,3523
2889,2947
4004,4132
2213,1813
551,4363
3143,4801
191,2299
3960,4220
2594,4331
4750,4570
4974,4938
1482,2572
786,1559
2564,2937
2086,3710
1679,609
3332,1446
359,4558
1916,139
3696,4852
324,1065
4350,2922
2888,495
2505,2547
1557,3260
4974,67
346,2765
102,4849
1508,2250
4098,1741
4519,4599
4174,4615
4009,399
3311,2776
2439,3841
2388,1255
4014,1868
2416,3720
3992,2117
1793,841
2593,3163
2404,607
2331,4594
1579,147
3935,4889
3245,4823
1667,4287
166,28
1759,485
2052,3387
3587,3829
1919,538
1182,4216
2230,2424
1701,2224
1895,4578
2729,2872
19,4475
2399,131
2685,1005
4617,1803
3386,3502
4983,2120
3866,4819
967,900
3243,413
2059,4258
1464,2196
3373,240
593,3411
4380,4006
1574,2354
2316,290
2994,1188
4133,2576
1428,2396
4837,2016
3414,843
2077,2348
3750,148
914,3443
3354,3421
4609,3412
4974,4960
4257,4075
3171,3728
2774,675
1850,4244
3014,2287
1341,2557
1787,2146
347,3722
339,1714
1024,3955
2918,2999
3985,2896
3510,2786
1859,4214
2838,3850
4626,2775
1709,2424
4289,2331
951,2265
2333,3728
3408,1837
3896,45
3893,435
3394,1624
3006,232
2905,4349
2849,2871
1193,633
1095,664
4226,1950
3967,3533
3529,2274
1769,4671
3460,2769
3093,4023
378,382
1729,3982
3922,3942
2288,1935
4239,901
2970,1825
2154,4811
1835,4144
3614,82
2685,1299
1986,1466
119,977
1680,2948
1758,4179
4459,4431
3185,4609
3645,2809
684,936
3794,4690
4787,2331
596,1263
2338,4631
4903,4796
1830,4301
736,1314
2340,2556
1965,427
3441,2320
1184,901
3023,2831
4816,1312
4975,4103
295,277
945,1492
4678,447
2793,4830
255,220
4604,848
2969,2754
4703,4769
3683,2970
629,2041
1248,4571
3359,1309
3183,1568
2965,4391
229,2052
3188,846
275,2213
3976,171
2733,718
3359,4076
4998,2433
4258,4780
1004,4979
3527,3094
1159,2625
3010,1588
4273,1077
1991,1872
4744,773
1424,4686
1743,1272
1145,4182
196,2734
2043,3726
4676,4887
3597,2167
3722,4657
1422,3832
3245,2481
1943,403
471,1595
3370,834
279,3296
5,4441
3929,547
3340,1660
3186,3291
2532,3286
1491,1426
1362,1695
1243,4194
693,3356
2715,3644
3519,3612
4221,2708
3308,4376
2441,1073
3154,4847
4183,4150
694,2208
4030,4469
2248,990
2531,500
1861,2327
3289,2082
704,4811
4913,4917
4813,4063
2470,2886
1725,2197
1611,4171
1308,2668
521,482
2729,1135
3290,117
165,3437
617,902
1221,4180
3956,1799
4854,1822
3441,4889
1044,4821
4587,1659
4687,3991
583,248
1261,3434
4239,2768
2464,709
2442,2451
2844,670
551,476
796,1505
1756,4197
4607,4670
498,335
4062,2547
3922,3881
4719,3411
3537,4837
3359,2619
3928,2703
890,2953
2120,2236
2403,2896
3430,3697
1966,815
4296,2199
66,120
4719,1377
316,4419
2361,2268
2473,108
708,4421
4628,4309
4837,4349
715,2612
198,2862
3522,1678
1391,3241
4579,4736
4424,4103
3976,4666
4367,1433
4722,3139
4806,4037
1290,471
1008,1913
3004,694
3549,3312
4442,4882
1072,4561
2913,3056
3560,3880
2888,2279
707,3856
1771,2156
3884,131
2877,4368
2002,540
239,2940
2232,2545
3890,1890
4657,2117
1516,2100
4774,4317
1682,1576
2973,1535
48,1349
232,2893
4374,715
194,1776
643,3014
2728,336
3677,1364
4297,4951
2970,25
729,4720
4047,3589
2799,281
210,3757
1030,1997
3369,4491
1812,1115
183,1018
3567,3393
1904,415
305,4985
4187,200
2178,2280
1290,4384
4694,1987
4629,3098
4095,3566
256,4692
3031,1963
1560,3973
730,2159
4706,4309
2075,71
680,2933
4373,1845
962,1629
167,3256
539,3180
1977,720
3568,3815
256,4779
3071,3827
3095,2741
4158,323
4925,224
3016,1151
2932,3625
504,506
142,4659
4293,636
1924,4230
591,1960
2192,1071
3330,3976
3716,3651
3123,171
4923,2186
3813,219
439,3667
3277,4399
4869,2334
4813,4429
2641,1441
4188,3775
3867,3967
2371,69
3121,343
2280,1076
4613,1564
564,2315
2429,2022
230,1869
486,4298
164,2825
3157,622
2511,4308
853,2261
3557,4158
4645,1588
2969,3112
3609,692
4655,3135
3050,412
1603,2245
640,4390
965,3983
1534,3226
3620,4078
2074,4007
4172,4747
710,3692
696,4819
1134,2661
3934,1121
1107,516
2878,1887
4581,2809
2063,4819
2754,1378
728,4526
1462,3340
1558,2677
4628,4141
2426,3956
3628,4139
3104,2495
1910,1729
956,1239
1223,4448
3376,452
1353,699
4554,4347
1718,3848
552,1590
293,4169
2685,4470
2062,1480
4864,47
413,422
545,2300
1203,2872
1588,1270
2864,2121
4806,1070
3477,4972
3634,4729
2712,65
911,1213
1273,2939
42,479
2461,656
897,1352
3101,282
2512,232
3267,4762
3358,2599
2151,743
2135,4719
2470,1462
2717,4418
1454,345
470,59
104,3218
1965,4254
61,1475
1393,588
1358,3375
3826,4294
3428,2892
679,2407
2032,350
2920,463
2648,4047
4939,2339
1236,366
3469,2940
390,1113
312,458
1135,3311
4984,2017
630,1179
510,4605
2734,3736
3618,3399
4068,740
68,1162
4694,3627
2081,1740
3367,1926
1898,1986
2805,276
3378,4615
3862,3062
2998,3422
3765,3880
1105,3712
2756,2774
3150,4049
2112,3718
2854,2969
343,3002
2909,4483
418,3276
4446,2536
1191,2632
1211,1905
1834,1189
4628,810
4753,3201
153,1825
3924,448
4228,3288
3032,2684
2226,2026
4506,1785
214,2188
1518,4713
86,327
1450,756
2723,3238
420,2169
1420,4297
1842,4720
32,1051
2161,2182
3247,1392
4666,2852
2918,580
3894,4678
2716,444
4151,2180
1985,3134
710,4999
4801,3504
3440,1388
2574,446
1487,4867
3122,3576
1317,4276
115,4639
862,4935
4944,827
1496,4152
1049,4864
3931,4246
1523,3800
1394,4487
829,3440
1369,2793
4221,1437
582,2281
2311,3334
1399,1578
124,1612
3205,2237
542,69
2520,418
842,2377
2369,4668
2104,108
2922,772
4847,3638
4080,299
636,4771
3199,4691
2247,4821
935,1123
18,354
2389,4742
1541,119
3472,2509
892,1294
2291,1279
858,1716
1336,456
1221,652
1254,2415
156,3383
488,1744
3830,2384
3498,1977
1513,4955
470,2730
1009,2583
940,3668
3783,1493
4759,11
2834,4809
1101,3531
4417,2009
4424,3817
2988,4713
2400,513
4711,2139
4165,114
850,2261
924,3268
935,3296
3974,4133
366,1951
2109,3121
203,3611
3591,1633
236,3519
38,3070
1528,2815
1862,176
2560,1882
4257,2690
1500,2326
660,3567
3588,3640
3997,3144
1068,1806
429,2515
4831,4522
4622,3292
3559,499
4253,1503
3714,1016
2233,307
3375,4110
2130,4212
3899,3027
2294,3576
4733,3646
3972,4739
154,2985
3443,2393
1349,2104
849,1203
2145,2909
368,627
3784,4998
992,4688
724,585
1336,4988
731,4637
2886,4729
4466,155
3611,2094
249,1559
2240,1570
3355,2857
4707,2927
4325,4799
4729,4097
4969,3629
4550,1016
1585,4312
2652,761
3347,4643
1510,1962
235,3391
4777,2214
3024,3337
306,2155
3955,4341
4928,2940
3123,3600
2634,2316
3146,2779
1635,4947
4093,1497
3565,1485
1031,1387
2986,3889
4246,1674
3746,2736
689,1186
3989,4149
4896,3922
3495,3044
273,1618
3329,3270
283,1048
2818,3573
2706,426
687,1552
2152,4507
1331,2886
3486,3618
4104,1486
3780,2112
3717,1910
4617,2456
3714,1581
1264,3574
1936,4291
2404,460
1892,412
4574,4087
2797,3442
337,3828
1335,2730
1377,2957
4840,2545
37,2575
2877,3907
3284,4286
647,4798
2022,2688
2732,536
3432,1820
1046,1387
3512,968
284,1728
298,2681
2367,3554
357,2157
239,2155
1512,186
202,2314
657,458
4403,1811
1540,1
4540,1956
3493,3602
3470,2519
4967,1506
3173,1088
1174,4902
3857,225
2094,252
1122,1972
4941,4867
3285,1917
2696,1825
4598,3116
1076,4057
3887,4730
200,1850
4314,4955
4774,1965
2903,2478
4530,4702
3984,3020
2940,737
3969,254
1003,4264
2755,2945
4240,3269
3880,2482
4781,519
438,595
2045,574
3573,104
3899,3267
4407,775
669,1225
3356,1054
619,2442
3320,858
2195,2093
989,2522
2840,710
849,1456
1360,2803
4873,3779
3883,3499
1213,2737
953,1489
4608,744
4583,1505
4544,4721
95,3822
4645,3739
4245,4621
3967,2119
183,4394
2850,4060
2149,1039
1566,4992
2441,476
2916,1355
4175,4929
2858,2323
3582,2383
2126,961
312,3178
460,4181
3592,246
2970,4935
253,3346
3603,3574
3204,4285
259,3939
155,294
481,1488
4306,2840
3934,1726
2492,4652
2595,3755
1302,4288
4935,3405
2957,2519
4327,3408
2790,3825
3366,200
2923,3000
4086,2666
453,1068
2988,824
2781,580
4631,4091
1626,547
2361,4833
797,2495
4922,2217
4058,4707
3662,4513
1670,2525
366,4289
4790,3843
3681,931
1803,706
1424,3315
3446,4729
1137,374
4451,2628
4563,4859
4510,3936
2429,3467
1417,4432
2007,3934
4955,2054
2050,259
1119,3074
1712,3179
416,3542
257,1454
2853,1064
1381,2683
1388,3405
2477,481
3870,4063
2523,3792
698,3454
3223,4692
1828,4686
1156,3823
3851,1448
1439,3356
2367,659
1471,1069
3749,382
59,557
2755,561
1450,1470
4064,4782
4386,4955
2095,1360
1521,4022
2274,610
2795,4864
2095,1123
4091,4902
2686,4251
1147,4747
2545,3043
3728,48
3124,529
4227,1461
3363,4913
2241,3332
2848,2639
93,1737
4362,1446
2191,2772
834,1777
2291,3748
1068,3324
1770,2821
4587,1252
3517,2697
3849,3441
2852,2246
4171,2648
2175,3292
2392,2790
4561,1815
1477,2384
4084,1501
2363,1650
3225,1105
2125,2791
1873,3059
1212,3671
1975,4982
3787,2202
4997,3479
482,77
38,2296
191,1426
4777,3593
269,902
1635,4026
4294,257
3413,892
3607,4433
1746,704
1164,461
1683,2452
341,1464
917,4964
4972,700
2765,32
717,2223
4894,4727
4323,1995
352,2164
858,1259
2803,3654
4352,4082
3365,1339
2731,3020
3646,3466
407,2176
230,2824
4704,3129
711,937
2554,2942
808,447
2102,606
161,4242
3542,4358
2022,2980
2307,4371
981,4574
4426,1392
865,3860
2406,2355
1416,1292
3387,2511
4666,975
4053,3282
4807,3063
229,2896
2840,4505
2464,3189
4872,3487
3512,4552
540,3814
1029,3367
2136,2799
496,376
59,2376
991,1019
2005,4068
4921,1369
3441,3116
2103,1535
1065,939
2266,3527
4414,1598
3869,1643
4437,4324
2317,1223
3022,1597
43,3194
4956,797
4529,2544
22,4120
1552,3768
4027,1569
1433,3115
3689,1065
3891,825
2791,594
3931,4066
831,2567
4144,1538
4420,3780
751,3730
2340,860
3205,2596
1616,3794
1035,1192
1366,2192
3710,818
4838,3048
2360,2019
4567,2695
520,3189
1199,3154
4142,4718
4736,2328
980,4492
3273,354
3800,2625
2638,2066
1553,3201
1622,760
4467,3610
1283,3222
2442,493
358,2755
4729,4310
3736,4491
4389,3246
2897,18
4724,1698
182,1819
404,2535
4429,2894
4858,4528
1573,4899
1349,490
4730,3590
4377,651
4917,368
2835,1018
4087,1596
1496,3781
349,3108
3110,4385
1916,4796
2264,1117
900,4522
2447,1783
1809,4584
1496,3832
2539,4683
3688,3006
3174,1426
561,3385
2593,3717
4968,3805
4836,3513
2963,3478
1234,2848
3284,2935
298,384
1031,3308
2203,405
3511,3341
1680,316
392,3938
884,2243
4808,2730
2818,3434
4586,1972
2220,2638
3544,1716
3988,3726
1846,4883
4444,3168
4419,2368
2643,4195
1217,3648
3471,1301
1502,3305
2385,1830
3814,2960
1269,1590
966,4841
3091,2470
508,1490
50,3087
722,1181
144,1272
3849,4963
1375,287
2083,3480
4630,3673
266,1675
1520,3392
4693,3498
3542,1357
1217,1064
620,1076
943,2417
823,2462
2200,1292
1826,3075
151,1817
2990,1931
29,1041
4501,3509
561,4472
1203,586
1388,4231
1316,3381
2679,3354
4324,951
4749,719
2130,940
3412,3608
996,1288
4587,3186
3589,3234
4018,2690
2799,3182
2941,4535
3272,2408
1870,2790
486,770
502,2277
62,4366
1213,2048
2891,15
955,4807
743,1148
1334,912
4121,860
3254,1493
4686,4899
1090,75
3798,2854
3287,3887
3227,3764
3460,2404
2980,593
1556,1466
4745,1755
3699,1452
2154,3989
1205,2874
3678,2336
4871,1531
4011,1999
3417,2738
4678,1678
3457,362
4669,4730
4071,4266
1848,949
962,4637
1649,968
50,376
3329,3029
2428,2156
1529,1604
4965,616
1299,146
4191,1466
929,4646
4769,1043
2725,751
1087,2020
2888,4092
3082,486
702,2951
4503,4002
3670,2687
2698,1266
1335,1768
859,3052
4759,1375
2417,59
2779,3468
1817,1334
49,481
1780,4012
147,1483
883,3758
3073,2983
2520,383
2610,1377
3652,1332
736,4451
2074,1465
1555,2047
560,3389
2531,652
2074,4172
3434,4277
3026,3975
2304,2307
479,3475
4439,1427
764,2173
4716,2654
1032,2895
1693,1249
1860,1271
4247,2675
862,846
83,4342
4966,4874
4112,1800
59,1336
4709,3639
4990,3736
3850,2983
4442,3888
3805,947
2445,3583
1924,294
3594,1227
1032,569
3382,2504
2268,1943
2176,4172
4415,3690
4007,588
4990,4634
958,3769
4836,4362
4881,1883
2180,4649
4474,2118
3769,740
426,2428
785,862
1366,4278
2837,582
1406,997
783,1837
4501,2435
390,78
4850,3422
664,1203
3370,4242
2678,2378
3170,1550
2130,3761
2258,1674
900,975
3667,4315
1673,1826
2817,3886
4211,192
4563,2782
2896,4999
2803,3232
367,4866
4000,4016
1779,3885
1107,1076
4585,2214
1776,504
4200,4540
1970,393
3090,422
345,1994
4269,1915
2919,1556
1335,3772
2815,1223
836,1053
2161,4703
1069,4255
4873,3171
2078,4443
3134,1787
3457,2595
2525,1229
4040,2637
4899,1650
718,3128
2145,1309
4472,3267
1376,2296
3517,2317
2073,1829
4804,4769
507,4901
4394,4343
3795,1449
4104,1284
301,727
882,2330
3046,122
4793,4545
4047,255
4817,4877
4755,1895
1052,443
1897,3684
1252,1351
3157,4016
159,2341
3945,1643
4088,4146
4051,2051
106,2561
1893,4940
3256,105
4900,1128
2389,4638
1076,444
2119,3378
825,3604
3092,2107
3375,4992
4472,1820
4066,3421
414,1325
2685,3339
1437,1238
483,4799
2935,68
1063,3701
3855,2803
3627,4700
4767,1424
4996,4330
47,3250
4552,2211
4490,3700
2719,1214
299,1470
3779,4930
3115,3577
1532,4099
3228,39
1835,321
2280,1299
548,891
3169,1105
4590,4352
3177,4234
2570,2972
1141,1381
4101,620
1206,2607
3635,4401
3800,3422
2562,3463
2896,2041
4430,234
1972,4377
4349,4155
1702,2334
4026,4944
913,3850
3954,1404
3334,3507
1148,1754
2684,1016
3303,2398
3965,3596
4592,3020
1112,1595
596,3728
2354,4639
3356,581
1059,3985
3218,2015
3986,4828
1605,3031
2847,1625
4967,2212
670,2599
3932,180
3289,2945
1936,596
3560,4211
2222,3761
3470,2235
158,4693
3923,4585
3337,3946
209,4631
558,1341
2033,4366
2680,2488
3304,4604
2186,1172
1802,1151
1921,2029
669,4228
4126,1424
4294,831
1000,2498
4640,313
3910,382
2433,832
2282,3884
2486,694
819,3665
3070,4656
1554,925
2323,1036
1436,4686
3175,926
2203,51
399,2883
3073,1541
4157,1976
461,1491
1156,1688
1084,1879
3330,191
1436,1480
4407,558
2001,3238
3641,2001
962,2563
1763,1470
3638,1260
504,3754
4637,3060
1635,2586
1504,469
3086,4984
2084,4526
3145,1959
712,4850
1696,1992
205,4254
4990,2354
3667,1243
1287,984
237,4252
3997,1138
2789,279
2675,748
376,4913
1873,504
403,3823
927,561
435,3680
1637,1317
1233,1487
2141,3886
3239,954
4086,1623
2324,3086
2851,4828
4376,2443
3900,2585
3933,1958
1409,3019
341,4066
4947,2689
4361,1295
2525,896
800,4458
2045,2233
1241,2984
535,4455
1649,4241
4876,4537
4167,1771
2014,2697
32,1726
1000,2871
4349,3754
1117,4368
2028,822
3377,1231
2985,3183
4427,3913
2592,3350
1092,1619
4727,576
4053,4582
4901,4662
4104,265
663,4866
1902,977
4523,1921
702,4201
1641,2474
2713,1970
3836,1158
1533,1823
4123,4772
2827,2797
3554,3247
3368,4977
2668,2710
3564,263
618,2546
2283,3473
4956,2534
2239,4061
4566,3795
1640,3265
2581,3874
2906,2521
3338,4995
2183,877
3089,4445
4218,4789
4013,3753
564,3918
968,2708
4526,4026
1513,229
4185,1009
496,719
2687,1148
2553,127
2155,3719
1979,505
447,2456
1629,1111
1022,3520
4731,4774
1152,4251
2458,3774
3477,2297
721,281
2821,2263
2154,3395
705,3341
1679,2256
2824,296
3825,905
3433,1036
661,4034
3481,1731
881,1932
4951,3030
3863,4474
3378,2977
3559,3297
4941,3676
502,4883
1408,3610
74,4516
463,1195
1128,1947
2902,4571
924,3593
3938,861
2172,1499
1846,3052
4463,157
2404,850
537,3916
4557,2811
1329,494
3369,83
405,782
3619,4384
393,2261
3103,2593
1422,1261
2352,3104
4813,648
2024,1206
4143,4937
1641,4112
3990,1080
2416,1363
1400,2914
3249,2141
4131,1074
1193,4175
4106,2164
3290,3162
575,2294
1306,1801
4565,972
3645,4621
4291,4180
4146,4956
2157,4446
3630,4208
4611,3129
3660,2650
2028,709
2639,4655
2493,4494
147,648
1837,2372
1284,428
963,555
83,4545
740,143
3315,4368
3562,338
2966,3633
2296,3812
3116,2121
4999,761
2334,3415
4180,2538
2127,2263
586,2473
2095,3386
1990,1947
322,33
1492,2552
4896,3834
3846,1294
3960,4121
2722,1527
3806,2492
1860,486
2212,2774
2271,4312
4107,2913
799,1659
1785,4856
2907,3056
4247,3071
1169,2761
515,3119
2183,1927
934,4967
3273,3376
4240,1380
272,4399
1234,4977
845,1039
728,1043
4771,265
1828,2913
3519,4396
3655,418
104,406
1821,310
333,4575
2385,4829
4390,3485
3260,2677
2823,698
3,4878
997,652
3266,2213
1124,2572
1911,1997
3603,2526
3416,930
4681,3891
2264,635
1621,783
2149,4306
520,1232
1613,3464
1425,4693
1293,2106
1641,708
3198,3435
2312,4361
4565,4985
3659,1492
861,4910
3172,4020
3390,2396
1740,1443
1662,2253
3879,1388
3236,1797
4861,2132
2785,1806
2838,2030
4373,1150
183,1630
1545,3170
617,2816
1407,4605
3942,4395
567,4824
1792,4416
3986,310
4446,3150
3497,561
331,2107
1452,2390
3963,4586
2714,3463
1650,3775
2907,3578
886,3589
588,78
1721,1012
1313,4758
664,4636
4263,4117
4320,3683
3134,137
3416,2486
3240,2709
792,1277
1182,820
4032,750
2436,450
4518,1220
2355,4994
4545,3148
587,4719
2652,4377
2802,1474
3350,4827
142,4824
3972,4505
1675,179
2521,284
3179,1486
3323,1891
282,2714
2471,3805
1167,3059
663,1563
1360,3727
2259,1753
1158,1027
943,3171
448,3923
3895,1961
2873,4922
22,4661
1365,2772
791,4373
2079,2345
3058,835
3564,4799
620,1576
4285,2688
2182,4766
2608,1473
2650,2669
4145,1793
2839,4167
2961,4899
1792,3807
1216,421
4234,2575
2428,4042
2473,1840
3376,3733
2839,787
977,3146
1643,1291
4123,4640
3710,1358
736,1916
3326,1469
1496,1286
1075,3727
2312,1324
852,3291
574,322
2817,3618
1671,913
722,1858
2800,3973
3439,4170
3784,3793
4215,3717
4547,4664
2484,1609
298,471
787,1931
2668,51
4018,2930
1005,3079
2094,1118
995,1813
3223,3335
2857,2231
1633,2578
3777,3585
4694,3729
4176,3350
4076,1594
3179,3198
1640,3631
1840,2750
2899,1770
3865,170
1051,716
3335,499
3542,1295
3096,747
3998,3362
3130,1813
2153,2073
3787,2256
3158,1591
4617,1940
4836,2648
2195,3664
782,3828
4755,1619
2756,2312
4770,3707
1263,1039
2515,1020
3292,1800
335,3162
4695,8
2124,1242
2653,940
1661,4546
1779,4269
3126,2784
3567,3198
4359,3497
897,4945
889,4818
1568,3901
4521,2157
1468,3601
683,1641
877,3648
1031,606
4195,1551
1666,3982
3084,3843
2157,1544
2946,2609
3569,4832
4854,1594
4742,1054
221,3617
1178,863
443,1866
2897,4117
470,4454
3660,523
4611,1207
287,54
4559,1892
4359,639
2589,3847
4895,2524
602,4272
315,1734
1485,1128
4773,3449
362,2655
545,3231
2588,3211
4515,3545
2713,239
2986,4576
1059,4132
1711,832
1466,4264
1672,4500
4638,410
2323,4370
204,2315
3207,2844
4497,4306
1981,3908
2619,920
1357,2916
43,4253
2448,3039
463,3748
4809,2391
368,1943
1825,818
2920,4756
4832,566
4907,1173
1375,1056
2709,2935
2425,474
534,1483
1839,3002
3404,3975
4554,385
129,4677
2176,4855
230,3538
3737,4259
2994,4798
729,2020
355,3504
1315,1823
3995,4058
3598,3276
2869,4890
4334,4500
1813,4645
1581,2441
3021,2425
1096,4255
1818,3178
2031,1566
4204,3914
935,2623
3796,2285
2797,612
1503,1829
4908,996
659,263
1191,1193
3373,2686
412,3837
1340,2455
2835,3814
4707,3833
3370,3822
2771,4347
1105,596
3571,734
1881,4427
3534,2526
4790,3662
3919,797
1691,1778
2603,468
3237,3082
3468,457
4033,827
2504,20
1519,4369
2244,2170
1401,4721
383,3474
25,1084
2416,860
3185,123
2476,3387
4995,2146
4528,2176
1897,2138
4790,3285
2835,2783
4149,4597
4602,4877
3653,2369
2828,2397
659,2409
2517,1385
2132,3841
75,1108
4428,523
2234,1673
888,712
3328,14
1121,2995
736,3569
4081,4705
2247,1142
2065,3859
952,3881
3388,987
4330,3700
3954,222
1626,2024
2374,705
3058,4166
3954,3776
4181,3862
2957,1642
1823,1958
440,2107
3176,1992
195,2330
2351,3417
3864,1965
406,1397
42,562
3061,3708
4373,3247
4916,1892
4007,4805
1062,3368
3783,1669
4379,454
3503,170
2115,808
2710,2822
432,3571
2133,890
3154,386
1016,4736
4064,4694
2670,2364
1342,3269
1236,3204
2887,2078
3280,1929
1466,3868
4286,334
3545,4708
148,2438
1571,3335
3329,3712
1555,2513
3989,3629
533,3880
3566,2157
3791,3084
4409,611
1450,3255
4367,1332
4089,3796
2676,3845
4663,4824
1522,3508
1472,966
3943,4530
4275,2948
4520,1339
1400,4555
3430,4644
4838,1117
3932,4992
4693,1483
954,4342
987,2411
231,3986
1057,28
2641,80
2170,3349
1769,2620
1617,2205
4856,3724
2774,2937
1946,2074
2202,315
4924,2423
2939,4585
1795,4179
1340,3055
513,4220
3618,2159
902,3133
1213,1141
3726,2335
896,2625
874,1086
4978,4237
1908,3525
530,3909
4730,4544
3109,4933
2955,1916
2761,17
4820,3900
3849,1478
754,1689
1258,1296
4102,2468
4705,4516
991,3114
3125,3790
1294,2659
1890,2472
1813,1361
3153,309
3553,2349
1381,3177
4175,4146
1810,2970
4008,3828
2798,4487
1288,4301
4259,1684
4201,3724
2530,1053
4472,3684
2379,2518
4277,2348
285,2076
845,1937
4097,628
4119,1600
4664,2150
4189,2034
1361,2416
1616,951
4376,4813
4694,713
856,1265
2622,2683
420,4197
896,4946
2638,1882
2452,4180
3468,2602
2936,1776
944,4750
2692,2829
1185,3675
1137,4445
1702,145
2645,1152
1626,4603
1938,1798
3534,2936
3332,117
270,4871
4837,1950
296,2617
1632,1566
1699,1315
4098,183
3735,3484
855,3883
444,2392
1547,970
4977,4078
3829,950
2186,1870
1530,3972
364,3647
2596,3609
826,1264
882,522
782,530
373,4932
1165,4821
4459,4991
4120,2963
4465,4324
4737,245
248,1838
2944,2253
114,3961
4995,2850
1283,4378
4879,1112
3704,595
942,4019
2447,2748
3608,1524
953,996
2145,424
2163,2749
4503,3859
62,1570
1079,3198
3525,2614
1251,285
890,726
4482,231
4563,4969
570,4504
4956,1061
1697,3273
4137,3809
3097,2890
1836,2513
1629,1556
3438,1927
3589,3372
3733,4118
4177,834
3480,3661
2868,3458
876,2172
2585,3719
129,2652
3239,76
3754,1343
4364,4765
1197,4499
1835,52
4519,924
624,4250
695,4150
3994,4758
998,4178
3464,4204
4308,2357
4722,1735
1758,2591
1637,4022
4287,591
2570,4044
4176,2501
4491,2604
159,2865
2251,3175
1571,410
3350,1213
4249,2928
2227,3009
915,930
1663,569
4458,1943
3398,2252
763,180
2025,2434
2791,4985
3678,3701
2572,2338
3890,1340
4155,192
1617,1379
1151,254
4362,1692
2762,1452
4323,2581
3359,2235
1170,4521
3388,4743
2657,1001
4881,4430
3234,3131
4769,4972
570,1633
1370,2015
3703,2011
2845,1902
2137,2656
4053,347
4685,3126
1765,3578
4660,744
351,2440
4234,3332
3040,360
2779,1006
2248,3848
1477,4024
48,3521
1180,2395
1713,2953
2892,206
649,563
1640,2472
70,4407
64,2543
635,4327
4178,3919
4314,3782
493,213
1921,2265
4851,3054
3438,2672
249,1007
723,1436
3878,4542
2688,3770
453,3732
1170,2561
3622,269
2395,3673
2119,2934
2648,3506
2113,2763
1142,1992
1609,2095
181,1955
487,4063
3804,594
419,811
4675,2877
4283,2467
2238,3050
1233,4834
4364,537
345,1716
3439,4228
880,4312
2051,35
2157,1152
3820,266
2512,1215
3436,3957
1955,3686
4325,2868
2301,4356
1651,3794
3745,687
892,299
286,32
3212,1596
3262,4804
2347,4069
2063,4790
4440,4113
127,3270
4415,135
1100,4140
61,4705
3777,2043
2765,4142
2311,4332
1879,3803
4749,1917
1165,4749
1065,2466
1155,4477
407,3211
1163,3758
2622,4336
336,497
1905,3815
2280,2504
3037,4635
81,1913
3834,2657
427,4581
635,1605
3690,2938
1153,3488
3172,1861
4820,2037
1973,183
3630,2606
1965,2929
951,1196
1686,11
1961,3237
1472,374
4671,2420
3541,1175
1947,4594
1673,3663
3759,2402
3683,2111
1753,3637
4317,4335
4403,1379
1641,3871
4700,2965
4720,1487
977,660
3157,2704
875,966
1031,1941
9,2205
2665,4238
587,3136
3485,730
3228,4488
3784,4936
480,4295
3797,3374
3730,4465
2523,150
4515,64
4725,4647
4749,1682
3331,2217
4206,4038
2870,3567
2612,142
3746,3983
3619,3301
2640,1757
1546,88
2453,493
4878,3949
5000,697
104,4358
585,1588
4608,3161
732,1076
4981,1376
3592,1253
4381,2575
4924,3473
2211,3410
703,1215
1663,1167
4478,4394
2226,1522
3041,482
3441,929
2204,2078
4585,2986
4268,3931
3199,2059
4832,1760
2630,4929
2924,1720
2944,1717
2084,157
4854,2126
4106,4312
905,1926
2604,3881
3971,3020
3568,1566
772,4944
4957,975
2299,1873
1071,632
3809,1171
2422,1678
1916,3856
527,1718
1987,26
3517,3082
1677,3210
4996,4705
4960,4813
3092,2235
1850,739
958,2918
845,926
3645,2816
1595,2528
1870,4892
605,2482
1247,1335
199,1901
1037,3369
1923,4661
4118,1255
654,2952
2577,1721
4753,1704
43,1413
2590,1740
4709,2623
3118,1843
3758,3631
3653,3835
1986,4339
2695,1810
4192,2962
1819,4882
1378,1514
4822,2567
304,3894
3247,713
357,2358
1720,2041
4832,4177
4534,2714
1409,2693
1438,2092
3016,1253
1442,3095
3942,1748
4277,4609
1559,1113
1230,195
3263,4693
2651,2738
2657,737
527,3434
2752,370
3509,239
2977,2633
3575,927
2202,1252
1600,769
3684,1465
4389,936
1858,2683
2244,1417
4761,4229
4650,817
4602,2174
2518,4098
16,334
2792,2080
4514,4162
4002,2787
732,3617
2693,2396
1361,1888
1501,1849
47,3472
2890,3831
4879,3376
134,4528
3428,932
1458,2214
2203,1530
701,3819
728,268
2930,3394
447,4829
3594,1332
568,4665
3938,3703
2131,3428
3604,1671
676,2268
2657,2709
478,747
2373,2076
42,4297
3644,3664
3342,3468
1455,4260
2056,142
2344,3237
3404,2851
2657,824
16,1318
569,2914
1935,2705
3485,1646
3777,805
4050,428
4764,4888
1658,637
2015,4642
917,4960
4746,344
1481,1634
4602,2968
779,2412
1158,834
3127,3478
4976,2063
2180,703
2935,2779
3557,2768
338,710
3974,1098
297,4164
1859,3629
1844,3967
4308,1709
3162,2780
4500,2123
4869,4918
1448,4891
4817,4631
3313,1462
1710,3033
155,451
4458,283
3704,1906
4870,4896
3899,2609
4712,3869
2144,3218
1662,2141
761,3160
4115,3309
2315,178
208,491
970,3224
3271,2179
2983,3032
2292,2837
3720,2219
1232,4743
570,2571
1457,721
1538,4860
4562,2328
1169,3950
2013,4927
1452,4604
712,2719
1302,1210
1875,2827
4378,3945
458,981
2822,448
2796,2413
4240,1299
3249,1810
4639,1325
3674,1185
4071,3662
4400,3880
4910,1335
3233,1837
3033,4156
2282,1336
4243,1028
1802,220
1057,3066
2439,4908
888,4062
955,2821
1321,507
459,596
2865,118
4013,946
1099,1773
3631,2797
2456,3981
3735,1494
932,3225
2517,2578
1644,3404
2893,1963
2184,3594
493,452
3597,2924
2474,3502
36,3764
439,2478
1945,4773
1195,848
1971,1183
3962,3665
300,3654
3036,4999
1924,4702
3964,2779
2295,3036
2773,4421
1108,1954
4987,1434
4546,2082
1118,255
1352,978
3806,3809
2158,874
2380,3592
2088,2297
1507,2258
4053,874
580,794
1094,2935
1008,1608
415,3293
1546,1519
2202,672
3760,4074
1275,348
2564,4255
3803,3738
4159,3390
740,573
1619,1739
2481,3835
4370,3318
1233,4392
1901,3759
4440,2391
1744,497
975,834
747,2627
2842,4250
4811,3799
1894,4984
3096,4409
196,4177
4208,2019
3731,3604
3722,1739
1848,3442
4833,1309
4743,1913
1287,902
1482,1536
989,3434
4044,4469
2313,900
175,2724
3965,1921
2220,4764
2506,3489
2971,605
4644,1378
3624,4373
2860,4192
3510,4288
3635,785
3510,362
1318,3328
3943,4316
3953,4739
2213,829
4367,412
2310,3836
3203,1926
1990,3961
2375,925
1973,3177
3922,248
3159,3101
3408,2011
3588,2126
2755,4830
1936,1400
4235,1726
3903,3940
3736,1052
4345,1746
3111,2607
4996,3998
4545,2351
878,1611
3274,651
716,4529
1846,2071
3173,3752
4782,3118
2876,849
4580,806
2996,3660
4849,111
4187,1810
4376,4877
2857,1182
4103,385
381,3495
229,4399
2541,4281
2188,4697
3406,1746
4398,3199
2016,974
3425,4408
1866,200
4292,919
1024,3490
3979,468
3312,4243
1401,881
1673,1656
1164,3803
4797,3324
2156,3212
1877,2830
2103,3945
644,2856
3502,1841
3261,3520
4836,3340
232,224
1177,4766
619,3903
2594,2449
1994,4624
317,3952
228,4044
2977,421
4498,1163
901,4229
3770,1989
405,1126
2339,2068
1383,4052
808,4968
887,71
3500,3319
2508,1477
816,3384
2848,3356
2440,4568
1176,2596
385,2341
160,3965
4126,764
4578,4429
2526,1098
1750,963
4935,642
734,611
4387,4167
1251,3536
452,4334
3752,2566
3845,4399
1097,3852
4344,130
3690,4985
55,79
3295,2146
4223,2978
399,4489
1215,4546
2150,2612
2568,1961
3095,193
4098,2825
3689,601
1809,1257
3898,4835
4690,4102
646,3139
3256,763
639,2306
2469,721
642,145
1682,1736
1016,1389
870,3458
213,4160
283,3794
3970,807
1479,2774
1838,2043
2193,4754
4251,1696
2716,4879
2341,3484
4285,1168
1665,3428
2909,4277
2776,954
588,4540
3529,1681
4594,3051
3888,2260
4900,99
2181,984
371,4700
3882,3934
2522,673
3257,3531
3265,3345
92,2953
1874,645
811,4694
2091,4257
4818,1150
1816,1234
4066,3422
4317,619
3623,887
3432,2494
1567,3344
4179,749
2870,1645
3616,4018
2372,1537
366,1820
2338,477
2283,4837
2203,4086
225,2462
2957,4009
1904,722
174,2617
1368,913
3001,2091
3944,2029
3227,4203
2695,3212
1444,2144
4900,4828
1353,290
1688,411
699,66
3466,3112
3492,2939
3796,596
3709,2531
4414,20
963,1272
2715,4725
4680,965
2572,1633
4739,4410
1072,1334
4912,1323
2874,3999
3620,3715
139,833
62,2692
3999,2391
2459,2179
3264,2167
4745,4375
3631,4708
110,1511
336,2826
4407,3213
2426,1912
3306,932
3757,3637
2281,3905
4909,4838
3361,545
3415,255
1580,3999
1755,3539
3363,367
3249,3340
2997,2960
161,875
2436,1704
4375,854
412,903
2718,4070
4420,4665
733,75
3294,2369
3396,790
253,1569
52,2248
4448,2182
2147,3616
4115,1937
3455,625
2107,1411
4694,1838
912,4633
3359,3251
207,1264
2867,1971
1157,20
1989,1175
4731,732
3429,435
1187,3888
4070,3366
1589,3079
3846,3606
660,4472
4699,4610
1675,4895
1856,2957
2923,2453
4219,2697
1166,377
4757,2028
1750,4266
4328,4260
997,3323
4979,3618
4465,3666
4588,2826
4404,1133
4432,1434
2980,3174
1241,2332
3838,4105
2966,4373
4644,3320
3798,1390
570,4877
3799,2048
4798,4579
4946,3425
1474,3219
2257,1618
3132,2128
2510,3484
2041,4427
1452,124
153,1876
193,1008
3225,282
816,3871
1892,3551
4037,78
233,2062
395,1436
516,4440
893,4983
2723,3653
1739,1272
989,2743
2532,94
3118,4414
1840,3693
3199,2752
715,3968
2814,609
2558,1104
92,808
2552,3819
4831,2339
2108,3140
1308,2143
1262,616
3973,4164
4132,857
1020,529
2163,1647
3110,4397
3779,1937
4584,3675
3264,809
322,3013
1423,4531
3573,4402
4494,4207
2143,1479
3155,337
3639,4249
1304,4802
4090,2628
2605,4130
4803,4263
2133,4992
3065,169
369,2951
2779,4164
845,2516
1021,1719
64,2533
901,4605
1937,602
2258,4923
49,474
1213,919
4485,1907
3849,437
1509,4511
3007,3329
1894,977
2637,3699
3485,2650
4200,685
1525,4454
3818,4491
2770,717
1808,442
4929,4604
2415,1334
4702,3075
783,4669
3683,1901
2718,307
4418,4421
1774,2614
3961,3373
4849,3284
439,539
1605,4080
4573,106
3706,2094
72,3468
1222,1467
2668,4679
3681,2837
1276,862
4233,3528
4437,3730
4171,831
3675,1744
259,4363
2538,680
4135,2020
126,3342
2439,3981
4755,4303
730,4554
979,1803
4201,1727
7,1856
4216,3623
4311,3201
541,1639
1109,3009
729,4086
4978,4698
1529,4243
1272,3478
1108,3424
3845,27
776,523
1113,3918
995,3199
413,3625
2095,1272
4906,3861
1869,412
4928,1786
1019,4024
2115,1170
1966,1904
4879,120
518,2502
4336,3178
3271,1427
2902,1086
3011,4063
132,3625
4549,3899
2657,1028
877,3466
2092,1215
4476,3741
1727,4233
4049,1065
2646,3420
2742,4753
4900,1990
3222,4108
2847,4423
2987,1700
2711,1576
4569,2163
3311,1076
2550,629
3777,829
539,562
2611,3882
4968,4253
1465,4135
2442,3069
2764,3372
1872,307
4087,2872
4724,797
3276,2446
1893,1962
624,876
283,4845
3028,4704
1122,634
1089,1621
3556,3500
431,308
2408,3071
4771,2590
2435,2423
863,11
1381,133
1766,632
646,2914
2571,2458
2350,4002
497,877
3364,1824
574,4196
2597,3049
2799,2943
3615,3243
3503,4976
4038,4714
949,4038
2266,4769
463,3807
2030,866
831,3363
2335,4497
4245,3588
4642,2842
2739,4085
870,1504
896,4857
2915,4277
2965,3694
3881,4054
3316,3689
4042,1037
4359,1598
1007,886
4624,694
4415,2593
2787,293
3463,3784
3233,1115
2202,2673
3536,4691
4067,3982
1517,4744
2328,2304
3293,993
2363,285
688,2854
2090,2198
2672,364
4510,655
733,4866
654,2624
2268,4401
2781,3269
960,2009
3962,4868
4114,1475
4032,1275
3602,1338
839,3208
622,3978
4268,2806
4684,4481
1665,2763
3118,2385
1426,2235
59,2593
4320,2742
3133,1693
3762,2665
563,215
741,4724
992,557
2892,3795
3122,2676
1848,3520
4898,2274
1043,4302
1139,2586
3741,1750
113,1170
1803,4405
552,3968
2579,1473
3796,4715
4637,1393
2753,3439
3136,463
2920,3024
4359,1264
3963,3670
165,3876
3451,791
199,1398
3127,2285
1603,1839
2051,2459
2906,378
1490,2879
2828,4121
2359,1144
1991,3764
1495,3727
3654,160
911,4798
2454,3636
3013,1097
947,3237
2157,696
2136,4130
4447,1866
3931,4321
248,4066
616,1249
1418,4700
1033,249
4577,4994
1257,2729
3706,1616
1474,4416
4426,1478
2024,2623
812,1515
1492,644
2367,2361
85,2625
3534,4889
1035,3802
3042,416
3179,4494
409,3909
2987,2964
3576,3892
561,4018
382,3736
939,3812
2841,2903
4214,3958
1296,1432
3072,4494
3774,3554
2104,829
3925,1839
1148,3865
132,3036
4057,2779
2936,3365
4356,4244
3655,4828
3881,2340
828,13
3529,774
2535,3262
68,1957
1781,659
4618,3124
2560,1899
1963,1726
862,1591
4838,249
2309,840
1810,1080
914,1864
1289,3048
1087,108
4331,1023
1723,2417
600,3514
3388,922
1100,4222
930,2920
3076,2705
36,315
4702,3247
4297,1422
4415,1162
1315,1295
3390,3281
4990,4319
3522,4973
2741,3176
4267,2984
2447,281
4722,831
3023,2794
3904,4993
4442,3923
3473,3193
26,3918
1391,2949
438,1408
2480,2485
3970,2352
1727,2787
1743,1478
3181,3433
4592,2213
3661,2786
3995,615
4118,4399
3715,4285
1112,1514
694,4204
272,3267
2304,1767
2292,665
848,3539
2918,3873
1813,4084
3465,630
2176,3640
1132,3547
643,1144
4778,4889
2582,3886
585,4737
4580,3926
3039,2769
569,1127
823,1990
4444,3888
4839,1428
566,1753
141,1409
3122,284
4046,1852
2025,671
781,3620
335,4639
3648,4787
4614,2208
2451,210
2156,4414
544,4890
4629,2286
4800,511
3831,1500
2614,810
1706,1893
2031,1268
1853,4618
1541,4688
2857,3623
244,2462
4463,1141
4270,3016
3582,3072
3994,4684
651,3201
710,4954
4659,3936
858,4591
347,1373
3215,2288
2807,1442
828,1507
885,2409
4420,2397
2364,1645
3705,488
97,4368
3665,4913
467,1208
4953,3198
1477,22
4715,4634
556,2858
4535,1243
1137,2120
4674,102
798,126
3581,605
3863,4237
2487,3393
2786,217
4399,2278
4066,3484
3628,306
1854,2156
3174,345
3324,4824
4477,2208
3783,1255
2491,2687
2579,3161
3753,1132
3112,1611
4007,4273
424,2916
447,3367
150,3098
3969,1268
3243,319
2888,4175
375,1026
288,321
1681,3266
4125,1406
4494,342
2001,2027
2518,3318
3920,1570
719,3790
1132,567
3705,2234
2117,4769
2001,3004
3352,4588
1839,1214
1671,879
281,2609
4497,2858
1156,129
3098,904
4080,4392
3250,637
1060,4737
3217,2989
4876,3771
1596,1072
2410,1831
1059,2354
100,877
1824,3201
573,3373
4231,3424
3377,3262
1700,1687
1969,2182
1701,4654
2038,270
3386,392
132,4092
3732,850
4401,970
845,1546
1812,3223
1137,249
3898,2199
758,4092
3758,2871
4711,2779
1937,3814
3246,949
1148,552
1819,4471
395,1028
4525,1211
244,3843
12,4875
608,1495
2875,1091
3659,3112
2632,250
2080,2808
4272,1630
4474,2083
2291,1198
1461,3484
4273,625
868,823
1538,2182
3437,822
2135,4462
2473,3434
375,4603
2776,4237
4925,927
3988,3499
3458,236
3712,3037
3678,2967
1878,2224
4660,2719
2081,2061
4223,2301
4959,3516
2217,3070
1613,244
1988,1889
1885,305
1283,1820
4655,4143
3948,4965
373,3465
3498,2914
3433,2632
213,4410
2996,2924
1728,2584
689,4098
2243,324
3991,3426
3262,4510
4672,4257
2956,4159
3044,503
2283,1188
3128,3707
3896,1921
3679,4975
2267,2228
1370,3373
1105,4777
1335,4323
4316,2868
2427,2023
2018,762
4402,2193
2989,4677
861,4441
740,1586
2505,1982
1216,3567
4073,3693
639,1646
3269,3638
3826,2974
4861,241
4477,693
3353,2355
144,1320
2566,3332
3573,3834
888,2023
1764,1046
2719,592
2003,658
3359,3769
4249,273
459,3120
2859,4385
2574,1808
4325,4622
2795,3421
4154,1131
1771,2672
4976,2810
159,418
2747,1812
2023,941
3213,4060
4201,2526
3257,4424
1638,1130
1899,4437
3428,2808
1157,648
389,3340
2568,1301
4985,1482
2118,4294
4415,1802
206,3122
4244,739
2651,693
1561,1416
1424,1660
4639,2418
1016,1010
2179,4148
1900,429
2622,602
3130,1326
4348,3330
2430,245
1983,4908
4880,924
1553,4517
642,2834
1762,1973
1755,940
1560,4744
2948,277
1052,3448
4092,4750
3962,3899
3199,794
2412,949
2872,66
3429,426
1684,4361
1407,1508
4308,2368
882,3274
3080,4939
4937,2781
3887,2998
1098,597
4975,2124
1714,4526
2609,2047
2255,4077
1350,4285
2159,3994
1616,361
1873,3391
4037,1743
3539,4178
4752,4680
2050,604
3798,736
669,523
4066,449
2458,3744
4626,1005
4663,3222
144,4270
2921,67
2137,2056
3858,852
2961,1060
940,7
4260,2926
478,4646
4601,4464
791,2803
4362,3876
3119,4107
4771,2039
3382,4090
1938,3555
2959,493
4860,1665
3189,4761
1318,1223
2281,36
941,1245
4146,1764
2290,4793
3954,2409
4049,4202
2839,4121
3782,1052
3921,512
1981,1055
4309,763
2065,2533
485,1970
2383,1780
1151,1954
269,3472
4607,916
4268,2539
2845,3980
1932,2501
801,2057
3965,4583
75,3660
4861,4890
1310,2828
1517,2980
3903,3609
3285,4601
3889,3155
324,3048
1604,4903
4735,2949
1168,2865
2492,437
1014,4495
2504,881
2771,3263
1334,404
2278,613
4373,175
4382,1034
3129,462
2110,4143
1034,1579
3619,561
2032,1863
845,935
4525,4384
4323,4121
3894,1740
2748,4503
2863,1621
903,4030
4003,1680
1248,4470
3712,3040
4455,3988
1882,942
145,2972
410,3213
2790,3048
1865,3834
943,2461
3117,777
4846,2915
5000,3752
4154,3085
4383,1537
2711,368
3472,3649
1067,524
8,2054
4839,1225
4484,3631
4037,1562
3821,584
3306,2923
2144,271
1619,678
3125,1217
3173,3732
4699,749
1825,287
372,4760
695,1600
2434,4661
4400,4740
2179,1995
535,248
2799,1624
409,4295
4373,200
1976,1171
2934,1526
4208,3779
3022,645
510,556
4799,3184
2298,4313
2032,1760
4511,2050
668,73
4597,4880
3831,4523
3581,715
3948,4486
1222,4067
4340,3470
1522,2895
1235,2792
1697,3701
1000,507
3528,866
3772,2223
3299,757
4245,1157
2596,95
1347,2419
911,2887
3944,436
698,2627
1214,4109
3479,4728
130,1382
37,4670
3536,4730
1936,2925
1885,2951
1537,44
2788,2220
466,3881
372,2231
2005,3981
1162,1746
353,2147
813,1659
2961,3113
2858,4779
53,3730
1094,537
2521,4307
4696,30
4760,181
1713,1112
4752,4943
4309,4561
4402,1333
2734,225
2196,661
3653,1806
1670,4693
3250,4260
4657,2795
1318,1502
1647,3620
1855,3863
3212,2251
4027,1110
2811,4246
3707,2001
463,2804
1050,4499
2767,831
1910,2648
3397,1427
4989,3294
2145,4656
3284,2449
1297,3749
3380,2719
4945,1905
516,1409
1475,2956
932,3928
1835,3251
2594,1992
3490,3435
4473,37
3312,3077
2927,1053
1987,112
2847,600
3192,3231
360,2699
508,1535
3163,1233
4254,948
2470,1218
1289,872
4275,2112
4559,692
2047,4267
2801,2009
1547,274
1831,4420
4063,4643
319,2322
68,1680
4749,746
430,3421
2254,4398
3726,2914
1657,625
2266,1312
523,2331
2903,37
2865,20
4012,1672
4916,1495
3195,1332
2133,2000
3404,2056
4560,3897
4676,4817
2393,4592
4378,4541
3977,4235
4354,2705
3757,4812
259,1800
2252,433
1990,2933
3598,828
2404,3112
3564,77
4934,2384
3318,287
3059,4226
3715,4651
3596,4674
3930,163
3626,3041
4131,4831
90,3748
1743,2535
3449,4210
2487,362
2941,3871
1423,725
1969,1801
594,3915
2995,4426
1523,3650
1474,5
3673,4960
3022,3916
2159,1746
2051,515
2537,4131
2917,2268
2961,339
2224,4542
2181,2118
910,4788
4605,931
4377,2749
4418,6
3459,2797
4961,3097
1004,4666
2146,755
1238,4987
1415,1171
1339,1656
1692,1636
133,3082
3866,4408
3071,4855
4387,747
4169,638
3856,2108
1378,1858
4420,2490
1068,4438
3086,4887
2218,2077
820,1407
2236,2773
23,2387
508,2595
2355,1763
2951,1115
728,3265
3682,268
2500,2958
4635,4438
265,3310
4180,2953
1284,4678
1234,4111
4144,2312
1940,2238
275,4514
2171,1564
3649,4815
1520,2552
2173,434
3258,2001
431,597
3274,4061
4017,773
4884,1770
8,394
69,780
2853,3468
575,4035
3973,2102
4897,570
1618,2446
1653,4588
315,4004
975,2294
3741,1605
3861,2442
2894,3793
4870,4333
4161,62
2867,294
1558,476
57,350
784,1961
222,95
1518,4056
4510,343
3245,2839
497,4403
2428,2323
279,4629
1826,2551
2891,4569
833,4522
1613,4067
1516,3768
3316,3970
1352,1387
77,1978
2937,3003
4405,2805
2774,4825
3061,2212
2793,4665
3445,1966
4351,2588
3791,3215
2738,2523
2868,4158
4665,2883
4132,4919
2648,4015
4621,3668
2089,1897
216,2739
1097,4618
1028,2782
4232,1634
357,57
4880,4891
4279,1245
1214,922
2457,1105
369,110
4356,2773
199,4737
1207,139
4991,2500
3209,4292
371,4704
3156,4730
1066,2005
2173,770
792,459
4864,2490
1730,848
359,4285
4472,1537
4231,3778
3939,1991
937,4770
4421,241
331,1175
2329,3615
3494,2984
3081,904
4492,955
2045,3192
3251,4917
1949,916
499,2386
4157,149
4985,3613
3145,4050
1399,807
2810,4246
2859,1004
2581,4185
3630,839
2104,1796
3702,1299
317,2106
1643,4607
987,1941
4170,4874
2768,4568
3861,2863
2227,3957
3346,1843
1898,2165
4907,2182
95,1354
1523,1897
1129,1530
4266,4643
2105,3037
3293,4979
833,3861
4783,1755
2602,4665
4723,1379
1806,1902
2802,3234
4915,746
2301,2886
3454,4062
3150,2537
4657,2214
1495,1089
1712,4167
2086,4716
2626,4974
91,2705
4115,1247
2460,2390
3642,994
3410,3548
279,2456
4368,1001
198,2844
2609,1570
4733,2280
2950,2359
4867,148
62,906
1066,3949
950,4716
2504,1663
2515,2856
2816,794
1774,3257
3936,258
680,2284
1458,3706
2853,1106
1538,4192
1489,1062
1088,4528
2345,2409
2410,2885
2023,196
760,2071
4210,4288
2396,4944
2026,2715
3060,4795
3341,1368
4811,556
1849,3868
642,2055
3270,1941
2864,3434
4060,3019
1078,3878
3398,4564
2278,4176
3107,1393
718,3515
733,3125
4441,1085
780,3182
2147,4196
250,2541
3907,456
2463,3025
1140,2744
690,3692
2091,3654
2246,482
2146,4658
2441,2359
2536,1338
4065,108
1963,4263
2441,3279
3113,4472
30,1244
776,4557
4853,2767
207,2343
2299,4644
160,302
3789,124
1419,935
3997,374
2015,2990
676,3903
2652,1580
1603,2022
3963,3974
3721,4874
3839,1978
76,299
2937,4040
1145,2650
2595,2291
4765,1352
492,2390
3660,4589
3913,1245
3606,169
1741,4105
1703,565
1893,1185
4313,2533
896,489
1925,3761
4856,395
118,256
749,2172
2449,2491
239,1008
4110,302
2261,1514
4693,1867
3119,2286
2463,474
1558,931
3567,3474
4229,2265
4060,4510
3981,2376
1976,2121
250,1457
969,4728
2670,1298
1658,3875
1653,1656
4311,4379
669,2604
636,2952
3904,1615
3252,3258
4754,3942
332,252
3113,278
2141,729
804,1964
2904,4960
2843,1495
2265,4640
2605,165
4800,3955
1570,420
1258,2630
1378,3659
354,1049
2825,698
1148,2462
2584,3801
1352,1499
1086,838
1541,3380
3306,4322
305,2355
2540,1441
2767,4089
2853,4352
2651,3409
3471,4867
2008,3481
4645,192
3074,473
2197,3231
435,3069
3124,778
4084,4671
3811,267
2759,560
3321,3311
1597,1595
1923,1441
16,3954
265,3391
1959,3068
1585,2608
379,4197
3613,3755
2613,55
2119,1495
578,240
1596,2226
799,3323
4940,4124
993,4913
1964,2359
343,3811
3056,1751
2062,1289
4187,444
4439,4302
25,1767
2885,2405
4444,2411
246,885
1864,2087
1681,2545
1792,4745
2556,770
4638,696
370,1175
4508,4849
3489,2855
2444,4788
4715,847
1771,1764
3868,3379
3529,3718
1709,2546
1151,977
4258,2881
540,1762
4104,2701
210,3556
3445,1740
4389,3846
2258,3834
19,3730
1348,1542
114,15
3172,608
1656,4837
1183,1887
52,3091
1388,3193
1593,2220
654,198
3415,353
4840,223
3748,1405
2816,2554
1094,4813
1115,1952
1944,2945
4886,3735
1482,3014
3741,1744
1494,4829
4722,3500
3295,98
2012,4567
187,1299
4161,1197
876,302
4458,4729
1958,2189
648,2189
613,1551
917,2779
230,3190
800,1518
3565,1868
1707,4741
4966,4852
1632,2679
2482,3816
1352,3336
1118,4763
1811,1009
2149,3640
2975,3913
3588,2449
3244,2920
362,3905
3759,4950
4253,4133
4660,1600
1689,4580
785,655
497,3202
585,2217
3718,3999
3453,3120
2634,3330
2575,1252
3233,1919
3517,1990
357,4061
4188,4058
4172,3689
864,316
3773,2013
1831,2799
319,1871
391,148
1460,761
3960,3956
1947,3003
4256,2156
235,1738
3676,4576
2189,3402
1552,1630
4527,4748
843,1420
4164,1308
4913,4606
2026,4274
1643,4817
1488,718
2428,1203
4109,1863
2793,800
2572,1837
3228,3416
379,1082
4704,4912
3045,3330
1628,150
2356,3835
2325,3891
3252,3868
1223,1941
2072,692
2079,4471
1080,2797
3992,681
3738,4874
1602,4284
736,2778
3621,1876
244,2136
1563,2980
4187,3132
1338,446
1675,4486
151,3572
3151,2163
3842,814
1454,1333
3764,4172
1645,4379
3252,4948
3498,3104
2253,2092
4858,1283
855,1523
4243,2743
240,1849
303,1294
4324,3837
3297,3549
1922,2826
4188,2386
2569,3351
1482,4669
2753,3227
3131,4443
2482,472
4370,4751
3558,2325
4592,599
1156,1905
121,3134
3500,180
1653,1906
1199,980
3242,4873
2438,4592
4674,1070
102,1314
3289,838
562,2587
4590,71
1925,181
2453,3908
4340,3121
1921,4063
3645,1471
4185,3162
4273,3840
1430,144
3745,2081
4195,4009
4977,2896
2510,2806
2683,474
4505,437
1073,3326
3723,3548
638,2523
573,989
2381,2896
2864,1357
2206,4739
2694,1987
2851,3638
476,1173
3416,3356
226,2411
2857,344
3015,4039
180,4585
1411,328
2362,2444
4611,3119
1390,4285
1911,3199
1393,2668
3871,2641
3246,1391
361,415
83,457
555,4687
1813,954
4137,3754
1746,2142
447,2754
4240,1029
1169,3390
716,653
4778,4734
2064,2992
4512,38
3736,500
272,3862
3794,1816
2328,1313
675,3211
460,566
1897,3329
887,2185
4651,3766
399,768
4260,2890
3156,3858
2714,81
2200,2928
3529,29
1578,447
2523,2988
4475,3497
1530,3106
192,2250
1026,346
4036,4714
1272,3376
1142,3957
418,381
4546,1804
2100,2297
2755,689
366,4995
1313,3388
1148,1599
1712,4436
1094,4055
3142,2592
895,3240
947,3194
252,2906
182,4108
2116,2573
1332,233
3604,1639
121,4965
2635,397
1361,531
2518,4095
3806,3982
4109,4053
2522,1406
555,334
353,3740
4156,4016
417,713
1293,177
1497,505
1831,3213
3299,4077
3833,4902
2099,2318
10,151
1358,3752
3552,3982
2965,1823
1419,1278
4261,312
3898,229
1381,1755
3644,693
4871,2794
1476,4847
2972,4774
4064,3705
4162,124
410,4630
367,2479
4879,1092
2662,4804
522,695
816,4794
495,241
3274,3133
1465,177
4171,4729
87,247
1328,3453
942,328
4435,1432
1116,484
4780,877
3901,4056
1935,2242
1753,2265
3905,3980
3737,141
1910,117
540,3496
2547,3764
4264,1459
1569,2121
4759,2022
4726,2733
527,1046
3909,1272
3474,2270
779,2778
2416,4888
3827,4332
1865,2413
3098,3532
2919,2342
1599,2826
3978,435
4697,2766
127,3346
1111,4962
7,158
751,2104
1818,3493
4322,4273
465,3360
4032,4635
492,1440
4971,140
4357,272
2298,4878
1156,2473
2070,4651
2808,3730
4365,4819
3813,1464
4595,1413
1065,118
585,4310
3778,927
396,1063
4687,1414
1913,1593
3705,897
3165,2594
3939,498
1702,3924
3554,3189
525,3163
1446,2886
3248,3090
3872,64
2207,2750
1727,2756
679,2549
2395,3629
2094,3874
3284,4182
4765,2298
4642,651
4632,2844
3589,3610
3358,1138
1904,1671
413,1897
4002,2003
4931,1362
2321,2122
4543,3074
4590,2026
960,1735
2307,431
3427,871
1600,4543
209,3166
255,3360
4502,1006
4869,2527
3715,1062
4949,4052
2615,909
4863,822
3953,847
3581,2254
1233,2037
2285,4401
4837,3077
3257,648
3118,2288
4238,4524
4450,967
1987,4354
3557,4325
2794,2617
2785,762
3406,2802
270,1990
472,1275
1646,1194
2103,4100
701,1335
3913,96
1664,483
1563,4898
822,2733
4508,2809
1688,1928
4136,4360
4623,2275
2640,1163
4517,1609
4185,2520
3146,404
2965,3210
1559,980
2961,4103
333,1741
780,2151
2548,3323
2959,2773
1521,3834
4964,3047
277,3580
880,1426
1554,3102
1701,3063
984,190
256,413
4617,4274
4891,3646
1192,2557
3808,1670
2135,1422
759,4621
2300,1928
1247,3849
2112,4057
635,2173
792,2012
4473,4198
4385,4586
3614,4683
4207,3409
2728,879
1660,4095
1052,3074
3477,4673
316,4045
2680,889
4651,2775
3793,2881
1759,799
3432,134
2018,1339
2042,1878
295,3009
3025,493
1009,1783
2694,2221
3982,1364
1973,1838
4948,4746
565,1657
4793,2268
1973,4362
1695,2131
4476,1458
4376,2618
1352,2522
1270,763
1514,2232
1544,4118
3325,338
2831,3911
3554,4205
435,1040
3863,4452
3053,2647
2298,2668
365,4600
2762,4818
182,4222
2987,3459
4821,3477
1985,4779
3608,1280
3014,2959
2678,1652
2721,4464
136,3530
1162,3877
3628,1610
3163,362
3639,3920
2654,2244
2781,3867
3803,2177
3090,1184
213,3955
1259,3792
4645,2864
721,2981
152,1235
4158,1740
226,3684
1780,1301
340,1556
4788,4883
534,2710
2508,4509
2679,4206
1161,1486
3766,2297
3084,3258
4929,2744
329,3566
3980,4810
3529,2137
4183,2823
1861,4731
2070,3673
1396,537
2084,4374
2535,695
578,968
4899,2430
1341,3407
647,4896
1168,4736
1503,605
1707,3194
3793,3789
2205,3935
4676,2405
4533,2409
2488,4383
2108,4501
3209,2178
1058,4188
2563,4509
1951,613
4637,1702
3933,131
912,176
3693,3756
3982,4805
276,1178
4638,4522
2800,2987
699,1726
3310,1629
2333,1573
1931,3746
4211,2039
3740,689
4436,4388
4417,4594
136,1911
1142,1426
2917,3896
2220,4682
3674,150
2606,4599
115,3441
1907,1962
1107,2775
947,1312
3046,134
155,1472
172,261
4937,4260
1922,2022
4229,242
4604,3865
2168,3084
2296,30
3712,2842
580,2600
3891,768
2463,4064
521,953
1617,2476
1948,3870
3808,3699
1988,1998
4847,2418
501,513
4814,3202
1768,3337
4523,1222
4536,3178
2613,279
2394,1778
633,3440
137,240
618,23
155,210
2104,2850
4084,1718
1185,4187
3605,1770
3318,3371
2281,1192
3922,3070
3087,1699
3458,4967
430,4838
4749,1159
1159,307
2059,2725
420,1167
3091,800
677,1421
1123,267
4444,2431
4069,2875
1333,528
1027,3785
2443,3380
1913,747
1137,2491
738,2559
3184,370
2203,3595
1094,2097
4277,449
3395,2459
3666,179
4484,232
4802,3488
4736,2882
2332,2842
1019,495
4661,4769
1852,1557
2803,3834
2243,1898
4797,2839
417,909
282,2931
2660,4425
3153,3754
886,3901
1048,4350
421,357
2733,1295
2747,502
1634,1006
1987,287
1542,2587
3256,2220
2498,2726
2491,1503
2356,1509
1718,4519
4136,269
3875,1028
898,406
33,1979
672,4852
902,3508
3127,3364
3945,1016
4965,1525
2802,2191
1142,4890
4879,602
4913,4286
2308,1865
3503,2580
4284,3087
1823,1734
472,2826
3501,1040
4890,1663
4086,3740
2059,3054
2593,530
1715,3933
3854,73
4361,4915
1147,2468
137,3024
3762,3391
3265,106
3919,1004
1155,2711
4604,2186
2754,2559
3417,4407
3843,1124
291,4377
4099,2605
3668,831
3173,3032
2469,4184
2317,4981
748,4792
4212,1940
4822,4773
4945,1696
3014,1064
3101,3969
1132,3793
1342,2317
4491,1942
4180,2294
1065,3113
660,1202
179,3592
1593,2640
343,2998
4564,166
2995,83
4288,4873
4217,1538
2440,3887
4078,1194
1151,4564
3684,1146
4029,2085
1014,4343
1642,2860
791,1591
2052,3558
4397,2899
2205,4550
3027,3991
4,53
3784,3068
4314,2482
2144,1922
2563,1313
1961,4305
2520,162
650,3433
2457,1238
4214,1595
3942,1602
2251,2053
4096,3811
1358,3383
1206,2901
3020,4975
893,686
4299,3036
3399,3299
4088,67
1994,343
3593,3776
1667,1020
498,368
1953,2590
568,3872
1249,3052
2090,3727
4274,163
813,458
3584,3538
4185,371
3082,1331
2926,1019
1632,3658
643,542
1410,2370
2847,535
1155,2147
1907,3290
724,2356
271,74
3424,1866
3787,236
499,4052
3473,4956
2576,1305
723,4296
4398,4121
2155,4083
508,3447
2950,3678
139,3103
750,3869
1095,557
1884,3549
3565,1874
2994,1811
620,4673
1245,1698
2603,417
2907,1822
4613,4053
1678,4840
484,514
3340,437
3442,1756
4943,3132
3456,4583
941,759
2307,1388
4110,1732
322,4776
4701,188
1251,2574
3772,153
3752,206
637,1094
279,1017
2581,1159
2994,267
2973,4705
4020,746
4743,3394
1392,4152
1265,1662
4813,1505
2716,1975
480,3268
4897,1605
3674,1464
2306,2756
4043,2263
815,898
3223,943
2414,1917
1291,4775
3673,1189
1364,2815
3230,1700
4128,932
2855,315
3712,2504
4808,58
2949,2356
2670,4151
3159,4196
13,2668
3419,3586
4689,3713
4084,4005
4935,554
3886,69
3416,4594
492,1264
4683,3625
4759,4033
1188,4910
3859,3607
4211,3355
3977,1367
1330,653
2476,3011
3801,945
54,1480
1665,2955
3026,1371
2959,3150
991,2894
3150,4023
3538,3233
4114,2226
3606,389
3592,684
3676,1184
3140,1796
3744,4748
4009,4175
4457,250
2027,4847
1505,117
3881,3010
27,1520
2542,3171
731,1301
2006,1530
2261,2556
1373,3058
1252,3384
736,3660
424,1511
4769,2505
3200,3679
3255,496
574,272
1660,3122
3494,2353
4193,4481
145,2129
1336,1741
1156,410
955,3514
1196,474
2171,1795
1542,1325
2673,445
1161,4407
4733,1277
925,3611
871,4396
3955,3136
3153,2646
525,4687
4856,4677
632,2182
3655,809
402,2983
23,3386
2295,3375
3414,277
2081,1504
4686,4472
2381,3910
1268,724
4106,4413
1917,1622
2372,799
1188,1979
1601,3576
2906,2069
2908,2885
1107,4045
2827,2659
4092,4386
3814,3654
2037,3233
4708,1101
865,1228
2302,1603
1408,3460
3524,3120
1275,4516
2019,1798
2518,1030
4290,1163
3411,4423
3341,202
128,1762
4813,636
2240,4528
4405,3817
1017,2321
3463,3387
4401,4788
2664,97
4,1453
1619,1490
2404,3137
2645,264
637,4174
4373,470
19,858
4240,4023
2969,4971
4841,891
2835,1313
2040,385
3333,3604
276,294
1932,886
3719,302
2926,2113
3169,3625
4611,1866
2336,3320
2516,3465
2603,3336
3335,1576
2884,3547
1136,4881
2836,4739
1956,1026
1601,277
95,1237
4824,4273
1956,4150
1338,4745
2247,3618
1432,2948
678,618
1334,3903
216,1830
3942,368
3636,1914
356,2023
1509,4563
2901,4142
4131,1211
3706,2421
1841,1010
1719,956
1522,1471
4192,2679
1730,1034
3439,1431
1249,4514
2174,214
1789,638
1102,850
4932,1392
1042,4468
181,2518
4749,2203
2667,3716
786,4052
1913,955
1439,3251
1292,3638
3689,4009
2481,837
4584,3656
500,2952
4285,1247
281,476
3518,3381
2784,3337
4590,3216
3849,2500
4049,2926
3662,1775
4616,3612
3447,1178
837,3255
4667,492
1136,4366
2042,3967
570,302
4479,539
2938,2304
3189,2492
1209,3423
1956,1555
3891,1558
4792,1674
2333,3208
1675,3604
2624,2483
3051,3030
1627,1560
2464,4604
3807,4667
3413,137
3118,3998
2773,4588
2384,3700
684,1281
4047,4388
783,336
3422,3655
1185,2246
151,511
872,730
2653,1760
2314,4097
2846,3023
1249,4534
1014,1805
4076,3498
2657,687
1687,359
1559,8
3643,4660
971,3304
4864,3377
3053,2727
3300,2199
2721,4600
3405,1027
1330,1799
1786,2196
128,3980
4107,87
1925,2017
682,3281
1192,4419
766,2522
4002,450
201,3971
2253,573
3502,3510
426,56
2674,88
3857,3419
4386,4027
3569,2799
4781,2740
2931,4089
1976,1045
3378,120
3174,4439
2145,757
3881,2674
2162,3387
1109,1019
4164,1237
3562,3665
785,3192
451,707
2613,4393
2011,3339
4069,2673
4110,2640
3897,2960
2420,3364
4158,4504
484,2129
2783,734
202,1283
2294,2412
4612,2046
2749,1586
1818,2052
1779,4560
4801,3114
1284,2160
1522,4433
2497,3602
3660,3908
4027,1042
3050,2718
781,4586
122,4076
4984,2171
1517,2829
3001,2078
60,1515
2108,4062
4510,3955
729,1382
4845,3371
2723,4981
2724,1445
634,748
3242,1552
1125,195
3188,848
1189,321
148,3903
3414,1353
3448,1687
4673,2469
4652,4253
673,2401
655,4107
1947,1065
3585,2982
337,4742
1397,4497
1053,3016
1431,837
3385,4859
3336,3714
257,855
4995,4183
1621,3614
3561,2628
2282,1866
1969,3205
4268,2155
1281,676
3929,1577
2305,3747
2690,3439
2187,4399
2889,4647
4026,1978
4946,2491
1112,1948
4227,1093
2719,3587
4852,4269
1662,941
1192,1960
2299,1823
4539,1691
4023,4379
3335,1703
3946,397
3181,1691
1464,1010
4381,1800
3273,3712
421,4887
4297,4576
1867,4456
4586,2199
1317,785
1892,2129
3932,2431
752,2794
4416,1741
2460,2481
1462,4882
290,4644
4941,1608
366,3195
4264,1051
1989,3017
1196,3003
3967,432
2231,1277
1272,1917
666,3812
4908,3033
465,2237
3382,4727
2337,3375
2916,1664
4342,3050
3645,2245
1427,1301
2791,424
346,3734
4703,1311
2573,3956
3075,3303
2964,1243
3467,2764
2263,481
1195,3134
21,473
2201,380
1060,890
1035,797
3636,2266
2281,4975
4785,2595
2209,4848
791,3519
2963,589
3836,2915
368,4220
4857,4320
2901,1963
4700,1667
2665,3948
1826,4001
4507,1364
2495,2139
4553,409
2511,2262
2399,3122
2469,2423
2331,532
2211,2592
2000,4826
3335,496
1709,2704
161,196
2093,2300
509,2476
1983,743
4750,1165
864,2401
3821,4142
4117,1694
1827,235
1294,4553
1445,2687
4185,622
1024,477
4743,3659
133,4066
4148,3988
999,2002
4557,2570
558,2537
1322,4818
757,4121
3523,3594
3045,2664
1481,4526
348,3251
778,892
1566,2485
2983,4034
3842,1313
4790,4932
4609,334
4275,4311
799,4609
3217,4477
4530,505
1333,4399
269,3326
863,276
1490,279
702,159
2844,3007
1801,2112
308,4154
3847,2532
3722,4701
1818,2083
1027,4966
4600,3785
1075,1258
3603,3028
2298,1166
2579,4079
3706,4901
3978,4580
2317,4177
506,4568
1400,3019
2798,4254
474,39
3049,1232
2557,3998
2276,4909
1975,603
2709,1582
2101,4650
702,655
261,1308
4199,923
2807,928
86,1627
4915,3247
2513,4905
4578,760
2150,3382
3486,3875
1171,1614
3616,1406
159,4173
2516,1867
2793,1160
1341,4129
2308,3810
1201,2380
3305,2218
1252,3568
3800,4546
1475,479
511,4448
4564,3819
998,3712
462,919
1285,3147
1158,520
2251,85
3826,2079
3728,4688
599,446
2239,4530
1019,3299
601,204
2603,536
3802,835
3561,3184
244,835
2988,3520
2545,476
4102,4913
3243,3500
3460,2571
1910,2646
3429,3916
2354,2433
122,2862
685,4292
3321,542
471,1406
3629,1652
941,2943
3278,3540
2361,4348
365,1663
2734,2605
1169,698
551,2919
1728,2304
79,2527
1256,4033
2013,989
2773,4611
734,1615
4003,1707
3885,3234
1595,968
2849,2083
1899,4622
1325,480
2277,608
474,2685
2323,2227
1831,3241
4334,677
282,4141
4275,4073
2536,2533
3572,61
2183,595
3365,4465
1447,2261
1872,2177
1764,639
3792,166
4094,3582
3546,2381
3941,4362
1543,3796
3448,2711
998,4855
1319,137
3602,4741
2866,2072
1645,3824
3939,4801
2752,3857
4757,4622
3348,121
2881,4830
504,1617
1687,2755
3401,2149
4368,3286
1293,468
3915,762
1841,3370
3716,2238
1190,1766
2898,3087
3619,3675
3584,3910
1861,2752
3769,691
3873,2819
4905,3700
4168,2294
1726,2411
333,589
3991,178
4701,1092
1998,2896
3915,840
3336,1269
516,3290
1138,3474
2102,41
2696,619
3502,2698
3477,4141
2908,4850
3970,1104
4329,2271
650,1406
2344,4943
3119,933
215,3374
3419,252
4944,3009
678,203
1178,1800
812,423
25,2396
4915,2360
1117,606
4666,4317
2634,2658
3025,1333
4851,3615
2026,843
4305,3939
4696,3156
4828,442
1883,2603
3110,3006
1350,3546
2681,4009
4120,4888
2427,3186
3486,2472
3368,2507
2442,815
3663,2402
3710,468
1402,4438
4103,1170
419,307
1422,1362
4241,1182
2655,2852
4966,632
1894,2102
4655,1123
281,3739
1530,2156
4816,3702
1654,313
2273,4443
3160,2954
14,3799
3159,1425
912,3210
2173,2212
4216,2572
2883,3179
2603,2683
3470,4932
3470,4201
3277,1281
3118,2748
3939,2423
1129,1315
2227,4786
1844,2789
2957,3757
2103,4552
247,2369
568,3162
4769,4096
224,1265
3894,1823
310,512
4369,2829
4536,2531
2345,2254
991,1163
2602,2641
2104,1084
1543,2310
1414,2367
585,4768
347,292
1297,773
4106,3392
2489,3860
2651,4216
3503,3698
4059,3791
4055,1564
4035,695
2805,966
3678,4775
3931,2633
1551,4045
4108,861
4590,3853
1968,1837
3452,2218
3485,3003
2431,2499
825,3708
168,319
4011,1082
3415,3812
3425,3953
1781,2936
4392,476
4502,2502
576,1936
4104,1565
293,1790
1303,319
1212,3071
1293,3200
2912,1220
4900,1615
1948,3168
3183,4468
3940,539
3389,3166
1938,2776
3031,2724
2307,4650
2541,4697
2306,1692
4266,2306
826,288
1386,530
2486,335
1743,3297
3539,1683
1926,3884
4722,3853
1004,4608
764,3871
2203,4293
1540,1755
367,1328
2179,3422
3597,3605
2499,594
3507,4678
3750,1354
327,3675
4026,2146
1953,243
4527,4626
3032,4879
3480,1480
900,3683
2838,4202
3386,2649
3087,319
3879,4660
1067,2536
908,2893
3265,2456
4418,394
1647,4528
3300,2687
2331,1825
4297,3811
564,2154
2611,1976
2052,3503
2932,491
1131,792
3173,4995
4215,3913
2738,575
1869,2636
2722,1249
3761,2768
966,1044
1338,833
4695,4165
3640,3369
1090,4359
31,3804
654,4327
2191,1782
705,2314
3929,1741
4670,4652
499,4435
634,1790
3153,3367
4332,2128
4278,2941
958,1489
3251,2257
2554,716
235,3317
3436,3739
1280,248
276,2070
4014,1103
4534,542
2049,491
138,4222
4769,3245
3735,4851
4698,608
2655,2108
4148,3263
3014,353
4777,844
4567,639
3945,1510
4737,2655
46,3679
1576,4502
528,3046
506,4761
735,1245
1428,1443
4369,4568
3277,982
2737,2901
3152,4896
1207,2090
3732,3771
2218,2344
4723,3191
86,138
4171,2632
1778,489
4363,4778
4163,3714
176,2010
3160,3220
2981,3298
226,943
3417,2550
279,4271
2110,1643
4271,437
1354,4919
4151,4702
3137,2074
3389,4916
2225,2081
2458,2572
2949,2659
868,482
1165,906
2245,4509
86,3366
938,3957
1211,148
2035,3785
1660,1222
4697,3549
590,264
999,1395
2875,211
4996,3281
805,4155
1170,548
1703,4470
294,3752
2074,1362
3627,4794
33,2038
2971,2345
2147,4466
4010,4113
4142,1496
1207,3987
2036,3390
763,3380
657,3075
110,4726
3785,859
3054,3817
2770,4951
1584,4667
4480,3308
2337,1664
1427,1664
1347,372
4939,2263
2538,4832
86,4590
3109,593
3534,4188
3510,3523
3112,928
1024,2017
3001,3481
3119,280
2558,2247
637,4849
4403,2222
3952,4509
284,4780
3010,2667
3392,3057
2707,367
2315,2808
3452,2671
4640,4082
4912,3829
1534,583
796,2336
3947,583
4120,377
2152,3227
3985,2889
2616,4474
438,4603
875,2953
3514,3046
913,4726
2456,1129
2037,4058
4997,970
3147,1236
4398,934
2189,4858
3599,3904
3355,4647
3888,1297
3797,4774
2656,3848
2234,2530
2007,3332
1862,2108
1957,1370
3801,530
1972,2565
253,2043
4553,4752
2128,3391
905,829
3224,3863
488,3616
745,3910
2950,2219
4376,4491
4290,4729
2772,1050
2760,2352
1202,694
1287,1736
3533,1590
785,4392
4486,894
2902,3966
4917,519
1850,2706
2446,2548
4897,2080
340,2607
1026,2068
2114,267
492,114
1308,1213
4487,3781
1180,3813
3041,4545
2915,1828
4970,4140
1264,2360
307,2639
825,4913
4132,2959
2032,3979
2846,2349
1249,1301
2329,1790
4578,2017
4044,4261
3601,1391
2195,3537
2708,362
383,3742
3269,3786
16,241
1059,2967
1651,661
383,2754
1130,2062
3680,2738
4411,3020
2306,195
3130,3807
3399,2457
2024,1308
3334,1306
4482,2751
2920,2868
1950,2829
2325,1225
934,2635
144,1027
4110,3991
3424,2799
1349,4343
4389,4670
320,972
1246,2776
1249,1521
3188,4182
2757,4711
4625,198
2569,230
2176,4612
2370,2385
302,2251
1010,4469
1953,4702
4619,1388
2150,1738
3783,4944
2883,1443
99,3415
4742,4577
2098,587
927,513
409,3285
3054,3131
424,4778
2911,1501
2289,2164
4862,4778
58,853
4892,4605
3878,4069
1078,4876
1893,1608
2591,4513
2833,1527
175,4653
3885,4408
2256,1494
890,4881
1469,2470
955,2533
1799,3910
374,2714
4744,3877
1951,4188
1620,2249
181,232
3510,3836
4275,4502
4728,3239
328,3176
3838,277
2656,2093
4440,542
1949,1244
1560,1598
2500,1011
3554,2490
3247,2653
3118,3104
4307,1855
1553,2948
2398,3160
2995,1952
752,1329
3566,4190
4984,926
3301,388
1701,3075
3253,4319
1021,938
2115,4506
87,4616
2024,1806
929,2582
1861,1715
2311,2259
4213,3821
1978,3230
850,581
2920,2955
727,279
2692,365
2928,2492
3850,2943
3710,3805
2830,1250
4925,95
468,1418
1617,2942
3565,4457
1404,2346
2377,878
4832,4230
4399,213
723,4600
4565,344
4459,2720
2039,795
536,2921
3158,1674
227,3594
30,3302
3874,2044
2124,845
532,3759
4079,3421
59,570
1261,600
827,185
718,1265
3931,3550
3682,4499
3385,1768
3459,4466
2190,474
1683,4687
347,962
1152,305
1680,1060
94,4901
525,2446
2323,2272
2377,1296
2188,1698
1974,1945
4766,1121
541,3841
4137,500
3062,2436
3784,4292
2354,3520
2896,1932
2702,3546
2591,3881
4321,107
444,2109
1109,721
326,4753
2367,1437
384,4915
396,3633
3289,2103
898,1366
916,2473
2750,868
4301,1954
3722,2231
908,146
2571,3894
2224,2420
4480,1086
3357,2705
4792,1463
729,4342
809,247
743,3699
1895,4714
4234,2506
2157,3881
4638,4559
3055,1487
1949,2932
1148,363
205,2308
1795,654
2886,2750
4671,977
1563,422
1780,2459
579,1386
2247,2479
1590,1708
2481,4405
4020,1252
4347,4008
2954,1720
4692,3665
4760,3467
4404,2371
2184,1045
3572,3001
1956,2162
873,2418
2139,1072
3359,1750
1756,1284
1581,3376
3253,3780
479,1665
1,520
2058,4995
456,3160
3759,835
4667,2492
3473,4541
4399,2174
555,3924
3091,1908
2964,3042
597,186
2983,2340
4661,3835
2569,4424
2428,3722
2319,2199
2554,4289
1197,2197
404,2109
1761,336
3787,1093
1731,3586
3782,1679
488,2164
1668,3469
312,2439
3513,3002
1851,2501
1817,1203
1551,1791
4409,3861
4792,1641
3294,4328
4807,3736
4471,22
615,2769
3865,4452
1339,876
1225,3837
2858,3380
3336,506
4247,1552
4787,1421
3483,3841
148,4278
2771,3451
2273,4461
1434,4288
2129,1515
522,2330
1123,3795
3504,1642
1033,943
1930,1050
2241,4352
2712,4021
2009,3174
3973,2376
840,3361
3576,2469
4070,3717
2610,3765
4392,993
3810,4670
3072,2291
2300,1089
3438,4454
4198,1713
833,4164
4500,2718
3705,2886
2628,909
4105,1492
418,2557
1823,1342
1425,3283
3963,3266
3913,4151
960,2764
4328,4482
2152,1048
3188,2593
3571,2795
637,3580
2654,4500
2700,2979
3349,1737
412,2076
2337,3636
420,2000
2162,4569
2285,2527
2084,1975
137,3076
3402,2903
1786,1469
4833,1000
3981,4041
4397,256
752,2660
2825,4576
1853,2709
3745,3902
2527,1646
4760,1109
4414,785
25,1011
1185,3085
2471,300
3601,4020
2684,322
4466,1233
3164,4368
3991,2674
3094,2758
627,1417
3637,1182
290,374
956,3475
4045,4416
307,3907
1778,2979
1497,286
1615,1890
4098,3883
4841,2747
244,4322
4065,125
121,1580
913,4139
633,3972
3699,3494
2619,4948
2339,1995
2568,4244
1442,995
4619,1031
262,2832
3762,3955
3116,1921
3967,3275
3251,1282
3759,83
3818,4332
664,1558
4886,2760
2106,3999
4084,4283
214,3168
363,1082
1512,220
480,600
230,92
4591,3737
4003,3250
97,5
4508,4018
3658,4903
406,901
2338,918
642,4641
1881,4084
2973,617
4949,626
4387,4634
4266,365
1685,1755
3814,3134
1297,2229
3335,4262
2867,4762
3470,4785
1062,3118
4088,289
2186,2649
2255,98
650,513
846,2847
1930,2479
3668,3441
3107,2630
2936,2795
3054,939
854,3135
409,1325
537,1528
2246,1045
1073,2923
3475,2890
4848,3902
1778,3410
229,2623
1536,4970
1899,2652
2022,40
1037,1084
1430,245
4060,3160
3978,2339
4860,1708
349,2575
3957,1094
4782,3260
3896,1741
1755,2682
2701,3980
216,570
3164,1372
4867,2765
4260,4082
1523,2252
1371,2815
2684,4379
2113,804
2816,3084
661,899
1869,3958
2068,4160
2576,2673
3775,4378
4463,3906
2540,4586
3756,1075
906,952
1691,3323
2870,3839
2741,258
1720,1175
3109,3176
1514,4789
1907,3464
738,3397
4311,2598
4469,4757
1123,2991
2528,981
3836,1923
353,18
1151,2481
2683,1694
2463,1331
1186,4649
3310,1247
590,4136
2361,4299
3596,2605
3394,2830
1280,176
1422,247
2238,496
1335,4197
1809,1558
3594,3411
705,2928
2625,423
4975,1945
1386,782
1810,668
1579,3881
327,3876
1204,1583
2573,4769
1427,540
1443,3724
3699,1414
211,4014
4057,1671
2370,3270
3216,1769
229,70
4718,3135
1743,1700
639,796
3086,1628
3868,536
3374,4681
454,3152
1789,835
2136,4161
1092,4029
4057,3807
1275,3922
1591,4494
3715,3322
2548,3753
3458,3145
1147,2694
2752,4697
351,4556
1932,1568
1010,4873
1379,2747
868,3040
180,693
970,357
228,1737
4689,3896
2614,937
88,545
1689,589
2033,390
4815,4215
3572,3746
1982,1975
2839,628
845,2213
3340,510
4249,1116
4609,2304
1348,456
4731,1813
3907,3484
3876,692
2204,1153
1481,3480
2323,1489
3250,4790
4848,526
4075,2199
3165,2829
790,1351
4223,2349
3927,2787
2978,3694
2686,1446
2379,765
1598,1995
2050,1349
563,2722
3230,4841
503,107
3891,3370
1764,2649
2379,124
611,2580
1633,237
684,3235
830,3243
3428,1197
1268,2054
2559,296
4984,219
4904,1369
935,4712
849,2083
1358,2573
3892,4775
4587,3357
3249,4574
1807,154
2688,259
554,3694
1749,3303
2534,2145
33,3569
62,4710
3397,18
1227,4879
536,3171
1252,2706
2407,1669
3096,1911
1167,4905
2247,4173
4005,2573
3772,230
3428,1095
1402,3056
655,1447
518,3728
1779,1803
115,311
4743,2517
2125,884
1630,3486
3860,4223
2199,147
4960,3396
2060,1990
4490,4794
4484,3737
4354,3265
3632,2683
1022,3919
3786,1472
1972,558
3402,2622
500,4699
1044,3370
4962,3459
4885,3038
899,1993
4408,3136
1796,2122
2694,2279
2077,4099
948,3906
445,293
1009,4373
4868,3603
311,3960
3299,1792
1283,2093
808,464
2215,4215
664,3544
437,1559
3728,2789
1955,4329
749,1791
4989,1436
1449,4912
4857,1269
3524,2777
2394,4276
4435,148
2411,4410
4732,3028
329,2237
4808,3785
895,3681
3474,978
1134,3904
4450,900
3906,1249
2580,3257
2791,1910
380,4041
3941,191
238,285
363,2396
1117,1675
2356,3448
2928,3608
2203,3808
1262,1441
4679,2915
4725,1242
1393,4654
4933,2994
2911,3958
2431,731
2557,4404
427,2529
314,2092
3935,635
1868,1696
1705,2398
2130,118
4866,3178
2552,1659
1970,2484
3530,2915
3052,4243
2833,3412
742,684
3642,430
2528,2216
1533,327
1460,4604
4280,4259
4743,901
2083,2848
4323,773
539,3459
1325,634
1996,187
1723,4063
1449,4023
2231,3044
1728,341
2565,3187
4245,703
4333,2293
1224,4358
780,30
3348,397
1585,1074
2117,1322
222,1346
4930,1497
1072,961
3219,298
1983,3343
1835,2976
1323,4156
3431,3502
4612,2259
3694,4984
2523,1112
1852,3096
694,2964
349,4518
2835,721
2985,4143
220,2305
1502,233
595,4791
915,3082
956,2455
3893,2443
3259,4949
4220,3884
3482,1022
1805,666
2722,1901
4860,257
720,444
524,3953
556,4533
3730,4575
4203,2196
1308,386
1601,2391
1804,1266
16,3664
4620,1211
477,408
525,4992
2778,4746
142,3325
1863,624
1434,2838
2892,2476
1943,4011
4911,2451
2192,2259
1358,2914
2657,4348
360,3454
37,1742
1001,2233
2570,4646
2782,1278
3674,4121
3606,1905
3522,2025
806,1643
2713,2162
801,4820
2645,2879
1193,520
4241,691
2202,3025
1794,3236
2143,4023
231,443
1183,257
2496,3606
1926,1841
98,4618
30,1670
2810,3040
4983,3894
3460,2754
2552,14
3860,2562
2578,1912
3406,3435
1309,525
175,2964
2858,90
493,4702
3071,3204
651,3186
1623,3377
2960,3160
1198,3300
1870,3860
878,170
3554,3644
1993,429
4728,3411
244,3601
3136,4934
3653,1547
4054,4244
2244,3531
941,1018
3630,4459
3255,287
2130,4162
4016,4754
3586,3151
2863,2307
779,2705
3543,2781
2527,2413
4621,4817
2201,4573
2022,3158
511,2642
2555,1474
2865,2751
1856,4608
2119,814
4604,3607
1085,2691
1551,2004
420,4198
3766,4965
3096,1231
2641,541
4724,1532
4782,484
4255,1847
1259,1353
387,344
50,379
3717,4340
3044,983
4481,4613
2014,4661
434,1478
1150,1229
3634,3002
2480,4107
3315,1569
2112,4807
2446,2513
4523,3750
2992,3695
4982,1634
1080,4622
2150,4624
4857,26
425,4917
2189,4620
2346,2744
4005,2082
343,3171
3818,4122
2113,4774
4059,678
1636,4875
2379,3052
926,2063
4072,453
3089,4353
3499,4462
2371,2211
1555,2382
3146,3243
2418,2148
565,4554
1140,2015
2599,1111
2484,2794
2559,4603
1939,4316
3004,4553
1980,361
732,1341
3170,2360
2004,1524
4664,4038
950,4859
668,492
1360,4271
1786,3663
1976,1069
2958,730
2345,1962
1215,911
3599,3081
501,2683
900,4394
3717,3208
1636,411
334,1716
3392,2297
2124,3394
4790,1198
3702,2277
285,3881
405,1149
3803,126
1963,2460
2046,2217
537,4049
4745,4417
3956,1932
2605,2386
2228,4969
3890,905
1331,2085
2893,3512
2094,3821
4233,3727
3327,3094
4865,1480
4887,1658
4021,1731
991,3839
4273,4704
3814,4191
239,2955
2759,1232
970,2883
1867,2302
3162,210
353,2360
1904,378
2372,4160
4977,2977
2612,1741
4337,927
1199,601
427,1484
2411,2890
621,2319
4759,870
922,1327
1416,1096
4210,2800
1017,1552
4902,3168
3865,3668
469,3904
1219,4510
3892,3951
2587,4865
3598,4448
254,4779
54,2730
4500,1206
2173,469
3576,2132
3706,4169
2722,1356
1322,1952
1718,3626
1644,1837
1741,4044
3549,3362
1723,3016
2525,1329
3370,78
3304,3440
3299,4554
2177,4355
3489,1331
4451,2650
1919,4755
4477,2367
346,3509
660,3220
2321,1823
1066,3081
2976,2096
3600,2242
488,3444
4072,657
3425,875
2661,360
611,2701
1401,2839
4911,816
4422,1598
2678,2160
4511,3745
4459,274
4573,724
2752,1414
4496,512
446,2687
890,4591
3606,4285
414,158
4325,3880
1175,569
1338,3247
1171,1418
248,693
3424,755
726,545
1666,1645
276,2568
786,4406
336,2470
2565,1053
4577,1198
3691,1101
3868,192
1833,2456
4872,331
4669,2297
3348,219
4246,2928
1788,1943
3238,1259
437,3147
22,364
3391,4257
4705,300
2127,1008
2637,1923
1791,1022
2607,47
3843,1261
1892,861
2332,2262
3344,2245
4619,2761
360,85
990,530
877,2923
2920,814
3852,2672
2672,3309
2380,880
4585,1100
2166,1906
3064,3349
3098,153
4266,1456
2508,4984
4600,1735
8,404
399,3128
4810,4295
3140,667
3727,1098
2225,1328
2179,1297
4100,2298
4479,913
3031,806
2263,3490
4444,900
506,2020
1428,2306
800,4712
1436,4659
2560,1897
4832,2627
3097,4732
1961,71
3342,1466
2030,2705
4443,4731
1908,3512
2311,2303
3041,2902
4180,4561
1694,4719
659,3807
283,53
2804,2610
2641,1596
1483,3664
1073,4707
4964,1896
4524,3608
1299,1566
4258,2236
833,2128
2398,3472
4451,1369
3797,2910
2705,4228
1730,4963
80,3704
4204,4036
1848,1989
4477,3619
4955,3580
1008,937
4673,1909
2944,786
3554,2548
4613,270
4042,3628
4293,1875
4996,3561
1892,4425
4614,3525
1117,680
4683,2739
225,3795
325,1565
2652,1461
847,3587
4770,326
785,3042
2432,3316
1260,1084
783,1926
2874,2209
3745,3709
4813,722
695,4884
1010,4367
2954,1254
311,490
878,4159
2037,2644
2277,3992
4566,3802
3685,692
4163,900
1937,4293
1829,1648
1558,2395
2012,4448
2945,2808
2791,2174
1819,2732
2820,800
2656,984
857,3329
1208,3747
228,3080
95,2042
3386,1892
2652,285
3145,4317
547,1470
3769,888
4476,4011
4259,1463
4908,4566
2173,2134
2768,1003
4403,3128
2341,107
1697,4676
181,3334
192,4224
2496,2585
3204,3865
3788,1976
2670,1051
2220,3317
331,703
2411,20
2700,2145
1667,987
1186,3881
2710,4220
1499,3629
544,752
1234,784
2343,2781
1752,2183
881,239
2727,2965
3932,4803
2495,3155
3874,3173
1941,3999
302,4228
3313,4228
1561,4701
1275,1350
463,1573
4565,2291
4743,1644
665,552
2317,3722
3768,607
1722,637
3315,1305
499,3965
1308,4197
2226,2058
3994,1361
2330,1118
3220,1045
1178,4913
4152,3278
2254,3277
3724,1710
4865,2442
4945,1887
3445,4523
2383,2249
2982,2637
1220,417
3844,1539
3802,1087
2648,4234
3788,2152
807,1153
2920,3731
3608,426
1724,1859
2753,2384
982,2053
4256,3850
1724,4182
1482,2791
3850,3023
4650,246
3120,197
4105,4251
3908,4722
2179,316
4484,386
2485,1569
2800,1903
1255,4271
2789,3449
3135,1784
1042,216
4377,2634
3763,2505
2731,2294
3217,675
609,2991
657,1898
3695,4175
1488,1431
1367,2935
2012,4584
3363,3724
2022,1378
3800,2829
4959,370
3586,3316
4352,3988
805,2374
2489,4858
3785,4531
68,3143
1500,3009
4734,821
2513,3164
1287,2067
3276,4439
1400,3692
2212,4017
4493,2771
1026,3153
4550,24
2799,2596
123,3784
1671,3830
4868,4808
1484,2305
973,4814
3832,250
2699,2806
3532,3923
4751,4152
3096,3079
3028,3430
1293,195
1926,1299
2596,172
2917,2631
2372,2628
2897,2801
1997,2197
2337,2077
2882,436
3031,3837
2765,3563
2332,231
3382,2520
118,3852
2334,2543
3453,2214
305,1579
1712,3057
4312,1695
4696,2952
2690,1514
4899,1413
4366,3062
2419,3555
2146,4157
4856,2923
619,921
2995,2476
3820,2905
1560,1879
3664,4480
1127,3930
62,3817
4376,3189
2292,4470
2968,3154
1577,3303
584,3209
783,3104
250,4427
385,2489
3266,109
4747,1769
1784,994
980,4552
4853,2951
2688,357
4795,805
3630,1358
3213,2707
1321,10
3248,4568
311,1601
4902,729
1637,1389
963,3389
3966,3697
3011,343
3793,4500
4627,2958
4992,3330
2817,203
4962,2674
4183,589
1514,2794
1809,1961
309,1341
3611,4882
3919,4685
3312,4456
2031,4261
1236,1578
1027,3200
2678,3019
785,1528
3040,1991
4639,846
4028,2423
1978,4834
574,3051
3143,1368
1685,3712
1041,4745
2393,1316
3542,673
1117,2331
4304,3016
4965,1666
3834,3389
2545,3271
695,1222
1819,4035
4109,4534
1374,2409
1978,253
1974,948
458,2873
2414,2205
4947,2323
3962,1481
2526,3761
3670,9
2435,4296
1534,468
1252,4283
3225,1560
3437,4519
2280,1389
2313,4013
802,4329
2302,899
2924,1209
3149,2088
7,2032
4550,1682
1790,30
1729,1562
1178,4247
3107,2243
2006,1504
3580,870
165,2803
4472,3417
1644,1280
4936,2083
559,72
946,4755
4521,1983
4225,715
2156,1580
3011,1646
2452,4891
3394,4507
3458,4196
1927,3027
3160,4648
1923,3895
4009,3448
139,1029
2577,1549
2051,1385
2029,3494
4844,4074
1816,1736
4349,2981
2510,3974
289,4798
1242,4205
4044,2618
2586,2512
4259,758
1887,2211
1474,382
2625,1123
205,1961
2713,1422
3991,795
2060,4508
3532,2268
3014,4295
1964,3795
4578,2205
3787,2812
4257,1961
2705,3154
1426,1950
2745,649
3177,245
1368,1763
4066,1928
3025,342
2833,756
2406,839
2149,4257
1897,4299
2668,1740
3177,4210
4554,2982
3017,1374
1771,307
3669,3919
3254,928
776,344
3071,909
1120,871
1032,3880
4961,2965
353,3350
1855,2528
3615,1333
2511,1398
4098,3879
4327,749
2019,1740
375,1050
2816,3029
1357,2701
3232,3812
3190,4376
2747,2471
363,1168
292,1229
4998,2447
1032,3139
1780,1910
4194,360
120,3208
3603,526
1952,4151
710,481
1289,2356
4349,2437
710,3293
178,1441
3964,91
3382,428
4843,4521
758,2610
4196,1488
4496,1468
641,3958
459,4189
3418,4299
2603,2481
3352,4405
2088,580
4791,3955
41,4148
2622,1214
4804,2348
2914,2405
4388,2943
3633,4339
4090,2419
1516,2909
685,1912
3562,3237
711,4043
4054,354
2411,4710
4263,836
3784,4843
196,2376
552,2854
4096,2144
3302,3320
3721,515
1682,281
4686,145
2717,3416
2308,3353
733,4251
3043,1482
3557,1794
2513,2606
2047,1193
1884,1568
2206,1830
3071,4273
442,1152
48,3210
4434,3345
2026,4561
4298,4067
105,737
180,1693
3390,1697
4358,548
4664,1454
1982,110
1022,1954
4698,1467
4544,4126
2607,662
4387,2118
4416,3524
160,851
3772,3716
1993,3252
3677,1029
4014,4670
958,1510
3413,502
1633,3808
3079,692
4414,4227
2431,2702
563,3919
4297,4680
1948,2352
4953,701
3892,1
1178,628
4318,605
3641,951
3186,1170
3477,3032
3881,4412
4345,1368
3531,4689
1649,3756
972,419
4985,4949
1105,905
2440,2082
1691,3859
172,3329
514,4644
786,1820
4024,4428
3954,283
3982,2188
2630,2036
2775,4398
3483,3565
4510,1355
30,4743
190,2150
1768,3678
762,3837
511,2096
315,4175
20,4932
3550,2626
3534,4348
1636,2565
4605,903
2039,3654
4997,1795
3285,569
2210,4218
4334,4437
660,2592
696,636
1507,3707
1733,2450
756,1244
2769,4590
3676,3678
3699,2482
357,3674
2010,4996
1977,185
1721,4640
1712,914
1764,2011
1979,627
2042,3433
2777,3824
3547,3005
3109,3622
3111,227
735,3041
3385,619
2943,468
1830,3213
4962,1855
2467,1486
4057,1535
2550,331
4370,2154
1305,2566
2193,3025
2657,1270
149,2917
3764,2460
681,1078
3402,1403
703,45
2811,644
3247,1403
4814,4168
1999,3889
1224,2995
2756,3440
3808,1558
3273,2886
750,2275
255,63
3423,3147
2284,1028
3610,1440
590,2674
4324,489
1986,3666
2089,1685
2886,2872
1937,3548
309,4197
536,4320
2672,4721
4896,951
3466,332
2195,1424
4374,4682
402,4357
156,1847
362,1346
4365,1247
2487,1310
4180,2770
2707,592
3448,3653
2038,2182
1741,598
4254,1005
4258,694
924,3249
1083,755
3541,982
4279,4562
1656,1005
2642,2301
4317,110
193,2236
3673,4687
1542,1581
1359,2494
1804,200
3269,3771
3314,1959
3462,2812
1514,2373
1381,4870
2931,2072
917,4610
1647,1440
1349,1994
384,2413
1707,348
57,2765
3741,468
4588,2003
4969,3227
2748,1624
584,253
3762,1376
4022,1559
71,414
4811,3219
4915,4768
3100,702
4070,4600
1254,4700
3903,3822
641,2628
2151,1744
3515,3502
4704,546
3156,2226
1947,1975
4002,868
4898,889
2333,2880
4882,1086
4402,1838
3320,1189
4979,192
1430,427
1019,1490
1596,2955
595,1862
1401,2999
1337,2793
446,2945
3824,4497
3449,4480
4387,1533
714,224
3960,2361
4609,3679
2733,4311
3827,3578
3226,2501
431,3426
267,4411
4657,3093
2074,3131
33,1669
2801,2359
4519,1133
2674,1092
4370,619
304,453
4134,1205
652,4818
4821,117
3095,545
787,1228
2140,1718
215,4713
4135,1001
2617,1895
2760,3510
2575,2006
3127,3022
1939,4489
2356,3553
4586,4340
4304,1259
46,1631
621,1645
2786,16
528,987
3445,1284
2954,536
1597,615
2765,337
3194,1648
1285,440
2162,1462
2793,1185
967,3953
1537,291
3735,3610
2510,4726
4807,2213
1344,708
1378,4113
1918,3861
4206,1994
1498,2770
2646,4605
2911,4318
3011,1772
2314,4196
4468,105
1062,4060
2861,4666
1787,4011
3854,3277
3910,480
1778,1025
2067,1379
3731,4773
1166,3708
3088,4439
376,3190
3724,876
1046,1951
4203,1682
3444,2597
962,2006
2881,62
2180,2688
4473,2160
4566,1893
871,3290
4336,901
1664,103
1078,716
2993,3252
1720,4649
3236,2743
4767,4821
4065,3652
1329,1521
2655,3385
4166,4774
3554,3368
2048,1790
2153,1952
4535,3599
3734,608
1328,3406
1484,4929
32,4681
586,4588
637,1190
4826,2996
652,4329
3739,3221
11,1989
304,4241
3875,4953
2581,4682
398,4833
4350,1083
767,608
1362,1389
4944,3258
1494,927
1100,425
3406,3998
3917,4442
2689,181
1803,958
1227,2636
4691,4745
920,3985
415,2070
1646,2179
1847,603
4828,3725
2667,1512
1717,2738
2892,33
999,1897
4357,589
4010,2714
426,3023
3077,4359
1996,1398
2435,3755
2633,250
1659,1060
817,4038
4791,1906
1389,4596
4235,501
2190,4533
352,1688
127,1513
4512,3439
379,3868
1273,533
1378,51
1152,795
1574,4484
2280,423
452,370
65,542
4176,114
150,887
3508,4815
601,2601
487,1352
4620,3846
2224,1028
3449,1041
2615,3699
2768,4610
1409,1908
3503,3446
1296,1179
4647,868
638,3702
4643,2916
1932,2075
3028,3733
4008,1814
494,1764
3971,2682
4849,1146
2300,2787
1408,2400
2454,340
2730,609
4333,4215
2194,3944
1991,699
1480,3575
645,2004
3795,2864
101,4512
116,4753
3684,3740
3099,3043
2949,4906
2385,813
4685,1874
3483,2552
1543,1446
454,2615
4015,3076
3777,1025
1587,3947
3250,4189
741,4150
2869,1741
2953,3875
937,4998
2131,4762
4040,3814
3770,2422
163,4914
212,3289
2260,2203
4683,4428
3809,1130
3839,996
1249,4307
2069,2371
1600,588
136,1887
1033,556
377,1922
2216,2615
1371,3252
4997,45
1660,2232
61,3291
2574,2796
2825,1031
3553,136
4885,1004
3578,2910
1699,169
1852,4798
3076,418
3908,2837
4250,1168
1267,1788
1044,2354
4415,4827
3822,4160
1101,3095
3720,3939
696,3729
1972,2641
2982,479
816,1994
4743,3639
996,1482
335,1732
1896,1715
3158,1171
270,86
1833,4925
1589,1806
4482,1869
1486,1202
813,4893
3307,182
999,3392
1046,3845
1085,2855
4707,239
4092,1531
216,3800
3747,4020
1766,2475
4133,3032
2759,7
714,4800
2450,3288
3915,2605
2676,1284
2367,2181
2280,4029
270,1440
2149,3262
3813,2724
920,1668
1832,1941
1141,3652
3671,2450
3774,3297
765,728
4881,527
3107,466
3951,287
4187,4704
405,762
4809,2070
2506,2755
827,2006
484,1778
1859,531
3779,1370
3054,1433
498,3632
1958,4736
4619,3523
4575,4123
4481,277
496,1746
4325,4222
553,4246
1537,71
3725,2941
4923,1249
1815,4464
6,3042
629,145
3377,1063
1948,1423
1329,4893
3159,744
2502,1261
3267,2401
2461,597
1865,2630
1540,3781
403,1181
709,2436
1931,3491
4357,4098
1278,1052
636,1451
1633,1572
4354,1348
18,4066
2052,2405
71,3594
197,3562
3562,4424
4249,3038
228,4824
561,2527
1463,4111
40,4592
937,24
3082,1016
948,4500
4074,3792
4086,2821
2533,4921
2882,1210
420,3402
3043,816
4689,2027
1559,1292
2927,4580
2474,1573
1937,857
2929,4741
2855,4083
2435,586
423,1496
2726,4661
2209,348
2743,4508
3496,14
2477,1963
983,3517
2599,888
3270,3819
3943,3706
3755,3143
1670,1167
600,1041
1753,948
4927,4099
2732,2087
2098,2968
2712,2833
2906,1370
4216,3591
3021,2446
4453,2667
862,901
523,4965
423,519
1969,3963
4938,547
1471,4330
338,811
2083,3935
979,409
4695,1720
612,4984
500,3667
1590,4296
76,3355
4495,1218
4846,3220
426,1438
2408,4522
1882,500
80,4528
4795,1699
756,513
4972,632
1402,4533
95,2454
2138,332
591,3850
3751,4543
2242,2222
346,2608
382,3645
1936,3807
4682,1420
2878,4325
4300,4647
4408,1172
375,3534
245,4930
541,3285
3805,644
2757,3333
76,2429
1855,285
1525,1796
4677,2095
1241,891
2004,712
2775,3001
3788,213
3934,2422
142,2926
2339,4206
2901,1125
4552,259
3205,1206
3176,133
403,3884
1452,1682
3350,4144
1996,2708
4272,1282
3663,717
4498,4415
2482,1690
1369,2899
4345,3951
1024,2248
4070,2980
1034,3658
2505,1306
2987,398
725,2485
3210,689
4146,2641
1710,933
4303,4296
2695,1638
4645,4272
3552,4525
2602,4958
892,3227
3771,1277
848,1265
2423,2686
1774,2522
3743,334
541,3796
661,42
499,2406
2218,878
1600,3544
2358,3116
3077,4436
4914,260
1391,4954
4764,3586
498,1168
802,3788
183,1895
1851,1951
587,4210
1267,3540
2454,2629
2217,4623
2130,888
1433,2363
3211,3715
2956,3885
4302,3402
2108,4717
329,98
3926,3184
716,451
4799,437
1093,1283
2440,3959
4152,1427
4348,66
4723,240
779,2563
3149,2152
1645,4191
754,3368
1016,4860
1363,4031
2849,4780
4228,1390
681,4014
3015,615
2490,4022
3501,4562
3923,1666
3012,246
4585,3772
4776,2469
2922,4017
2204,2821
3662,4191
515,880
1998,4071
538,4892
4398,2458
4405,3589
1241,865
2008,4305
349,1566
3467,4838
4248,3326
2325,3094
4876,3010
1668,1599
1857,2152
1926,3412
3942,4366
1789,3523
2537,1201
956,662
4444,36
425,533
4377,455
1283,715
4414,3791
2561,3554
3138,404
1027,423
296,2756
4477,4123
2625,3370
719,4825
1972,1268
2288,903
3016,1409
991,377
1806,1783
1938,3586
3488,4523
4134,4508
4927,452
118,3092
1784,1452
2059,2556
287,2125
4772,2473
2586,2880
2883,1294
3747,453
545,2582
4333,2429
1954,3826
2337,163
3116,1802
3475,807
1546,1109
4610,421
1192,4298
3861,4767
3486,1228
3980,2641
1740,225
4224,2296
1728,1275
3257,1239
3088,4881
3695,2943
984,4455
913,1177
3769,284
3159,3306
696,3357
3765,9
1825,3582
2781,2785
4753,4086
4887,3615
941,1717
4985,1573
4796,4932
516,957
212,2912
518,1267
4688,711
3333,2537
1238,3390
3795,864
4761,1900
2896,689
414,2827
4752,4237
3069,2264
1766,4285
539,1669
915,1083
4108,4826
1977,4389
3053,961
1992,3817
3543,4664
3756,4862
4746,776
4336,430
236,42
3734,4122
4078,4402
213,4455
1797,2060
3511,4845
4591,482
2009,3583
3662,310
3347,41
858,1839
4443,1006
4745,492
4771,2373
1504,3319
854,2166
1699,1337
3712,1313
3704,4744
2199,2044
3625,3733
1910,4284
3703,2206
2683,1401
4651,3530
4253,591
2277,1133
4959,2179
3144,2483
1992,2495
2159,1889
1242,4403
1125,4590
1103,3507
670,2680
2791,2955
1860,2470
1579,3847
4686,2760
2597,162
4737,201
2165,1255
3175,2090
1391,1896
1327,2852
2667,2528
4905,2236
4549,593
4328,2803
739,1513
421,2463
807,4883
135,1111
3729,603
4971,4068
4296,552
2193,1600
2945,4157
3516,4267
140,1898
4246,4344
1697,1334
2509,1715
4978,428
3699,604
3182,3941
3072,4360
462,3436
3514,60
3797,3822
2849,3247
524,3621
1185,373
4539,2554
906,3823
3991,4251
4536,4302
675,3304
690,2201
3908,2519
1606,3688
4134,1567
1236,3585
1795,251
3440,871
1778,326
1911,3029
4671,341
1741,2449
811,2623
2123,504
2253,3568
1254,2737
3472,4258
414,1148
1296,111
1913,3883
489,4408
3132,948
368,1497
2926,2662
1750,2571
1896,4919
933,2359
1515,1102
4859,1374
2296,1882
2774,2320
4061,4150
236,4362
402,265
3199,2757
48,4027
4044,709
3370,3065
4408,4808
2981,1484
3545,2181
3786,1353
291,614
994,4409
4467,4588
4417,217
2077,3627
3713,2012
934,864
1002,205
1512,4014
965,3720
4207,3193
1800,2281
3958,1758
3314,3063
4895,4569
4306,4105
3055,1257
2106,4538
1446,447
368,1735
4163,2922
2171,949
3316,2899
3049,1568
229,2063
1827,1278
4999,2409
2233,3799
3734,3411
1956,3337
1947,141
3202,4756
4574,298
3925,3417
4485,2377
2575,3465
2258,2000
2415,969
1584,1926
2711,4979
1310,834
2214,1338
4222,55
556,2539
4404,1832
1635,3119
4892,2222
3821,3914
4549,1803
566,1970
1384,2723
3780,4773
2315,3024
3020,5
2229,2752
2883,4220
2898,3525
4296,3238
4922,3371
3262,1741
4604,1340
131,2113
3008,1169
3711,3291
239,3672
2352,2318
4030,4734
2252,4342
533,1474
4920,3560
3549,3314
350,3931
1621,256
1962,2607
2723,1604
4459,4351
1047,1912
387,3659
582,2823
106,1204
1019,2228
2431,3789
3898,326
1121,4604
775,2934
2495,170
1920,2496
3086,2729
2617,1310
908,1064
2928,3704
2297,4095
759,70
2522,1359
2494,3809
2404,3216
3120,2529
55,279
2234,3303
3523,2525
3993,63
4899,524
3246,4210
4811,1237
1120,4567
3403,2470
2253,4352
1218,3703
1686,759
2057,4914
4951,3588
2924,3300
901,4581
2707,201
2026,3060
789,3100
3086,688
4668,255
1173,2539
1096,1230
1889,461
3292,2701
2815,2651
3581,3396
1660,2193
2922,1604
4008,4664
3852,3588
2459,3118
3541,1058
1425,4571
1225,1584
421,3126
2596,811
4593,1077
1783,2293
617,2399
728,4807
2504,3524
496,1231
4555,606
1565,1999
761,1352
601,1805
1676,2733
2157,1815
2406,656
4040,2576
4103,4637
1182,238
261,1928
2426,828
1983,2396
1179,635
2105,3020
4420,3538
3838,1628
1865,1182
1073,3546
3753,4179
2573,2868
1772,3769
3653,4297
4298,1576
4986,4357
175,421
1940,2204
2818,780
3465,3261
3796,3019
846,3137
1784,4141
4273,2503
3608,3439
753,3699
1673,4468
2040,3464
454,3126
273,2688
1741,1246
4185,1806
2806,4724
740,4825
1322,226
2017,287
3757,4027
3929,1962
675,1176
2300,4587
2341,1896
249,3063
1336,3349
3028,484
445,4553
2668,1411
3054,1723
3087,2394
401,4761
2141,4599
4060,91
4141,2309
208,684
1962,3852
75,3062
1224,2570
3436,673
2400,1181
592,1042
269,1073
2483,4061
1063,3290
3990,4255
3668,3517
4005,2215
3106,2397
4623,1350
49,4448
3914,3361
1496,3041
329,1460
2446,2391
3887,785
4515,3000
2490,2192
2607,394
929,2187
966,910
500,1399
721,80
2378,330
4429,4713
207,2178
2823,4509
4139,4298
2161,1079
3001,4108
4409,1101
4469,4277
3100,2547
3803,1014
4286,2394
4279,1582
441,4657
4057,845
1332,524
729,2903
1393,462
21,2339
1413,1795
2845,2010
4891,3193
1062,4302
2229,916
3882,1254
3716,4989
683,4749
287,1187
3320,1410
1739,3953
1232,4669
890,4065
4831,4494
713,4953
1320,4093
1928,4260
4656,4126
800,2994
4436,3343
4086,737
3344,4171
4622,901
2777,1353
4617,448
1896,4596
2203,136
1918,120
1994,1574
3792,3431
2418,1282
1966,85
1692,481
526,21
1306,3455
4926,3756
3703,4035
3005,3099
2012,3619
1200,1920
1149,4300
4315,1342
4984,3193
1149,1663
1826,837
3169,741
4152,1974
1789,4582
2378,3635
3544,4714
2029,3874
481,3056
415,2461
4217,2151
242,2009
378,4977
3886,4643
3741,1919
2712,2811
1251,1703
4090,549
1960,503
1883,3853
2071,262
2267,4224
3286,620
3492,88
4070,405
3645,3774
4405,1005
59,537
4392,759
2109,3743
28,1584
2091,2363
3824,4102
408,360
3351,653
1907,16
3738,15
3341,2228
2093,1883
3474,3819
4325,27
781,1561
701,628
1622,1682
2815,1846
2954,3987
2987,2055
2593,4495
3272,2619
4584,1568
3209,3289
2020,2845
205,4822
982,1442
524,1233
1128,3367
1940,3859
2463,1473
832,785
117,745
3586,2182
2117,1477
4202,371
1737,1279
56,1052
4428,1801
1702,2455
1640,3720
654,2920
3413,398
4979,3063
2344,3774
4587,1313
3001,641
660,4295
1615,1927
1659,2172
1827,1005
4660,2075
1567,1421
2804,957
1152,88
4057,3701
3090,470
839,4724
187,1244
1413,2056
507,932
3259,4969
3025,2576
1841,1272
643,1344
1562,1723
4518,2112
3425,828
1301,1373
1503,3103
2391,991
4693,4373
3982,6
4587,186
3465,3781
2769,2741
394,111
1716,1750
1024,2457
1018,3033
2325,2910
3518,1420
1401,2315
4505,4563
4827,844
523,2841
2664,2576
3764,4078
2064,3623
884,2572
2933,2288
3774,483
3373,211
2761,2439
400,290
4813,120
3557,1990
813,4427
4774,3614
3460,1009
2407,2365
3,3449
3466,4575
417,325
1229,3981
1355,1532
3943,436
1970,2777
2816,3383
3728,858
3097,715
2213,2064
2017,1324
1083,220
4908,2695
1293,3501
3625,1274
804,2663
4858,299
4662,3218
2740,3500
388,4179
4255,607
4163,4979
678,3602
241,3387
1841,1423
116,4938
518,1217
4946,476
3932,578
1532,3910
3242,404
3354,3950
1379,1607
2852,2058
3619,981
2071,1623
240,3693
1898,4847
3369,925
856,1570
837,4144
579,434
3265,2869
406,1956
106,2526
2191,865
4801,3272
4773,2496
2705,3533
1726,4160
3629,2860
2575,2464
1333,1097
2496,1291
344,2102
2405,4950
1729,2056
3751,3467
4005,442
4715,2787
2476,3474
4497,2861
220,2234
682,2493
2093,2402
3585,2343
19,2890
2802,873
1836,835
378,2937
178,1459
1625,785
1574,923
3969,2167
4470,4364
1060,1710
2451,2591
4256,172
4638,3594
2720,3064
2746,3940
4508,2276
3856,4285
4104,871
700,1133
2927,2792
2660,4471
1948,4978
3733,4100
1914,4127
1069,1141
326,2327
2648,4551
73,1188
2511,3713
2923,2281
3838,3607
4612,2749
1245,5000
289,357
4761,1026
900,2798
4629,1683
4708,666
4661,2387
2608,3062
4944,4965
2725,526
411,3715
4071,4415
2021,3921
4262,4910
2064,435
4969,3573
555,1089
2496,4477
4041,1870
3421,4185
3788,2751
1850,2989
3091,4758
4262,3552
3356,1055
2965,2449
4946,865
2285,2319
4639,4768
2966,2295
1210,2394
3000,2264
193,850
3351,688
1044,3240
2227,3948
1501,36
349,2793
445,3599
105,4313
2026,150
2224,281
3975,3864
4480,980
3389,4675
3541,3487
1708,3613
3665,4902
1823,4716
4371,312
1042,3920
3437,3195
3236,2612
1141,3943
2229,3328
2887,58
3125,584
1348,2634
2184,2948
3898,4202
2442,978
822,1463
3423,1480
227,386
2341,1842
1277,254
4317,3125
105,2741
3607,581
1571,2817
4608,25
4059,4244
973,3273
601,1532
2591,1266
4230,1355
3371,1900
1926,1708
1397,1805
1277,16
4244,2588
2003,4280
3090,3433
2646,800
3758,696
3303,3099
244,316
2567,4151
1148,3395
1054,598
1724,1547
1578,1411
1728,1469
4388,3734
2320,1675
2673,2357
3398,895
350,4996
1257,1629
3261,1948
4628,4822
2200,4801
3352,4496
1036,208
4317,3318
3936,4468
3479,895
3456,527
3088,2924
4089,708
234,32
2805,335
3357,2763
4726,2003
3148,4449
3874,3325
2677,4662
1508,2465
2861,2644
2652,3013
1359,1200
592,112
4392,2069
4424,4119
4796,607
4474,375
29,2125
3980,162
2961,1067
2487,1461
4215,2278
1459,85
4353,3334
4888,3996
3385,3664
3823,2134
2358,4179
809,867
2703,2642
630,4409
3995,155
2343,1444
124,1760
4021,4514
1531,2294
3789,1647
1663,4142
3418,775
1849,4917
1772,1410
4163,1195
584,3851
600,3808
3616,3846
2679,4205
4939,664
1417,1574
107,4484
2739,1156
3939,2871
2522,2989
3966,4736
4186,4843
48,2785
754,982
3229,289
455,2200
2821,312
4162,3090
1356,4183
3348,3668
1312,4192
104,2416
160,1972
2637,455
4449,1706
2862,353
149,4836
3630,2536
1723,251
4647,4739
238,1909
3036,307
926,2002
1000,4019
4207,1369
3775,4335
2210,1068
986,1204
2516,2729
137,345
1266,3642
2596,1983
381,1059
1663,385
1445,13
4921,4801
456,2632
2345,311
1705,2486
2553,3007
2278,3875
2075,1184
3382,1744
3731,4901
432,251
4091,1320
813,190
2903,3482
4494,1952
1411,1736
4052,2170
500,4345
163,952
1641,1261
3263,3250
1283,1985
3071,3912
4931,3001
3604,1080
4069,1504
1548,112
4890,1914
365,1702
4438,4586
4374,3707
4221,3015
776,4038
3901,856
3096,2928
2645,4512
1845,1358
1968,555
4454,692
734,2844
4535,2281
2244,3888
2059,2105
2303,2724
4274,1864
1537,4520
509,1260
4399,1492
761,4117
2254,1721
94,4193
4844,2449
1266,3223
549,4292
2140,3173
2514,2826
2974,1571
4786,4424
2172,1522
2533,1395
1131,1664
858,3700
2297,4670
4825,3376
3600,468
216,2548
1792,4684
4352,589
4773,1601
2976,216
4197,1966
1959,2872
1210,1385
1489,1708
1093,1586
3180,1297
1547,2811
4344,19
2307,653
2141,793
1308,2979
155,1200
1419,1777
21,4215
987,3032
1514,670
3004,2614
3934,1692
3775,4735
26,2876
4874,2111
279,3896
4610,4443
3954,4655
921,65
3897,1295
3481,4000
2930,1922
2362,2411
1637,367
396,2234
2627,111
3175,69
648,3833
3964,3972
93,3141
4380,293
29,4854
2031,653
3209,574
830,4519
4250,4657
117,2439
3946,4818
1977,4189
368,1713
2429,4165
3440,4499
1212,4242
1593,3663
1894,597
3063,3446
3061,541
2583,1180
4480,3141
4729,3931
1231,1242
2888,4522
44,511
670,1063
1792,107
3321,3924
1165,3595
1413,3631
642,335
4562,2904
1016,410
3819,424
3983,3002
3184,596
3063,4959
1886,180
1376,4180
3176,2668
1022,3911
3599,2989
2609,3811
554,4136
302,4507
4806,4372
3544,1913
3787,1843
709,4424
655,4794
3384,1041
4642,1152
2863,234
877,2393
1269,1563
625,861
3114,1489
1575,1001
3102,3793
3766,195
455,3269
1588,16
4011,4702
914,1822
3005,886
299,4429
4003,2127
3497,4502
3771,4516
481,171
1264,2970
23,415
2873,552
3601,2648
3951,4667
3309,282
1638,4456
1375,532
183,4238
883,293
706,1514
4609,4395
3075,1032
1880,655
1534,4746
4419,3691
4642,4451
4319,2560
4816,2792
4163,3626
1500,1889
2106,840
3328,3136
1933,1415
217,931
4240,3169
4179,4354
204,4620
4168,766
1113,2976
487,1061
2468,2063
345,4185
972,3794
4453,2328
198,1025
3311,2319
1074,4249
4945,4665
1915,2884
3287,3012
1579,3937
3089,1987
4492,453
4234,4893
907,1196
1122,2486
3136,3532
2125,3467
1124,453
749,2161
2318,3177
3267,4384
3745,4547
806,2126
1753,2011
320,255
3124,1287
708,2544
861,2500
3793,3685
1061,1340
2544,1848
1988,4257
3611,328
4899,3798
1399,2853
1802,2563
414,286
298,4162
1563,2873
3875,2961
3916,2776
1302,4317
4521,4452
3806,3553
3858,4342
372,4908
589,1870
2111,995
3125,2017
427,1696
2851,432
4544,417
1927,305
2502,2690
1436,2532
4967,3083
1528,4155
2700,924
687,1287
2089,4653
2328,941
163,3033
1814,324
278,1768
3566,527
2784,4560
252,4780
136,3341
3294,4347
3086,72
3166,1096
4524,2627
578,393
4805,32
4086,157
3730,2962
3187,2057
1665,4923
4013,2721
2267,3733
4584,973
4138,2094
1506,200
3584,2009
18,911
3544,715
4146,758
504,4699
4247,1794
2157,2549
3762,2827
1058,132
1173,3716
505,2074
3789,2723
869,4563
3702,1785
2670,1725
2326,1162
812,1780
3351,2138
1794,3477
581,1747
3920,1422
3967,4440
392,2161
4162,3956
3174,4354
3558,4574
359,3438
4768,1536
499,207
249,3237
184,2201
2034,2171
4625,2119
2850,3672
3320,3382
640,1197
676,3332
3826,3042
50,2714
1966,4603
2166,4636
363,1369
1045,1013
4129,1368
3641,716
2158,4386
4040,742
2171,798
4888,1281
4912,894
2884,3321
196,4260
858,4018
2208,655
3113,1725
4164,3620
2332,1129
2874,1149
4026,2320
3416,279
2520,1896
4966,1768
2805,1193
179,2189
1985,1081
4609,4118
3234,1405
2584,3387
2885,2263
4927,609
1059,2374
3278,2935
1829,3150
1373,2399
2392,4924
1824,1092
2062,4334
3228,1474
944,1534
1013,3380
2182,1927
1350,2688
1976,3540
821,541
3099,1656
2932,3440
3852,3485
4253,4396
2641,501
2759,4223
2778,2088
2714,4262
466,1141
2881,3663
4216,2735
1522,1965
444,3009
1367,4625
843,3663
3727,972
3709,2591
4741,438
4734,2812
1645,2403
4213,996
3429,3006
1349,2463
4904,4041
4871,1465
2184,1411
2219,2596
3224,852
1975,4599
619,4180
4220,2881
2408,1390
2560,1448
4913,4638
194,21
2884,3712
4334,3158
4320,4803
1450,4664
4366,2786
4447,1538
3814,4680
1790,1005
2130,3535
3356,119
1522,3260
1175,1333
2823,316
938,1325
465,980
535,2949
2533,4368
582,136
2443,671
2187,1230
939,3302
1235,3780
4951,3413
4245,4362
3475,2451
178,4965
2867,371
1654,3940
3403,3330
3377,4406
34,3953
2513,4355
3417,4392
4441,2823
2898,180
3234,3560
957,167
1116,2694
3722,4299
2082,3291
3021,2073
3349,3148
2495,1706
1217,3473
2753,13
1971,798
2041,3594
520,995
1520,144
4182,3164
1125,622
3630,1241
2946,84
3702,4964
388,4178
3652,129
1596,1250
3089,3721
2096,3498
2648,3950
448,1342
4828,894
214,75
3955,1503
1940,2436
1142,1075
2013,1439
4759,663
3199,3328
4104,668
4043,3226
2161,1148
2101,3029
579,2525
209,976
100,1526
1510,4422
60,4659
2860,2421
2866,30
3141,4595
304,4878
983,1240
3964,3913
429,4885
990,2652
4869,4716
3097,3427
2759,2276
2623,681
3275,2989
1906,2765
4043,994
4738,4657
3708,3963
2736,2522
3074,3032
4766,1671
2800,1297
4798,2009
331,3001
4800,1131
4530,3709
2306,3605
1862,761
3639,4585
559,1433
159,4962
733,4719
3259,60
1962,1200
1476,1786
2275,3430
432,4718
4792,745
920,2333
294,3324
4736,3315
913,3082
1267,1707
3134,1342
2106,121
4762,2714
4382,1457
390,772
4110,3070
1348,3690
1272,4940
3847,4336
2713,292
3713,3115
1781,1874
4495,3669
2318,1482
3521,570
4386,3624
1695,4553
1652,4542
1115,2967
3381,547
2617,3285
2972,3875
387,1658
1642,1961
3337,3504
556,1891
3942,1597
3844,2627
331,4723
4811,4056
1348,1677
1806,2172
456,3294
3098,4891
2330,4594
2926,4532
1303,1842
4642,4339
2328,3926
106,878
3650,4829
240,1579
2283,3371
4587,4656
4454,3060
630,4941
4741,1659
4872,1782
785,4472
643,1598
4384,1207
1263,3612
4562,3393
1777,4132
3013,1644
432,4283
4726,4637
607,2373
4381,4251
2391,2120
1961,4986
2097,2428
4002,2458
2192,3629
1504,2879
509,3453
3473,2911
3874,2739
2916,1307
180,3651
956,3416
4303,3314
1533,2651
1308,3346
749,456
3766,207
4529,1304
3116,3958
3073,3965
4346,4892
2518,2816
2674,3027
222,2163
44,384
1516,1198
2867,1801
1242,4787
4467,4039
50,233
1590,362
4950,1083
4720,3427
389,1590
2144,2068
243,409
1357,1437
766,986
2392,3617
3077,4811
4333,552
4619,2458
3655,57
421,4788
148,3562
981,2539
2805,4888
4531,3062
226,1626
3409,2057
2659,4542
4695,158
523,3496
1936,1003
3351,3907
57,4625
2563,491
1621,1154
3906,260
3955,4480
4916,1135
3334,1791
1672,388
2463,2812
1347,606
901,2363
3005,1341
1374,2034
4541,4829
351,2212
1212,281
157,1926
4570,2443
3835,864
634,1425
2861,1533
3754,358
322,4922
1833,3072
2601,2256
4511,4886
1657,2007
319,967
4258,4228
3135,2606
1195,1930
1848,868
2171,1587
2305,3397
2457,2572
30,2245
2151,2653
4584,2857
2589,1524
2660,3506
1711,417
2429,395
2998,2123
3629,3467
3982,2386
4476,4637
1578,1927
4321,4008
2133,349
2571,4788
3313,661
1033,2263
1065,2187
2293,2124
4468,1457
3004,4704
2709,2390
4746,1870
479,4827
4031,2988
1550,1968
3614,1783
1709,549
4469,4104
1441,4479
2060,4223
4503,305
4948,1603
1193,3732
4502,3641
175,133
2268,4957
3543,1837
303,1393
3151,4287
4074,665
599,3964
2625,4787
1739,3023
565,4181
3987,2643
3501,2195
2713,3013
516,3431
2569,4397
4373,222
1210,2211
1053,1890
2397,3902
4459,4331
1119,4388
4070,1827
94,4606
3504,1402
1371,1417
3727,2783
3380,3967
4688,2987
1441,2986
1896,2130
327,3445
2261,4021
4104,4437
1655,296
1035,3212
3705,3062
2359,2182
1255,1251
1124,4222
1244,3171
3196,3276
4302,2648
4453,3746
3597,210
354,3737
2933,4707
1923,1554
2576,657
4868,873
4983,2665
1932,4400
4026,477
2035,643
2598,2958
4420,311
1862,2448
4742,3154
2591,4443
1724,2746
3021,1987
3995,170
2044,3366
3443,4820
3478,1680
1582,296
3602,2238
3873,3392
3202,4907
1725,1836
3328,3318
881,3039
4798,4017
2053,1208
3274,1455
3094,4663
1482,3525
3876,3509
751,2232
680,2524
945,965
1074,2934
4968,1467
2685,839
3120,2238
3827,4670
2025,2440
1270,2829
1519,2832
3044,877
1091,4770
2341,1613
2346,1028
1774,486
4853,2210
136,1562
3180,4564
3530,957
4123,4006
577,307
670,2602
1392,3300
2410,3665
3134,2945
3584,1915
1257,2306
1259,2209
4995,1285
4318,865
10,964
3076,3616
351,3858
4895,2324
1239,2657
3495,2895
3774,1843
4062,4098
3352,3701
1381,2510
2445,3019
4482,1404
3220,3996
2029,2615
4668,1474
211,437
1075,1404
589,1232
3765,4213
1286,86
3184,1595
1251,830
4568,3490
2295,207
3028,4280
4717,3415
394,3166
1977,419
563,4150
3805,4103
2805,4648
4498,1952
974,2561
693,138
432,3363
1922,351
1888,4700
569,4832
3460,4633
4496,1152
522,782
1702,3648
802,892
2782,3218
4660,955
487,296
1696,4913
1291,976
1527,4074
4335,3193
3491,1071
3676,3086
1240,4451
4467,3946
3341,3978
2103,1658
207,4241
2741,3052
2779,2631
523,2268
925,4009
3398,87
1813,482
2385,2028
1827,881
1459,2294
2027,4540
4981,2128
3375,2468
3948,3275
593,4410
2374,2365
4339,2038
3182,2237
4883,4834
4192,4364
239,3397
1723,2754
2472,3362
1064,3801
1897,4184
1490,341
3293,932
4031,1263
4793,78
4729,4812
4936,714
3077,3070
4416,4942
1132,3790
3675,126
4638,1347
839,1959
4529,4411
2674,349
377,3053
3464,2381
827,375
4157,1718
1735,2135
4517,2828
877,3121
2187,972
461,524
2815,3064
1433,4100
1696,3091
1752,489
1428,22
2278,2651
3376,2661
3516,4675
410,2696
1907,1012
3076,1951
4319,2769
4885,3596
4927,1192
2156,53
766,395
151,2187
993,3605
3832,3585
2951,2518
3356,3119
646,4575
1258,445
4152,3409
4875,1731
550,1413
687,1340
4996,3320
4669,1514
3619,3862
2114,2138
2348,2109
741,1192
4532,3966
2440,4917
4508,3646
598,1212
2116,3389
4693,1755
2629,1700
1223,588
1245,974
3817,1638
3927,2637
2882,3673
2075,1185
1440,858
1969,2515
3326,2905
4578,1162
1195,508
4527,4466
1322,2322
3799,1507
963,4112
382,1219
1472,4396
2458,3860
3857,1748
2187,2046
602,1016
2713,4582
859,2437
2149,1593
1291,3006
350,1480
4233,2622
1635,2514
1594,3775
2003,896
3073,303
4886,2534
3578,4637
4560,4607
4027,3293
4792,4372
4315,1450
2846,1048
850,2494
3813,3358
1113,4323
3184,2756
2341,4545
2044,2466
4126,1047
4334,205
4304,2980
3617,4190
4463,912
103,1943
4312,3367
2141,3187
3928,2292
2397,1571
4260,3797
3612,2107
2063,3810
1362,4686
2578,4528
3309,4508
2473,599
1708,2571
1883,1851
3390,3554
468,3143
2136,4540
3214,4776
3021,4856
2309,564
3194,4626
3547,3084
1932,200
3752,3878
4273,176
77,1221
4534,1263
3019,4500
4924,2888
3477,4803
3331,4059
4249,2240
2270,4891
1643,3800
540,1266
4096,4038
449,1287
1334,1802
1519,4954
4628,2875
2163,1439
4121,714
4133,1147
1081,3532
4030,3937
316,672
116,748
2625,3386
2450,1747
1224,479
1082,920
2495,949
4301,3908
2295,35
2799,4999
4313,4487
196,1997
4681,546
2471,4551
1507,1527
2772,4586
38,4972
896,2606
811,1771
2186,4242
1703,1666
3168,4719
4117,2970
4174,3029
1970,4055
221,1501
1253,1274
2984,2636
2151,778
4769,2101
3288,972
1443,133
3827,3541
4462,670
4176,4074
3563,1086
1050,2179
3167,2940
2479,714
2488,3733
4222,3374
1891,878
4744,2377
1616,2461
1857,4822
2850,4808
260,4143
4483,459
1727,125
1318,1135
4541,901
918,1344
2004,3582
2208,1493
4630,1169
4059,854
1494,589
4293,2045
4356,3481
2277,4976
2785,2185
2714,758
2990,98
98,2842
2122,2183
4428,1611
1177,3719
3888,937
2590,4134
1058,1162
257,4269
1852,1718
2116,3637
4700,4009
2950,1648
4151,2803
803,830
4902,4718
1077,2790
997,4455
4519,903
2739,3021
4248,1104
2130,4880
1602,664
2529,2538
1954,643
4614,2947
3699,1410
1258,1972
4735,4073
1193,2754
1627,3476
3043,1246
2045,4755
446,2700
848,1185
484,3467
2518,4035
123,1885
1098,2932
1788,2255
1595,373
4813,1996
243,2256
1242,1524
369,3102
4345,2338
119,2431
4660,4631
4875,1764
2104,70
972,1542
4502,2523
3665,3303
3394,4244
1280,659
768,1961
2274,72
1602,4996
1547,2501
4330,1674
1969,1717
2339,2206
1482,2172
4059,3134
938,4896
153,1101
1131,1932
1843,3606
367,3286
1589,3808
3612,506
920,357
3952,1589
3533,3931
3619,275
1379,2113
4935,389
3746,4905
3725,1641
210,1374
3873,1898
4324,3911
4563,502
2430,3034
1909,3762
2629,2755
2015,3876
3598,4561
3989,2664
1382,2865
2266,3644
2726,2580
4100,1592
3980,1829
726,2646
1364,3141
4409,4147
4757,2493
963,2007
4108,1900
2032,888
2480,3016
941,4901
1797,2165
169,1790
3970,994
4963,3078
4745,4075
4975,4425
4270,424
1376,1201
196,2598
2918,1440
4685,4693
247,1535
3863,4435
3636,678
2456,4018
1944,3575
3470,2624
1405,4633
3337,3524
1552,4650
918,1022
184,2126
4787,4976
2562,4401
3313,2522
4594,3835
3324,325
699,334
3613,535
2179,2891
3423,4890
1416,479
292,2316
1677,458
4262,1741
2567,2453
1245,4581
629,350
924,1249
4614,3684
553,267
427,4207
3251,3924
1796,2909
3968,1315
54,453
875,3401
727,698
3516,3870
1566,1801
4595,906
11,811
2484,4995
2588,2581
3369,2671
1970,1157
4829,2975
2463,1380
2759,2544
331,2726
2998,1640
4606,765
924,457
1263,1494
1673,612
2564,456
3977,1100
4721,725
568,3069
3920,590
3631,4718
1043,3667
1517,2963
730,3479
2706,146
35,3193
2865,4390
1187,710
1445,4170
4954,2090
3719,1909
1821,2552
1269,1266
4210,4313
4129,2918
3153,3791
27,4907
2640,3313
4805,784
1760,4784
3725,4253
851,931
2956,3458
2552,862
625,3969
631,1617
4414,1663
4119,2201
3755,2045
971,886
1925,91
4836,3428
841,2494
1928,3612
2107,3951
532,499
221,4345
3223,24
3958,4896
4266,2430
5,1301
1905,3201
3489,1467
2862,1902
945,17
2894,161
835,3973
3831,4976
2839,2586
2931,4136
1726,67
1547,3553
3915,4802
4887,165
1013,1086
2161,1769
3978,1244
3916,1765
3528,4574
3779,974
1254,902
1814,3041
1833,3576
2740,669
23,3159
1709,2178
1109,4486
3821,4560
1873,3770
703,1953
3331,4371
2362,3695
3030,118
2662,2527
98,2547
4684,1365
850,1296
4915,4053
3668,2955
3978,1628
3214,906
2315,1539
2510,3913
1439,2708
1674,3479
2730,783
1115,2150
4387,461
4500,2754
3148,4695
1682,3950
372,4115
3100,2115
3013,2285
3291,2183
3721,3989
2238,248
1707,3329
3333,1551
4967,4827
667,1897
464,92
1567,4636
3802,4944
3353,1679
3630,4141
2583,3470
332,1541
2421,1175
4050,4004
528,1608
1857,4215
1999,3997
2691,2584
4216,2282
3828,2558
1143,2962
3256,4758
4023,2498
4550,37
1728,2833
70,4823
958,4847
1746,2043
1941,1138
3053,1276
1849,979
3740,1847
2367,3317
3663,2926
1205,4602
2873,4135
1802,1627
2372,577
1221,2766
3532,4690
39,510
3333,3374
158,1248
2473,613
3258,4331
1563,3430
3740,1564
1559,1191
4084,2655
2519,4797
757,2970
4963,4831
217,1611
1485,4492
420,4980
3788,3936
121,2739
3263,1170
2062,4992
1636,4675
1567,2557
2302,2479
1890,3079
250,3134
713,3897
1688,3795
1173,3488
2716,4894
3049,4018
970,2674
1303,4361
443,4153
1779,2302
2102,4206
4740,1135
3437,1159
4186,170
1148,4758
981,1191
351,3848
2539,926
3195,1147
4235,1647
2701,238
418,1386
892,4219
1786,1037
2039,1242
1780,2986
365,262
4277,1511
1924,936
3369,3432
447,4843
3272,3941
847,1529
2444,2555
2118,2930
1777,2275
1803,4684
1824,2585
1289,4202
2931,1660
1908,989
3959,4482
1055,3255
1691,2392
3304,1598
4305,3603
1528,518
3627,3094
1934,3420
3812,134
3002,4002
2791,681
4414,1781
234,1547
3983,4582
1734,2752
2060,1782
6,2716
4399,631
4426,4791
1670,3962
4046,4930
3431,515
711,1536
1540,1187
2331,4859
3244,606
336,1191
3821,3687
1687,128
2289,3689
2162,3877
1792,481
4526,3981
2328,3383
991,373
4943,2644
3465,3359
1609,428
3150,1162
4459,3849
2034,3351
2660,4998
2069,3810
1258,4988
1835,3995
1146,3186
534,2309
959,2647
4426,998
2308,4985
440,4965
3408,1181
4065,1786
2794,3644
3768,919
1607,365
2786,4550
4039,3905
3610,3398
1395,1028
3131,2774
3873,4002
849,2549
4575,3706
1895,499
3133,1231
1915,370
2227,2514
886,4197
4888,975
3425,3962
1374,3496
4799,419
783,2259
1368,3486
3482,4604
2907,1192
1982,78
1419,364
3741,1009
632,4584
390,1880
4156,2151
4073,3240
2981,4703
1529,3024
206,4208
437,3713
4073,4732
4235,2820
4729,4219
4349,1467
2655,4744
3155,1693
597,3885
3959,3604
2944,764
358,4830
2474,94
1075,1552
2382,4249
577,665
2829,1595
1245,2754
4938,4882
1863,4126
3029,703
1628,2884
2607,4385
1849,3264
3119,1423
3081,851
1821,1781
520,866
437,1955
4893,490
2641,717
3117,3362
3065,3063
2621,2931
1831,3311
2187,2545
2357,4325
3719,4776
2200,59
2624,3028
2747,1587
2709,2765
1632,339
3367,326
1504,3529
3253,4828
127,4307
2302,586
3572,2462
4195,1476
4599,4209
409,977
4825,2557
1129,2138
4327,2608
3698,1182
3317,3159
2239,1839
578,3183
3684,2259
4997,2757
712,4754
395,1313
2093,2599
1034,233
842,2226
1272,2334
2603,2839
431,1378
3523,1601
3876,4013
714,3614
4175,3727
1968,2347
4322,814
65,3341
3156,1125
2642,2902
1041,2089
1904,1765
2186,2684
175,2510
2847,4584
3254,1560
4708,1205
2072,1061
2815,2364
2660,684
3978,468
3549,902
2847,3238
2495,2273
1769,3777
971,4616
2268,3547
446,3783
2529,1327
2805,4579
4177,4091
4035,2901
2244,3910
3966,3806
891,2301
2042,1304
3519,4707
3819,2898
1998,4311
1162,1719
4110,811
4000,1178
2392,4232
2203,2063
1734,3719
517,482
296,4995
4109,4020
694,2266
1743,3439
580,841
1685,4571
683,459
3737,2162
634,1902
3340,1862
2150,3314
109,1896
4493,3311
4757,2373
2616,3150
627,1310
308,998
4247,4266
3456,1751
983,756
2449,461
386,3350
1845,203
958,2675
826,966
4150,2224
40,4476
50,3328
2140,4737
1713,3034
2714,3941
3803,3894
1478,3069
1329,3425
1827,2781
4526,1300
258,913
63,786
235,2848
853,2294
3517,4166
1822,253
2845,1616
2816,3002
4031,4324
679,552
3560,4290
4566,18
256,2725
3784,100
3591,3606
940,4778
2026,2221
2923,2294
869,4090
290,1213
9,3443
2698,2319
1365,2088
2861,3471
2588,2352
1703,3935
1511,4837
639,4655
4597,4557
4336,4688
3054,3017
4540,948
1970,2210
716,2693
3927,3192
2990,2215
3333,2482
1613,4358
2991,727
300,2327
1351,2843
1338,4879
4844,741
2045,1232
3319,2486
4676,4794
2807,933
4452,2948
3789,2145
4253,4077
1704,1563
771,110
3096,1503
3452,2460
1593,2662
2988,4477
2896,4693
2049,1161
3651,3078
4462,3372
3288,2725
1430,2226
502,2909
1548,942
578,2261
3060,4456
2688,4294
3828,3137
51,2170
3888,4750
4990,1898
2670,2189
125,1217
1529,503
4789,50
4586,4263
151,651
3315,621
1590,3610
2655,2458
327,3277
4909,212
464,730
1289,4149
4639,3625
4713,4490
2151,1573
2181,1536
4944,1734
2567,1725
4027,4343
1438,2539
3662,4733
737,2847
2170,4063
1556,1330
4443,4463
4293,2003
678,2950
690,4437
2543,493
1375,385
4900,4937
767,3152
4340,4483
3904,1449
1674,4202
4269,762
3110,2019
122,3110
3663,3222
3681,1185
573,3180
2684,358
55,618
1537,1701
417,4897
1305,1390
3238,708
3899,531
1298,3406
617,4649
4090,2112
4580,4962
4870,123
4913,2275
1174,4261
2717,957
58,3329
4124,2950
3067,3462
2863,2490
492,3692
2634,544
4093,1994
1752,3154
376,4617
679,1496
3543,1951
111,3951
548,1630
3184,1212
1003,2479
2800,4980
382,2010
434,4637
4177,1905
1098,3073
3306,221
1980,3262
4137,3708
3160,319
3509,4063
3447,834
1604,357
2468,2917
3690,479
716,982
1535,4879
4159,2746
134,3170
4766,3130
4117,2587
3520,3557
1952,2266
1982,987
510,865
527,1757
3487,3650
2341,704
628,1568
4001,401
3667,2854
2242,4857
4606,1916
3182,1567
3331,1292
1796,1998
369,881
1014,2201
4047,171
310,2847
2638,3488
541,3987
1142,839
4563,579
1750,74
1090,3097
4821,4579
1248,4088
4445,4164
4421,3844
2373,2368
1416,1097
2820,3531
1303,4845
1165,3611
3470,3143
3430,4758
688,1545
700,1662
1500,3967
4164,314
122,4659
4484,2244
478,1476
696,4211
3271,4129
2220,1665
1254,2809
2095,3234
1467,4125
461,3168
4060,2127
2796,444
2617,2497
1895,4311
1104,731
1975,885
1201,3218
1308,2645
16,2973
4,4925
1099,4819
1534,962
2258,94
2629,4879
3270,4632
462,1608
2737,222
1231,4358
1511,3249
4036,2777
694,4986
2930,658
4269,1524
1123,2470
2877,241
3113,4916
4763,488
2387,3297
1641,2217
4105,2411
4378,437
3373,1602
1738,1488
269,1388
4234,4828
2728,567
2406,3903
2544,1097
1725,4090
674,1557
3215,1286
864,2083
1259,724
3606,1703
1557,2942
3443,843
3613,1261
1249,1205
2738,194
4953,1696
3728,3770
2842,1269
4339,70
4893,29
1424,1504
1812,3007
3814,810
3333,2770
2581,2755
2792,4107
1742,3519
395,3286
4318,3195
420,4409
1016,4493
4093,3987
3349,227
4040,975
4227,3731
268,2592
1609,3114
1275,997
4223,2591
1080,4991
4230,4841
2581,3143
4180,1614
3875,3674
729,2578
332,4022
1654,3670
4329,4438
446,2243
2297,3739
4115,2212
1017,842
1754,3642
1913,4046
4887,4536
4044,1879
1199,1680
4125,2526
975,2549
3289,1265
1853,3365
1777,2755
3517,1436
1256,2048
2276,219
3695,992
2222,4318
1332,4254
3568,1564
716,4096
4855,1597
4605,4882
1419,4483
2900,3486
2486,4636
4706,4405
2328,4735
2113,4773
4089,101
2884,1242
4171,2302
431,1541
2657,3518
1679,1187
2354,3396
3305,1747
3157,68
4207,3347
4935,201
2781,4720
2548,2928
818,2775
1626,2810
708,4827
4121,2290
437,3240
4951,2781
1056,1575
622,4959
2101,1673
2758,2204
358,2480
4587,426
2821,1566
3811,4816
1629,3780
854,1338
2546,1047
4211,4265
2001,2010
4394,2082
2318,1819
4398,4542
1601,3049
2552,1368
2174,1183
3486,2006
3551,936
1456,4335
4772,1280
109,3325
208,2970
806,4998
1314,1018
3278,1524
3227,1487
1402,2032
111,2922
4653,2266
2822,4896
1211,2442
2757,940
3763,4153
4428,2521
1752,4995
3395,4355
435,549
3279,179
1252,4828
4713,1746
3062,3806
4110,1665
4520,2015
2306,1275
509,3455
3606,1719
4126,4368
1392,2045
3907,566
3121,4034
3342,4263
2191,20
2307,2144
2288,3127
957,1939
3593,4781
2116,3394
2405,4420
1693,4428
4278,2209
1257,2897
1288,3622
90,2073
1914,158
4032,1622
377,4272
810,4259
1308,2487
4186,297
4102,2877
659,2054
4041,3267
1053,464
4848,1974
3604,1804
4944,3970
4570,2505
2417,2134
325,4315
4647,1961
253,60
2783,2067
428,1523
684,1105
870,4300
164,4631
4366,4468
4977,4654
2528,684
3407,4857
4752,2535
3888,3197
205,1516
1361,2361
1750,3186
1960,1632
3658,1787
3804,1266
2292,1089
4602,3309
3794,1631
482,2509
4832,3431
371,2566
154,160
3195,4535
4749,2919
297,806
4498,656
1624,2811
4018,2787
4377,3752
175,785
2324,1685
3325,4222
992,1021
21,2394
4517,2668
1617,216
3321,4854
3035,4923
1061,4851
393,2263
3749,4955
3889,4610
3852,612
1438,3351
158,588
722,1934
2447,448
3216,2377
1598,1448
36,2870
1869,469
1073,4976
181,1424
962,265
1796,2914
2289,1082
4454,1563
3283,1311
3631,2043
1220,272
2014,4100
1303,3174
4075,1454
3151,652
1835,2721
4735,3956
2077,2291
2977,2495
2112,613
3354,2596
4369,3608
1728,4213
1875,3151
3917,4703
2698,2896
2566,4150
4127,2041
454,3391
1749,3057
1954,1553
3855,3217
3740,3797
4585,3382
3846,3450
1763,3331
2856,4913
3411,37
3965,759
4854,2489
1255,862
3932,3474
4335,4727
855,764
4332,3597
153,4786
958,4788
204,4480
4258,3014
2460,367
4362,151
35,2489
2950,2519
2385,989
1910,1727
603,3096
1577,4252
2304,2875
4577,4604
1999,1191
2150,1139
3558,980
4208,2878
1940,4018
2377,1548
1337,3327
4741,560
3043,4810
875,482
571,744
958,2862
4765,3386
1074,1233
821,1960
1968,344
4919,2128
4854,3206
2388,2600
3127,4989
2639,3300
1069,2945
2673,1057
2678,1149
3662,2604
4816,1235
1007,3562
4934,42
3649,269
2665,2208
4508,4128
134,4242
227,4407
2790,4124
2367,2468
4022,4673
2055,3368
2681,40
3300,788
4083,4283
1639,1134
329,4087
2230,3648
1149,3968
4145,2884
2872,2571
314,4093
2927,2227
1599,1037
1855,2471
4925,3154
2576,2075
526,3144
4930,2212
790,2584
3249,1913
1265,1271
4464,149
4664,631
4041,2816
4587,4612
4946,760
1674,2793
3257,376
4419,1455
1674,875
2686,4325
3379,4888
992,1712
623,2385
2408,3126
4661,3261
1510,2210
215,768
1253,1800
1469,2435
4965,218
3088,2040
4230,1737
1628,2762
3254,4702
730,1579
223,1023
389,1669
3610,3921
881,453
928,276
4567,1670
1736,3238
1688,30
3280,4594
4009,944
1998,4796
4537,4696
4685,263
2418,2848
2396,2607
4376,1275
396,794
4207,356
3613,3461
3730,3929
1740,4795
1461,4291
4247,3943
4884,3461
467,426
3938,3687
2323,1132
1166,4140
3660,3437
673,66
3653,4356
818,2086
2911,2292
3793,1783
2430,604
3107,726
2977,3414
4943,1297
458,2181
979,4546
1338,4331
2917,3809
3484,4946
2083,2972
1353,382
245,17
1747,4944
1098,4748
4036,2984
1881,1488
4065,1776
4220,4546
1144,3467
623,248
1199,4704
31,2741
625,1140
3105,3600
2391,3814
4325,221
421,1419
1999,4233
4726,164
2437,1098
2349,3532
1669,456
4175,3078
2705,2759
1765,245
3444,2568
3136,1221
2604,581
1660,4305
2963,472
1602,4046
4383,4296
4736,1000
1678,3903
378,2301
3734,4193
477,4196
4528,1508
4746,3308
1442,3808
3524,3755
2634,1023
3538,3088
394,4008
149,3695
766,4806
1392,1399
1437,2108
362,3074
2695,2714
730,1165
2843,3567
2574,2720
706,4803
1705,4055
4222,1759
1948,4038
1865,3509
3597,4118
3175,1159
315,918
4018,4604
2099,1237
3654,2237
2806,2210
4748,4050
362,4815
4967,3496
4206,1263
4442,1729
2340,1341
2688,4724
4709,2756
3743,4383
3874,83
3314,286
4772,233
1640,4846
511,293
2424,2248
3954,4303
4979,2912
3848,4331
1499,4635
3117,2161
4818,95
2822,4647
1886,2336
4493,4124
4844,4522
1006,2367
1923,4217
764,3210
2541,4403
3125,4810
479,1787
93,56
415,1078
2820,2148
2942,1376
2473,2906
2000,207
1069,4458
3801,2304
3452,3148
1187,1709
3668,1724
859,135
3330,4162
2536,1853
4944,3385
4733,2849
3969,1482
2346,2522
4715,2996
1718,4220
3881,2100
1361,2777
4688,7
2030,4684
567,1223
14,630
1825,186
1943,269
1037,1351
4,3185
347,134
2927,2896
188,2365
4538,4372
214,2073
2448,2614
1523,3193
4807,2883
4949,1878
1699,4258
293,576
1565,3508
4007,4492
4047,1017
2665,4732
2769,1700
3088,2927
1155,3120
1835,2077
4134,2035
2297,2922
2933,2103
2116,878
4950,4325
2931,3697
27,236
4865,4482
1133,1516
3269,626
2435,3347
3400,3497
1186,2743
138,598
1407,1926
525,1067
4963,1061
1315,3015
1368,3509
3633,1455
4128,314
2525,1185
4665,4994
645,2074
2943,4216
368,3903
869,1440
3761,3854
2131,3506
3704,3633
6,3519
4691,278
1913,650
677,133
4899,230
3692,3798
4050,4167
1625,3755
3351,1719
2858,3189
2243,1538
3536,2333
3671,6
1476,1655
1453,1035
1731,1919
1535,4431
4845,495
2111,1563
4886,150
2341,4225
2650,2916
2751,2105
735,3418
2323,4514
1474,4022
1130,954
4056,1171
2866,1649
4834,3596
2885,2440
325,2901
1435,4319
367,4586
4057,925
2097,1995
1508,3900
706,2841
3856,4022
1464,1979
4717,1693
4047,4598
2986,2196
508,3867
1999,398
4078,2046
860,3448
1188,2679
2634,864
835,2433
1826,2684
4193,1666
3563,2753
3634,3755
648,2259
216,4888
1392,2976
4287,2876
3826,39
4931,4006
3916,2018
3264,2594
4948,1529
816,4084
1685,3723
4788,374
4471,3577
2272,1923
4669,4216
2289,126
316,1381
1285,2282
1564,1133
4577,4266
3135,846
2536,4402
713,233
3309,4742
1621,152
2046,4947
2468,1660
4524,2811
2671,4117
4663,4715
367,4903
3184,4658
1717,4770
1777,580
221,2938
1292,2493
1423,3252
1178,1328
2327,1955
4054,1370
149,2822
395,4963
444,2053
3890,559
3219,968
3414,4847
3085,614
504,1010
3587,1578
4291,4805
4943,1002
469,3222
3940,2477
343,3361
3849,3515
4239,1436
1934,3354
4591,244
620,3891
4651,3336
2905,3824
1028,1479
126,1262
202,3930
2153,136
1206,3910
4357,164
245,4746
2465,100
3168,1179
1806,146
1974,3113
1198,1428
1966,1369
4893,373
4307,2264
40,169
241,730
4803,1867
249,170
3780,2450
3469,4766
3613,666
3697,1357
1083,3095
4012,746
3460,2435
4885,224
44,4924
815,3045
546,2428
4857,2761
3302,353
1980,4762
2558,4635
4764,2347
4727,2321
1463,4539
2253,3972
1543,4835
4282,2864
2049,3354
2258,4038
1633,4142
1642,2217
2831,4171
3355,2487
1955,3546
3904,4385
3825,386
3536,1077
1204,225
2811,241
2551,1970
4437,4260
1109,2644
2261,558
3121,4690
150,691
434,3415
1540,319
3932,4513
4546,455
1031,2693
1083,2851
3200,4086
2384,696
4247,4510
4593,1863
2463,1192
107,1616
2895,4808
771,832
1577,4415
1560,3333
1272,1267
460,3652
2918,3257
4701,4094
2233,3134
2993,3293
3610,4195
2769,2907
619,166
575,2980
261,974
2126,3431
3155,1617
809,2769
4222,194
1796,2618
3609,3162
711,4553
3559,3378
4370,4400
3204,3541
1472,412
360,4471
766,4828
1408,4685
883,4100
1444,1420
1733,2069
4379,2982
3311,972
2060,3684
988,2304
3913,1877
789,4196
2545,2891
3493,559
2952,3247
1811,97
1895,4436
3166,3342
623,4852
3213,3099
3224,4905
4953,494
67,1107
2009,230
3964,2786
4877,837
2527,2387
1567,4669
4019,2474
462,1785
3665,1630
417,3584
4305,3844
3831,3852
777,4232
261,1118
2113,2839
3646,423
4048,2862
2049,4384
3478,439
641,4102
3556,2922
491,1946
3517,3571
3678,2326
1665,4062
4704,382
33,3963
2581,1658
2955,1375
1318,229
266,3707
983,372
2581,2688
2458,4682
3934,3717
4754,2719
4724,4440
2846,4918
4768,126
3776,181
802,4568
1628,2350
931,855
2983,1620
4331,3324
207,93
3065,1306
1462,4425
1386,207
2311,559
992,3337
1281,2285
3197,2223
769,603
8,1909
3398,3928
1974,2946
2066,2062
1027,3114
4752,3144
2597,1409
868,167
1493,4797
4349,4245
3866,1946
2589,643
4201,4195
193,1734
3298,4802
1489,4168
2139,4823
3188,1213
3230,451
3858,1574
2365,1838
3736,159
2498,4556
2101,2649
3559,1418
2315,3915
5000,3492
3859,2178
1020,3199
4706,4674
2381,4304
994,2091
496,1351
3713,781
3675,3562
889,197
2246,3194
2374,2994
4386,4016
4114,917
3569,1881
694,3845
873,2757
4744,1546
1874,1853
3151,4157
2622,3381
4782,2416
1458,4566
4445,7
3469,4180
2539,49
2813,2808
4828,3961
3125,2588
514,3974
1759,861
4535,1666
1217,2965
1272,2588
4510,3673
1705,2094
3367,1913
2475,671
4198,2973
1021,4242
4734,3866
1443,3860
4926,3710
4805,2275
4765,4483
768,3208
2881,1267
4905,602
2158,1967
1790,1323
25,1518
1178,1920
2485,3742
192,4045
2077,559
4928,1268
2998,2442
4217,4602
518,737
1839,2151
228,1145
3945,2320
2511,1488
1310,1680
574,22
468,1365
1152,1490
415,1500
4099,4529
1157,3752
4668,4865
589,1750
3525,2592
4258,2337
2692,477
3383,3953
3858,3481
3137,1805
277,1444
151,76
4246,4785
3946,4842
4745,1189
4160,3777
1348,3574
195,621
1501,3534
4774,2795
3932,3668
4996,2501
3086,1154
1417,3046
4441,1621
3306,643
4025,2026
4574,2848
4196,1554
958,2095
990,3738
1055,342
4472,1033
2104,2665
3621,1184
3621,2395
3508,1791
3822,2517
855,869
1963,550
1323,2797
1383,2136
1215,4936
2244,3700
3600,827
1553,76
3407,2580
724,3354
2586,3073
1650,2226
2974,3561
763,2033
1189,3885
3120,4291
2802,2664
4340,3881
4484,1753
3474,1897
4464,3251
178,1425
3768,2297
1668,3239
575,799
4913,752
756,3567
740,3640
487,1832
4762,4531
1602,3713
4343,2885
3556,965
2851,4360
2449,2263
1544,1287
2615,1169
1963,724
1772,4738
1416,2297
1783,4572
4917,4972
753,3012
3418,4995
4663,3098
4858,4718
2220,3424
4288,935
2444,700
2779,1164
2117,4552
1161,4949
3539,501
4117,1601
4412,2389
3609,2384
3282,3666
646,4019
3096,1515
875,1148
2741,3918
4223,1818
3802,2959
2925,409
4728,4127
4072,1581
3321,1216
2212,3355
2946,4738
1917,461
179,2873
187,1722
1841,325
4053,3752
592,4327
3352,4534
536,4060
4105,3157
2227,4351
4415,357
2347,3117
1760,356
1819,2690
1253,2719
2312,1250
2078,4384
3672,4229
2984,4065
233,3678
1733,2081
3426,167
3913,3976
3321,3641
690,4761
3878,4828
2306,3513
3481,4053
2772,3358
1905,2756
2704,668
1111,4613
2237,4527
1318,192
3239,1196
3263,3037
3459,1781
2602,4085
1824,3106
1853,1965
556,495
799,554
3305,477
1250,313
4619,1035
4704,2469
593,300
2643,3253
1810,4908
1273,3074
544,1748
1199,3060
271,3681
4883,3722
3823,4294
2264,478
4031,4821
35,2363
4571,3816
4009,4381
4755,4490
3909,242
1368,288
3802,617
701,870
111,328
1478,3681
4781,2489
1608,3445
147,2875
2883,2017
3524,3927
3320,4622
3268,269
3117,1552
1351,4881
1557,120
49,3455
4848,235
3887,2615
3056,4005
2749,890
3310,1723
4682,421
4630,1341
3089,3737
793,4697
1763,3553
4128,4761
4179,4823
546,41
4527,3766
2791,1802
29,3643
3163,3662
4091,430
1931,669
4069,4283
3418,631
297,4126
1302,3793
3198,3949
348,4257
4324,1088
1911,2554
4181,1193
2581,4580
4612,4483
366,3639
4355,4608
1701,4363
1626,3878
478,2750
978,3220
2367,1128
2282,2004
3595,657
3200,2414
3272,4812
3526,2993
2228,855
1519,3173
4678,1982
2905,1957
1710,1737
4394,1066
1422,4138
1041,1469
4926,2817
1106,616
797,1262
510,835
3508,4430
2595,916
1613,4639
2706,2583
2462,2748
4615,2390
2909,2799
4862,1890
2385,3111
4086,3497
1290,4260
4169,4820
1435,1249
3645,3736
518,3984
3110,4066
4206,4053
2899,500
3861,1800
4910,2880
940,4731
29,104
3733,4109
3851,3815
3674,2950
4196,461
3466,4205
4415,1825
2177,2059
2816,4578
1143,3793
3630,757
4600,584
2313,4034
3849,4344
3952,877
2441,2207
1301,4399
4534,17
4911,2661
8,4947
3198,558
1399,1428
2065,825
2913,4279
3490,2433
4568,3447
4397,4055
4984,1398
3642,615
1233,4880
1569,1205
1327,2867
3398,2865
709,4772
2925,1191
4836,1951
346,3923
1336,922
3826,4161
2879,2700
3950,128
4304,569
4600,3971
4837,2371
83,2625
1612,903
4299,3062
3481,2889
4393,2178
117,977
4583,4036
172,4844
51,4612
1144,3451
4042,2587
2470,1775
4656,3370
2897,4548
2796,4152
3603,2369
2493,764
2667,952
3048,3751
34,4422
2693,1582
493,1686
2926,4149
1637,2008
139,4592
1047,1918
976,1081
956,3377
376,4507
4642,276
709,1332
4334,1393
2000,474
1615,4961
461,1040
4451,1976
2754,1606
1208,4978
4153,1229
4417,2742
2400,996
2968,4935
2148,830
615,4450
427,2735
3292,3312
4181,3275
757,4789
2193,3718
642,3194
247,1794
4467,1906
1019,3471
2097,4075
1280,1052
3464,4242
477,1245
163,3918
2759,3954
4664,376
421,2318
1009,4301
3168,4055
2669,2186
751,1572
1738,2174
4001,1482
1938,788
3316,1960
4113,3685
897,3288
1247,2539
4487,693
2507,2905
4249,4733
2418,775
1366,372
2648,3455
4661,1427
655,1283
3312,1632
2568,1353
2782,3393
616,3585
1393,3872
4031,815
2899,3742
842,352
1002,965
4150,2261
2401,144
2881,180
2456,1522
3296,2003
3347,1278
4933,4709
713,602
4091,2206
1772,4872
3717,2061
576,3734
3608,2354
3499,1173
2943,3289
74,1841
610,4924
2390,2884
4019,3288
803,1589
783,2537
3599,3306
1962,3548
3002,320
4521,4148
1912,1341
3999,839
973,4915
1024,3460
4880,2193
4371,866
975,4
1232,348
4925,4806
1187,2504
578,3498
1692,2879
990,410
1539,3554
4139,4419
2388,3049
3890,2163
40,3986
4752,4100
2376,2938
3563,4652
2599,1843
2923,581
1979,4393
3493,2963
502,2620
3601,1993
1352,1864
3966,3816
1424,4308
1307,94
3586,2910
991,3604
4640,2124
1149,4412
3614,1005
1346,1868
4751,3447
4992,353
788,2968
2367,3293
1979,4827
3385,3919
3173,69
1103,4892
2839,1670
3573,1223
2915,769
1173,1024
2343,2890
2148,4337
1687,3647
3933,3889
2511,1477
3284,3744
11,553
2155,1087
3892,3277
1062,1123
686,4493
1436,1191
3751,1826
1706,4941
902,1997
4917,1538
392,2864
1148,1874
3143,1504
2456,2089
4987,1082
4980,1891
2022,4413
1620,1504
2925,1711
4604,4735
3801,4168
2418,3940
4341,1241
1505,2531
925,1106
798,609
3795,3005
4179,2434
3585,587
1534,1235
4886,3811
2362,3997
3458,3406
834,2322
4444,4426
817,1308
40,1856
3508,2594
342,3564
2830,4457
1477,894
1566,2999
1725,922
1511,2445
1294,3862
4438,455
972,3940
4261,3893
1176,3442
3553,118
2825,3705
3789,3378
1763,3822
4182,1868
3555,4264
121,4378
3434,100
1142,742
3614,4795
2289,2787
1444,2507
4321,2207
1757,174
2579,1594
3615,2700
4239,1361
2237,1213
3422,1021
2524,830
954,3984
838,791
2076,958
2264,4172
3456,1887
4580,2077
346,4214
4566,2975
2818,2562
3621,2547
4578,1035
3128,2679
3557,3429
2402,1103
4203,2152
3446,2176
3158,4367
1086,2665
3758,4173
196,3547
1944,4007
2583,2469
694,1049
3523,1662
4268,3229
4623,4706
213,2442
3738,970
208,3846
1604,3273
2672,1782
3924,2232
3410,1722
1712,4772
2219,7
3700,3201
3871,995
441,4102
1894,2534
1751,3928
4238,321
2509,1652
546,147
4027,1189
2493,648
2525,3912
2515,330
1518,1792
1855,164
2628,3055
2961,2989
471,3134
13,4051
2782,3914
3915,4873
266,3738
4715,3506
3347,3562
1911,4193
1562,1676
791,628
4290,86
1322,3092
2224,4112
1614,3562
2154,4267
4015,811
53,1147
468,2878
3397,4157
2243,3387
2980,2705
393,3887
4522,3752
3990,3928
2790,1497
1670,3289
4314,339
2106,160
3709,115
4915,4485
2815,671
1069,539
258,3990
797,2232
4880,696
2505,3889
1557,1
2113,4121
2728,2202
4796,4124
2896,2127
4052,8
2407,1387
4336,2682
1910,889
1584,236
1385,879
3612,1368
3416,4447
210,1848
1461,2411
3250,4426
2977,4096
342,3378
799,2833
3967,360
2510,1797
2032,1394
3152,2406
1018,4541
328,1277
947,4180
2588,1029
1503,2760
2859,3669
1075,360
2154,3408
1235,4346
2970,674
888,338
4832,4185
1802,1912
3329,1662
145,3457
1260,3964
2163,1247
4386,1162
4139,4808
2888,3425
917,1538
1493,4529
4252,1935
13,4162
4077,3432
1757,3345
1146,4844
1053,577
1484,2826
4065,4954
3185,438
4104,4646
3289,2650
4239,1504
3958,2993
2425,4294
2749,3072
4241,629
3205,3422
2413,3052
958,3028
2888,2623
844,2063
722,1669
4915,996
1299,3981
3963,1705
2651,1572
1437,2068
2670,3568
3511,3029
941,2796
3077,664
4812,2665
4673,4017
4890,190
2602,4965
1077,2207
843,4590
1336,4285
834,3551
585,1474
2416,2949
397,2528
1366,4341
2387,3004
894,4514
3844,1428
2763,828
3057,2526
2582,2382
243,3796
3945,2012
3645,2817
3829,3763
117,1366
2583,3252
4659,1203
567,2404
4346,2246
4759,3523
3107,3632
1055,1755
1550,3113
733,3766
4742,749
3703,691
4457,4216
2026,4167
2495,4806
4867,2834
3680,4190
2787,2308
2605,3929
4606,1046
4634,3678
2768,2857
3279,319
557,21
463,4766
2003,1599
3141,2431
595,1462
2398,1859
475,2428
4993,287
1105,2087
3090,2571
843,388
2268,2220
4194,3167
2855,401
3087,1066
369,289
4615,4252
2167,1382
3255,2227
4474,3298
4961,3394
4215,4446
880,3374
4881,554
1418,4217
824,850
4238,3247
701,3921
4382,4794
3614,1612
3354,2129
613,1057
2226,4527
4944,4202
3609,4032
4556,1952
3778,2034
4185,4570
4895,2081
2791,966
2373,1060
2451,3997
165,3313
2296,2441
3279,661
2166,4440
1456,1758
289,1988
4090,1002
2723,860
770,576
3986,4760
1811,4827
1294,301
3226,2974
2433,3383
4210,3393
2090,100
896,494
3107,3180
1960,4680
3262,2131
4950,2209
2212,2591
3269,2856
4872,547
2644,742
1155,3723
966,750
4542,3414
2815,612
2505,884
2390,2574
1998,411
4094,308
2864,3317
3550,87
4316,3260
3883,2408
4429,529
2754,935
2549,1911
3443,840
1886,1338
2502,2736
4446,2281
4585,3128
1702,1162
102,630
3871,3488
1980,4060
3897,3395
2444,3022
2262,2548
4073,313
1320,1462
330,4012
4386,3020
2594,1919
2477,809
239,1780
1083,1257
3168,3636
4154,349
3327,787
646,4457
588,2312
4996,1862
1876,3051
1548,3967
2657,4463
2483,2036
2006,1029
273,1023
3343,3043
333,3199
1524,2215
522,1551
2656,1593
3246,2145
3127,1626
2221,4563
1961,2612
1940,3507
1653,4287
3475,4533
452,4757
2317,4935
678,2685
4007,4858
3800,4755
2900,2030
569,1625
3245,1318
4924,4346
2142,4454
983,699
4298,3520
3152,1988
3212,3635
2073,1125
2094,2390
3116,3545
2006,2648
957,3614
2662,4396
4961,1387
1779,2241
3757,625
4796,4046
973,593
1758,31
3143,755
4931,2131
197,1747
2604,4279
2458,448
4390,1284
100,677
4320,1269
3272,95
2366,3187
334,1162
635,3875
4486,4864
1365,3574
1868,938
4295,2875
3455,1519
4426,3732
3575,4656
4189,85
4520,3953
2211,788
358,3374
4910,3877
2868,2
4386,4621
4797,2858
4160,2193
2553,523
570,1196
3131,897
4235,4878
2459,4795
159,3717
3413,1882
4390,2832
434,1465
3930,63
4304,1415
2805,1372
1598,784
3305,71
3153,2801
4978,2536
2742,2862
2993,1348
